time  x      y      z      groundspeedxy  groundspeedxz  groundspeedxyz  trackanglexy  trackanglexz  trackanglexyz  airspeedxy  airspeedxz  airspeedxyz  courseanglexy  courseanglexz  courseanglexyz  driftanglexy  driftanglexz  driftanglexyz  
0.00  -1.021 0.252  -0.264 
0.03  -1.017 0.260  -0.293 0.29           0.88           0.92            64.03         81.80         82.13          0.46        0.95        0.99         34.53          66.72          67.58           29.51         15.08         14.55          
0.07  -1.011 0.264  -0.312 0.21           0.59           0.60            30.23         72.27         72.55          0.44        0.71        0.71         13.67          52.55          53.02           16.56         19.72         19.53          
0.10  -1.005 0.266  -0.333 0.19           0.67           0.67            16.02         74.56         74.60          0.43        0.78        0.78         6.83           56.48          56.57           9.19          18.07         18.04          
0.13  -1.000 0.287  -0.349 0.65           0.50           0.80            77.06         73.17         79.63          0.74        0.62        0.88         57.91          50.45          63.46           19.15         22.72         16.17          
0.17  -0.997 0.304  -0.365 0.54           0.48           0.71            80.13         78.82         82.56          0.63        0.58        0.79         57.20          53.81          64.19           22.93         25.01         18.37          
0.20  -0.994 0.318  -0.366 0.41           0.11           0.41            76.14         21.70         76.21          0.53        0.35        0.53         48.71          6.38           48.85           27.43         15.32         27.36          
0.23  -0.984 0.328  -0.364 0.44           0.30           0.44            47.16         -11.13        47.62          0.63        0.55        0.64         30.35          -6.10          30.76           16.81         -5.03         16.87          
0.27  -0.980 0.349  -0.355 0.63           0.29           0.69            80.63         -69.70        81.43          0.71        0.45        0.76         60.38          -38.12         62.56           20.25         -31.58        18.87          
0.30  -0.974 0.366  -0.342 0.54           0.43           0.67            68.24         -62.19        72.34          0.68        0.59        0.78         48.21          -40.26         54.53           20.03         -21.93        17.82          
0.33  -0.967 0.376  -0.327 0.37           0.51           0.60            56.35         -66.70        70.12          0.55        0.65        0.72         33.94          -46.13         51.10           22.41         -20.57        19.03          
0.37  -0.950 0.387  -0.306 0.60           0.80           0.87            33.28         -51.24        54.61          0.82        0.98        1.03         23.65          -39.72         43.21           9.63          -11.51        11.41          
0.40  -0.942 0.389  -0.275 0.26           0.95           0.95            11.60         -74.49        74.51          0.51        1.04        1.05         5.90           -61.15         61.19           5.70          -13.34        13.33          
0.43  -0.923 0.387  -0.253 0.55           0.87           0.87            -4.29         -50.71        50.77          0.80        1.04        1.05         -2.95          -40.04         40.09           -1.34         -10.67        10.67          
0.47  -0.902 0.386  -0.223 0.64           1.10           1.10            -4.24         -54.40        54.43          0.89        1.26        1.26         -3.05          -45.10         45.14           -1.19         -9.30         9.29           
0.50  -0.888 0.388  -0.195 0.43           0.95           0.95            11.52         -63.37        63.49          0.68        1.08        1.08         7.30           -51.44         51.58           4.21          -11.93        11.91          
0.53  -0.867 0.391  -0.161 0.63           1.21           1.21            6.09          -58.79        58.84          0.88        1.36        1.36         4.36           -49.73         49.79           1.73          -9.06         9.05           
0.57  -0.853 0.395  -0.131 0.45           0.99           1.00            18.75         -64.71        64.99          0.69        1.12        1.13         12.05          -53.07         53.42           6.70          -11.63        11.57          
0.60  -0.843 0.404  -0.101 0.39           0.95           0.98            42.49         -72.18        72.86          0.60        1.05        1.08         26.17          -59.07         60.11           16.32         -13.11        12.75          
0.63  -0.837 0.414  -0.074 0.35           0.83           0.87            54.78         -75.72        76.53          0.54        0.92        0.96         32.46          -60.45         61.93           22.32         -15.27        14.60          
0.67  -0.847 0.423  -0.048 0.43           0.85           0.90            140.22        -112.65       111.51         0.28        0.79        0.84         105.98         -95.68         95.37           34.24         -16.97        16.14          
0.70  -0.858 0.432  -0.026 0.42           0.73           0.78            139.75        -115.98       114.25         0.28        0.66        0.71         104.54         -96.11         95.65           35.22         -19.88        18.61          
0.73  -0.871 0.435  -0.003 0.39           0.79           0.80            165.59        -118.60       118.37         0.16        0.70        0.71         142.81         -100.46        100.36          22.78         -18.14        18.01          
0.77  -0.888 0.437  0.022  0.52           0.90           0.90            173.98        -124.82       124.75         0.27        0.79        0.79         168.41         -109.67        109.62          5.57          -15.15        15.13          
0.80  -0.913 0.437  0.041  0.76           0.96           0.96            -179.28       -142.85       142.84         0.51        0.77        0.77         -178.93        -131.58        131.57          -0.35         -11.27        11.27          
0.83  -0.936 0.434  0.055  0.70           0.81           0.82            -172.68       -148.79       148.23         0.45        0.61        0.62         -168.64        -136.57        135.94          -4.03         -12.22        12.29          
0.87  -0.962 0.427  0.074  0.80           0.96           0.98            -165.62       -143.80       142.21         0.56        0.77        0.79         -159.23        -132.73        131.08          -6.39         -11.07        11.13          
0.90  -0.981 0.426  0.091  0.57           0.75           0.75            -177.18       -138.76       138.71         0.32        0.59        0.59         -174.96        -122.51        122.47          -2.22         -16.25        16.24          
0.93  -0.993 0.428  0.109  0.37           0.67           0.67            173.36        -123.17       123.09         0.13        0.58        0.58         160.10         -101.86        101.83          13.27         -21.31        21.26          
0.97  -1.012 0.427  0.127  0.57           0.77           0.77            -177.12       -137.66       137.62         0.32        0.61        0.61         -174.88        -121.61        121.57          -2.25         -16.05        16.05          
1.00  -1.029 0.427  0.141  0.49           0.65           0.65            -179.65       -139.11       139.11         0.24        0.49        0.49         -179.29        -119.69        119.68          -0.36         -19.43        19.43          
1.03  -1.039 0.419  0.154  0.37           0.49           0.53            -144.30       -128.65       124.74         0.23        0.38        0.44         -103.95        -98.12         97.06           -40.35        -30.53        27.68          
1.07  -1.051 0.412  0.163  0.43           0.47           0.51            -149.12       -142.03       135.49         0.25        0.31        0.38         -118.07        -112.23        107.97          -31.05        -29.81        27.52          
1.10  -1.061 0.401  0.164  0.44           0.29           0.44            -131.56       -175.42       131.49         0.33        0.05        0.33         -97.10         -150.32        97.08           -34.46        -25.10        34.41          
1.13  -1.069 0.398  0.177  0.25           0.46           0.47            -160.46       -121.08       120.51         0.09        0.40        0.41         -83.28         -88.56         88.59           -77.18        -32.52        31.92          
1.17  -1.068 0.383  0.183  0.46           0.19           0.50            -88.08        -85.28        88.22          0.53        0.33        0.56         -60.10         -35.27         61.96           -27.97        -50.01        26.26          
1.20  -1.070 0.368  0.188  0.45           0.16           0.48            -95.85        -107.07       95.55          0.49        0.25        0.52         -65.61         -36.34         66.73           -30.24        -70.73        28.83          
1.23  -1.053 0.341  0.177  0.96           0.62           1.02            -57.21        32.56         59.21          1.12        0.84        1.17         -46.38         23.34          48.61           -10.83        9.21          10.61          
1.27  -1.047 0.321  0.173  0.62           0.22           0.63            -73.07        34.28         73.40          0.73        0.45        0.74         -53.91         15.89          54.49           -19.16        18.39         18.92          
1.30  -1.033 0.303  0.174  0.67           0.39           0.67            -53.83        -2.46         53.84          0.84        0.64        0.84         -39.92         -1.51          39.93           -13.91        -0.96         13.91          
1.33  -1.024 0.286  0.162  0.60           0.45           0.69            -61.52        50.68         65.66          0.75        0.64        0.83         -44.49         33.05          49.68           -17.03        17.63         15.98          
1.37  -1.012 0.271  0.150  0.57           0.51           0.67            -50.78        44.81         57.63          0.75        0.71        0.83         -35.86         30.37          42.94           -14.92        14.44         14.69          
1.40  -1.008 0.247  0.142  0.73           0.28           0.77            -79.78        62.48         80.33          0.81        0.45        0.85         -62.19         33.27          63.50           -17.59        29.21         16.83          
1.43  -0.999 0.234  0.123  0.46           0.61           0.73            -58.43        66.53         70.47          0.63        0.74        0.84         -38.70         48.59          54.23           -19.73        17.94         16.24          
1.47  -0.993 0.223  0.098  0.37           0.78           0.84            -59.18        76.05         77.09          0.54        0.88        0.93         -35.76         59.98          61.92           -23.42        16.08         15.17          
1.50  -0.990 0.213  0.076  0.34           0.69           0.76            -71.84        81.09         81.95          0.48        0.76        0.83         -42.25         62.25          64.61           -29.59        18.84         17.34          
1.53  -0.988 0.205  0.050  0.23           0.76           0.79            -79.27        86.81         86.94          0.37        0.81        0.84         -37.23         68.84          69.62           -42.04        17.97         17.31          
1.57  -0.982 0.192  0.026  0.45           0.76           0.86            -66.19        76.18         77.88          0.59        0.85        0.95         -43.55         59.63          62.89           -22.63        16.56         14.99          
1.60  -0.988 0.187  -0.006 0.21           0.97           0.98            -142.47       99.88         99.79          0.15        0.96        0.97         -56.87         85.01          85.06           -85.60        14.87         14.74          
1.63  -0.991 0.177  -0.031 0.32           0.77           0.83            -109.65       98.01         97.46          0.33        0.78        0.83         -64.70         79.44          80.16           -44.95        18.57         17.30          
1.67  -1.000 0.164  -0.064 0.48           1.00           1.08            -124.29       105.73        104.59         0.40        0.96        1.04         -93.06         91.27          91.17           -31.22        14.46         13.42          
1.70  -1.009 0.154  -0.089 0.41           0.81           0.87            -129.93       108.85        107.54         0.31        0.76        0.83         -92.01         90.82          90.76           -37.92        18.03         16.78          
1.73  -1.013 0.141  -0.117 0.41           0.85           0.93            -108.32       98.64         97.86          0.40        0.85        0.93         -72.36         81.70          82.45           -35.96        16.94         15.42          
1.77  -1.022 0.129  -0.144 0.44           0.86           0.93            -127.37       108.24        106.84         0.35        0.81        0.89         -93.01         91.30          91.19           -34.36        16.94         15.64          
1.80  -1.027 0.117  -0.171 0.40           0.82           0.90            -110.51       99.92         99.00          0.39        0.81        0.89         -73.81         82.27          82.99           -36.70        17.65         16.02          
1.83  -1.033 0.113  -0.198 0.22           0.84           0.84            -149.66       103.25        103.13         0.13        0.82        0.82         -62.48         85.89          85.93           -87.19        17.35         17.20          
1.87  -1.032 0.109  -0.224 0.13           0.79           0.80            -74.11        87.41         87.44          0.31        0.84        0.85         -23.72         70.11          70.33           -50.40        17.30         17.11          
1.90  -1.028 0.105  -0.250 0.16           0.78           0.79            -38.67        80.60         80.68          0.39        0.86        0.86         -15.14         63.91          64.10           -23.52        16.69         16.57          
1.93  -1.022 0.103  -0.280 0.19           0.90           0.91            -20.75        78.39         78.43          0.44        0.99        0.99         -9.07          64.01          64.08           -11.68        14.39         14.35          
1.97  -1.009 0.100  -0.306 0.40           0.88           0.88            -11.27        63.58         63.69          0.64        1.01        1.01         -6.92          50.79          50.93           -4.35         12.79         12.76          
2.00  -0.997 0.107  -0.333 0.41           0.88           0.90            26.70         65.36         65.92          0.65        1.01        1.03         16.68          52.42          53.13           10.02         12.95         12.79          
2.03  -0.981 0.112  -0.354 0.49           0.79           0.81            20.31         54.27         55.19          0.73        0.96        0.98         13.52          42.08          43.06           6.79          12.19         12.13          
2.07  -0.960 0.113  -0.378 0.64           0.96           0.96            1.52          48.07         48.08          0.89        1.15        1.15         1.09           38.73          38.73           0.42          9.34          9.34           
2.10  -0.938 0.119  -0.397 0.67           0.87           0.89            15.77         41.64         43.01          0.92        1.07        1.08         11.53          32.70          33.96           4.24          8.94          9.05           
2.13  -0.924 0.124  -0.413 0.44           0.63           0.64            19.52         48.30         49.65          0.68        0.82        0.83         12.50          35.07          36.36           7.02          13.23         13.29          
2.17  -0.905 0.129  -0.428 0.59           0.73           0.75            16.45         38.80         40.59          0.84        0.94        0.95         11.60          29.20          30.77           4.86          9.61          9.82           
2.20  -0.890 0.136  -0.438 0.50           0.55           0.58            23.43         32.44         37.57          0.74        0.77        0.80         15.72          22.42          26.54           7.72          10.02         11.03          
2.23  -0.876 0.144  -0.441 0.47           0.43           0.49            29.21         14.67         31.69          0.70        0.67        0.71         19.21          9.27           21.04           10.00         5.41          10.65          
2.27  -0.866 0.152  -0.449 0.39           0.37           0.45            39.84         35.68         47.74          0.60        0.59        0.64         24.47          21.39          30.98           15.37         14.29         16.76          
2.30  -0.858 0.152  -0.444 0.23           0.26           0.26            1.83          -29.24        29.28          0.48        0.50        0.50         0.88           -14.98         15.00           0.96          -14.26        14.28          
2.33  -0.856 0.161  -0.440 0.27           0.14           0.30            75.30         -59.68        76.54          0.41        0.34        0.43         39.65          -20.39         42.25           35.65         -39.29        34.29          
2.37  -0.845 0.170  -0.435 0.42           0.35           0.45            40.73         -25.86        44.65          0.63        0.59        0.65         25.70          -15.16         28.91           15.03         -10.70        15.74          
2.40  -0.841 0.169  -0.432 0.14           0.17           0.18            -12.46        -39.61        40.58          0.38        0.40        0.40         -4.39          -16.03         16.56           -8.07         -23.58        24.02          
2.43  -0.831 0.164  -0.427 0.36           0.35           0.39            -29.16        -25.99        36.53          0.59        0.58        0.61         -17.22         -15.15         22.38           -11.94        -10.83        14.16          
2.47  -0.826 0.168  -0.422 0.21           0.21           0.25            43.44         -43.64        53.35          0.42        0.42        0.45         19.49          -19.62         26.68           23.95         -24.02        26.67          
2.50  -0.818 0.157  -0.415 0.39           0.29           0.44            -56.52        -41.99        60.39          0.57        0.51        0.60         -35.08         -22.69         39.26           -21.44        -19.30        21.13          
2.53  -0.819 0.158  -0.404 0.02           0.35           0.35            145.68        -93.08        93.08          0.23        0.42        0.42         3.16           -56.35         56.36           142.52        -36.74        36.72          
2.57  -0.815 0.161  -0.392 0.16           0.39           0.40            35.18         -70.13        70.70          0.39        0.53        0.54         13.70          -43.74         44.64           21.48         -26.39        26.06          
2.60  -0.808 0.160  -0.375 0.20           0.53           0.53            -9.49         -67.99        68.04          0.45        0.66        0.66         -4.21          -47.47         47.53           -5.28         -20.52        20.50          
2.63  -0.801 0.153  -0.360 0.30           0.51           0.55            -43.84        -64.62        66.65          0.51        0.65        0.69         -24.04         -44.39         47.09           -19.80        -20.22        19.55          
2.67  -0.793 0.148  -0.338 0.27           0.69           0.70            -33.64        -71.16        71.59          0.49        0.80        0.82         -17.39         -54.06         54.74           -16.25        -17.10        16.86          
2.70  -0.793 0.146  -0.316 0.05           0.67           0.67            -65.31        -88.06        88.07          0.28        0.72        0.72         -10.22         -67.79         67.85           -55.09        -20.27        20.22          
2.73  -0.787 0.146  -0.288 0.18           0.87           0.87            -6.99         -78.02        78.03          0.43        0.95        0.96         -2.95          -63.18         63.19           -4.04         -14.84        14.83          
2.77  -0.782 0.143  -0.261 0.15           0.81           0.81            -29.01        -80.95        80.98          0.38        0.88        0.88         -10.57         -64.67         64.76           -18.44        -16.28        16.23          
2.80  -0.782 0.144  -0.232 0.03           0.87           0.87            24.67         -88.29        88.29          0.28        0.91        0.91         2.46           -72.32         72.33           22.21         -15.97        15.97          
2.83  -0.784 0.145  -0.202 0.07           0.90           0.90            151.38        -93.89        93.88          0.19        0.92        0.92         10.02          -78.15         78.16           141.36        -15.74        15.73          
2.87  -0.783 0.153  -0.174 0.24           0.86           0.89            84.07         -88.34        88.40          0.37        0.90        0.93         41.14          -72.28         72.89           42.93         -16.06        15.51          
2.90  -0.782 0.165  -0.147 0.36           0.79           0.87            87.75         -88.98        89.07          0.45        0.83        0.91         53.63          -71.54         73.09           34.12         -17.44        15.98          
2.93  -0.784 0.165  -0.123 0.05           0.74           0.74            154.32        -93.17        93.17          0.21        0.77        0.77         5.37           -74.18         74.18           148.95        -18.99        18.99          
2.97  -0.791 0.173  -0.097 0.32           0.79           0.82            132.56        -106.15       105.44         0.24        0.76        0.79         82.63          -87.66         87.77           49.94         -18.49        17.67          
3.00  -0.800 0.181  -0.078 0.35           0.65           0.69            138.91        -114.31       112.80         0.23        0.59        0.64         94.28          -91.69         91.57           44.63         -22.62        21.23          
3.03  -0.804 0.182  -0.052 0.13           0.77           0.77            162.92        -99.41        99.40          0.13        0.77        0.77         17.33          -80.73         80.74           145.59        -18.68        18.66          
3.07  -0.809 0.194  -0.039 0.38           0.41           0.54            111.97        -109.96       105.11         0.37        0.40        0.53         72.67          -74.31         78.21           39.30         -35.66        26.90          
3.10  -0.813 0.187  -0.004 0.24           1.06           1.09            -118.25       -96.12        96.00          0.25        1.07        1.09         -57.09         -82.65         82.79           -61.16        -13.47        13.21          
3.13  -0.805 0.201  0.020  0.48           0.76           0.87            59.77         -71.49        73.82          0.64        0.87        0.97         40.12          -55.73         59.42           19.65         -15.77        14.40          
3.17  -0.804 0.210  0.038  0.29           0.56           0.63            85.17         -87.46        87.75          0.40        0.62        0.69         46.68          -63.71         66.37           38.48         -23.75        21.38          
3.20  -0.793 0.216  0.063  0.36           0.81           0.83            28.23         -66.75        67.28          0.60        0.94        0.95         16.78          -52.58         53.29           11.45         -14.17        13.98          
3.23  -0.773 0.229  0.088  0.72           0.95           1.03            32.95         -50.20        53.75          0.94        1.13        1.19         24.66          -40.37         44.02           8.28          -9.82         9.73           
3.27  -0.757 0.239  0.093  0.57           0.52           0.59            31.18         -19.71        35.11          0.79        0.76        0.81         21.78          -13.31         24.91           9.39          -6.40         10.20          
3.30  -0.741 0.256  0.096  0.70           0.48           0.70            46.84         -7.91         47.08          0.89        0.73        0.89         34.99          -5.21          35.21           11.86         -2.70         11.87          
3.33  -0.723 0.277  0.095  0.83           0.54           0.83            49.87         0.59          49.87          1.01        0.79        1.01         38.96          0.40           38.96           10.91         0.19          10.91          
3.37  -0.712 0.302  0.084  0.81           0.46           0.88            67.38         46.66         69.13          0.94        0.65        0.99         53.14          30.49          55.55           14.24         16.16         13.58          
3.40  -0.696 0.322  0.069  0.76           0.66           0.89            51.24         44.10         57.64          0.94        0.86        1.05         39.27          32.46          46.01           11.98         11.64         11.63          
3.43  -0.687 0.333  0.056  0.43           0.48           0.58            49.91         55.02         61.71          0.62        0.66        0.74         31.98          36.91          44.33           17.93         18.10         17.39          
3.47  -0.682 0.339  0.036  0.23           0.61           0.63            45.73         74.87         75.40          0.44        0.72        0.74         21.78          55.23          56.22           23.96         19.64         19.18          
3.50  -0.681 0.336  0.019  0.08           0.51           0.52            -61.88        85.73         85.77          0.30        0.59        0.59         -13.98         60.68          60.91           -47.90        25.05         24.85          
3.53  -0.672 0.335  -0.001 0.26           0.65           0.65            -10.17        66.51         66.57          0.51        0.79        0.79         -5.22          49.54          49.63           -4.95         16.97         16.94          
3.57  -0.674 0.324  -0.027 0.33           0.79           0.86            -99.48        93.91         93.62          0.38        0.82        0.88         -58.79         76.09          77.09           -40.70        17.82         16.53          
3.60  -0.676 0.317  -0.053 0.21           0.77           0.79            -108.53       95.01         94.85          0.27        0.79        0.81         -47.60         76.56          76.98           -60.93        18.45         17.87          
3.63  -0.673 0.306  -0.087 0.36           1.03           1.08            -73.36        84.28         84.58          0.49        1.08        1.13         -44.14         70.96          71.88           -29.22        13.32         12.70          
3.67  -0.669 0.294  -0.124 0.36           1.13           1.18            -72.78        84.56         84.80          0.50        1.18        1.23         -44.04         72.38          73.11           -28.73        12.18         11.69          
3.70  -0.657 0.269  -0.164 0.84           1.24           1.45            -63.94        72.72         75.29          0.98        1.34        1.54         -50.64         62.44          66.24           -13.30        10.27         9.05           
3.73  -0.661 0.259  -0.203 0.34           1.18           1.22            -112.84       96.37         96.16          0.33        1.18        1.22         -69.16         84.24          84.43           -43.69        12.13         11.73          
3.77  -0.664 0.244  -0.238 0.45           1.04           1.13            -102.58       95.47         95.03          0.47        1.04        1.13         -71.20         81.69          82.35           -31.38        13.79         12.68          
3.80  -0.666 0.229  -0.273 0.45           1.08           1.17            -94.82        92.02         91.86          0.50        1.10        1.18         -64.73         78.84          79.69           -30.09        13.18         12.18          
3.83  -0.666 0.222  -0.304 0.20           0.92           0.94            -93.64        90.80         90.79          0.31        0.95        0.97         -40.63         75.56          75.88           -53.00        15.25         14.90          
3.87  -0.656 0.218  -0.330 0.32           0.82           0.83            -24.13        68.99         69.27          0.56        0.94        0.95         -13.64         54.67          55.06           -10.49        14.33         14.21          
3.90  -0.658 0.220  -0.344 0.07           0.43           0.43            126.42        96.00         95.94          0.21        0.47        0.47         16.31          64.07          64.29           110.10        31.93         31.64          
3.93  -0.650 0.212  -0.348 0.32           0.27           0.35            -44.25        30.51         48.71          0.53        0.50        0.55         -25.06         15.79          28.65           -19.19        14.72         20.05          
3.97  -0.643 0.215  -0.347 0.23           0.21           0.23            22.62         -14.14        25.96          0.47        0.46        0.47         10.73          -6.53          12.48           11.90         -7.61         13.48          
4.00  -0.638 0.204  -0.354 0.38           0.27           0.44            -65.85        54.66         69.25          0.54        0.46        0.58         -40.62         28.47          45.42           -25.24        26.19         23.83          
4.03  -0.625 0.199  -0.347 0.40           0.43           0.45            -18.61        -28.86        32.85          0.64        0.66        0.67         -11.44         -18.33         21.22           -7.17         -10.53        11.64          
4.07  -0.622 0.191  -0.328 0.27           0.58           0.63            -68.65        -80.07        80.92          0.43        0.67        0.71         -36.07         -58.40         60.69           -32.58        -21.66        20.23          
4.10  -0.613 0.187  -0.312 0.29           0.56           0.57            -20.64        -60.50        61.04          0.53        0.71        0.72         -11.15         -42.77         43.40           -9.49         -17.73        17.64          
4.13  -0.610 0.188  -0.280 0.07           0.96           0.96            4.74          -85.65        85.65          0.32        1.01        1.01         1.07           -71.30         71.30           3.67          -14.36        14.35          
4.17  -0.598 0.171  -0.260 0.63           0.70           0.86            -52.83        -57.25        63.87          0.80        0.86        1.00         -38.49         -43.15         50.87           -14.33        -14.10        13.00          
4.20  -0.581 0.166  -0.231 0.54           1.01           1.02            -15.71        -59.46        59.80          0.78        1.16        1.17         -10.72         -48.78         49.16           -4.99         -10.69        10.64          
4.23  -0.568 0.155  -0.210 0.51           0.76           0.82            -38.99        -58.74        61.42          0.72        0.91        0.97         -26.33         -45.20         48.29           -12.66        -13.54        13.12          
4.27  -0.558 0.169  -0.181 0.50           0.90           0.99            54.83         -71.16        72.93          0.68        1.01        1.09         37.31          -57.57         60.24           17.52         -13.59        12.69          
4.30  -0.535 0.165  -0.152 0.69           1.11           1.11            -9.58         -51.87        52.11          0.94        1.27        1.28         -7.04          -43.00         43.25           -2.54         -8.87         8.87           
4.33  -0.531 0.178  -0.130 0.41           0.69           0.79            72.72         -79.86        81.19          0.54        0.77        0.87         46.40          -61.30         64.61           26.32         -18.56        16.58          
4.37  -0.516 0.187  -0.116 0.53           0.61           0.67            30.35         -41.24        46.51          0.76        0.81        0.86         20.74          -29.55         34.29           9.60          -11.68        12.22          
4.40  -0.507 0.203  -0.091 0.56           0.81           0.94            60.38         -70.03        72.98          0.72        0.93        1.05         42.74          -55.32         59.76           17.64         -14.70        13.21          
4.43  -0.490 0.217  -0.057 0.64           1.14           1.20            37.93         -63.75        65.28          0.85        1.27        1.33         27.49          -53.55         55.41           10.44         -10.20        9.87           
4.47  -0.475 0.223  -0.027 0.50           1.00           1.02            23.88         -62.81        63.39          0.74        1.14        1.16         15.98          -51.53         52.24           7.90          -11.27        11.15          
4.50  -0.461 0.227  -0.018 0.42           0.50           0.51            13.23         -33.86        35.41          0.67        0.72        0.72         8.33           -22.67         23.87           4.90          -11.19        11.54          
4.53  -0.448 0.222  0.010  0.40           0.94           0.94            -19.16        -66.03        66.28          0.64        1.06        1.07         -11.84         -53.61         53.93           -7.32         -12.43        12.35          
4.57  -0.438 0.230  0.037  0.37           0.84           0.88            37.96         -69.52        70.27          0.59        0.96        0.99         22.91          -55.42         56.50           15.05         -14.10        13.77          
4.60  -0.420 0.237  0.050  0.58           0.68           0.71            21.24         -36.45        39.85          0.82        0.89        0.91         14.91          -26.84         29.77           6.33          -9.61         10.08          
4.63  -0.412 0.232  0.055  0.28           0.28           0.31            -29.61        -30.63        39.37          0.51        0.51        0.53         -15.62         -16.23         21.98           -13.99        -14.39        17.39          
4.67  -0.407 0.229  0.065  0.20           0.36           0.37            -31.40        -61.88        63.06          0.43        0.52        0.53         -13.78         -36.93         38.34           -17.62        -24.94        24.73          
4.70  -0.398 0.218  0.058  0.42           0.33           0.47            -52.63        39.10         57.02          0.60        0.54        0.64         -33.38         22.24          37.79           -19.25        16.86         19.23          
4.73  -0.388 0.212  0.046  0.36           0.48           0.51            -31.94        50.89         54.05          0.58        0.66        0.69         -18.82         33.92          37.01           -13.12        16.97         17.03          
4.77  -0.382 0.200  0.035  0.38           0.37           0.50            -60.50        59.25         67.71          0.55        0.54        0.64         -37.27         35.89          46.40           -23.23        23.36         21.31          
4.80  -0.385 0.185  0.023  0.46           0.40           0.60            -100.94       102.62        98.32          0.48        0.42        0.61         -69.95         67.08          74.56           -30.98        35.53         23.76          
4.83  -0.382 0.171  -0.006 0.46           0.85           0.96            -79.66        84.48         85.12          0.56        0.91        1.01         -53.48         68.58          70.88           -26.18        15.90         14.24          
4.87  -0.382 0.154  -0.043 0.49           1.13           1.23            -89.24        89.67         89.69          0.55        1.15        1.25         -62.36         77.16          78.19           -26.88        12.51         11.50          
4.90  -0.377 0.134  -0.074 0.62           0.92           1.11            -78.18        82.02         83.36          0.72        0.99        1.16         -58.28         67.51          71.02           -19.91        14.51         12.34          
4.93  -0.381 0.124  -0.106 0.30           0.98           1.02            -111.56       96.53         96.28          0.31        0.99        1.03         -63.94         81.93          82.25           -47.62        14.60         14.03          
4.97  -0.378 0.121  -0.140 0.13           1.03           1.03            -51.55        85.44         85.47          0.35        1.08        1.08         -17.23         72.07          72.15           -34.32        13.38         13.32          
5.00  -0.381 0.130  -0.180 0.29           1.19           1.22            107.30        94.19         94.08          0.32        1.20        1.23         59.65          82.16          82.37           47.65         12.03         11.71          
5.03  -0.383 0.134  -0.214 0.13           1.02           1.03            109.34        92.47         92.45          0.24        1.04        1.05         31.35          78.59          78.67           77.98         13.88         13.78          
5.07  -0.383 0.143  -0.244 0.26           0.91           0.95            89.39         89.83         89.83          0.36        0.94        0.98         45.67          74.47          75.04           43.72         15.35         14.79          
5.10  -0.386 0.152  -0.277 0.29           0.98           1.02            107.58        95.09         94.90          0.32        0.99        1.03         59.45          80.58          80.93           48.13         14.50         13.97          
5.13  -0.385 0.163  -0.310 0.33           1.01           1.06            89.45         89.82         89.83          0.41        1.04        1.09         52.20          75.87          76.53           37.24         13.95         13.29          
5.17  -0.390 0.172  -0.348 0.31           1.14           1.18            115.49        96.65         96.46          0.30        1.14        1.17         67.02          84.08          84.25           48.47         12.57         12.21          
5.20  -0.392 0.193  -0.374 0.62           0.77           0.99            95.25         94.26         93.31          0.65        0.79        1.00         72.69          75.82          78.90           22.56         18.44         14.42          
5.23  -0.388 0.215  -0.402 0.66           0.87           1.09            80.32         82.64         84.12          0.75        0.94        1.14         61.10          67.31          71.57           19.22         15.33         12.56          
5.27  -0.396 0.234  -0.422 0.63           0.62           0.85            112.81        113.15        106.69         0.58        0.57        0.82         89.45          89.44          89.61           23.36         23.71         17.08          
5.30  -0.398 0.255  -0.438 0.62           0.48           0.78            93.90         95.01         93.08          0.65        0.52        0.81         71.40          66.58          75.12           22.49         28.44         17.96          
5.33  -0.408 0.281  -0.449 0.85           0.45           0.91            110.48        131.59        108.99         0.80        0.34        0.87         93.41          98.07          93.15           17.07         33.52         15.85          
5.37  -0.408 0.295  -0.460 0.40           0.34           0.53            90.99         91.17         90.75          0.47        0.42        0.58         59.01          54.54          65.34           31.98         36.63         25.42          
5.40  -0.409 0.307  -0.469 0.35           0.26           0.43            96.89         99.45         95.59          0.41        0.33        0.48         59.22          50.65          64.27           37.67         48.81         31.32          
5.43  -0.413 0.320  -0.480 0.42           0.35           0.54            103.80        106.68        100.76         0.44        0.37        0.55         70.05          66.13          74.32           33.75         40.55         26.43          
5.47  -0.427 0.333  -0.487 0.59           0.50           0.63            139.21        153.25        135.02         0.43        0.30        0.49         117.11         131.23         113.85          22.10         22.02         21.18          
5.50  -0.440 0.346  -0.488 0.53           0.37           0.53            134.25        176.90        134.21         0.40        0.12        0.40         107.70         170.61         107.67          26.55         6.29          26.54          
5.53  -0.457 0.366  -0.484 0.79           0.53           0.80            131.02        -166.28       130.40         0.65        0.29        0.66         114.17         -154.67        113.70          16.85         -11.61        16.70          
5.57  -0.465 0.375  -0.478 0.38           0.31           0.43            130.36        -143.14       125.63         0.29        0.19        0.35         89.56          -89.30         89.63           40.81         -53.84        36.01          
5.60  -0.478 0.381  -0.465 0.41           0.52           0.54            154.66        -135.41       132.44         0.21        0.38        0.42         123.96         -107.93        106.26          30.70         -27.48        26.18          
5.63  -0.492 0.381  -0.445 0.45           0.76           0.76            -179.30       -126.12       126.12         0.20        0.64        0.64         -178.40        -107.82        107.82          -0.89         -18.30        18.30          
5.67  -0.503 0.372  -0.414 0.41           0.99           1.03            -139.12       -108.18       107.53         0.27        0.95        0.98         -102.57        -93.63         93.49           -36.55        -14.55        14.04          
5.70  -0.512 0.366  -0.396 0.32           0.59           0.61            -148.66       -117.58       116.46         0.17        0.52        0.55         -97.73         -92.47         92.36           -50.93        -25.11        24.11          
5.73  -0.517 0.364  -0.359 0.18           1.14           1.14            -152.98       -98.08        98.06          0.12        1.13        1.13         -42.20         -85.44         85.45           -110.78       -12.64        12.61          
5.77  -0.524 0.361  -0.337 0.23           0.69           0.69            -156.06       -107.85       107.68         0.10        0.66        0.66         -67.31         -86.58         86.61           -88.75        -21.27        21.07          
5.80  -0.523 0.351  -0.298 0.30           1.15           1.19            -85.82        -88.91        88.94          0.41        1.19        1.22         -47.83         -76.74         77.15           -37.99        -12.17        11.79          
5.83  -0.522 0.358  -0.258 0.23           1.20           1.23            81.48         -88.39        88.42          0.36        1.24        1.26         38.48          -76.74         76.96           43.00         -11.65        11.46          
5.87  -0.517 0.354  -0.223 0.20           1.07           1.08            -36.28        -81.49        81.54          0.43        1.14        1.14         -15.92         -68.94         69.05           -20.36        -12.55        12.49          
5.90  -0.513 0.361  -0.188 0.24           1.05           1.07            58.76         -83.07        83.20          0.43        1.11        1.13         29.05          -70.15         70.51           29.71         -12.91        12.69          
5.93  -0.512 0.369  -0.157 0.23           0.93           0.95            80.97         -87.80        87.86          0.36        0.97        1.00         38.14          -72.88         73.33           42.83         -14.92        14.53          
5.97  -0.504 0.369  -0.128 0.24           0.91           0.91            0.01          -74.91        74.91          0.49        1.00        1.00         0.00           -61.00         61.00           0.00          -13.91        13.91          
6.00  -0.497 0.374  -0.103 0.25           0.78           0.80            37.18         -75.47        75.73          0.47        0.88        0.89         18.44          -59.47         59.95           18.74         -15.99        15.78          
6.03  -0.491 0.390  -0.076 0.53           0.83           0.96            68.31         -76.43        78.34          0.66        0.92        1.04         47.77          -61.15         64.78           20.54         -15.28        13.56          
6.07  -0.479 0.387  -0.032 0.35           1.35           1.36            -16.60        -75.57        75.61          0.60        1.44        1.44         -9.72          -65.86         65.93           -6.89         -9.70         9.68           
6.10  -0.472 0.391  -0.003 0.25           0.90           0.90            29.13         -75.94        76.07          0.48        0.99        0.99         14.54          -61.70         61.93           14.60         -14.24        14.14          
6.13  -0.464 0.402  0.021  0.41           0.75           0.82            54.07         -71.23        72.90          0.59        0.86        0.92         34.10          -55.29         57.90           19.98         -15.94        15.00          
6.17  -0.451 0.402  0.044  0.38           0.79           0.79            -0.42         -61.12        61.12          0.63        0.94        0.94         -0.26          -47.64         47.64           -0.17         -13.48        13.48          
6.20  -0.453 0.424  0.065  0.68           0.65           0.94            94.49         -94.70        93.25          0.71        0.68        0.96         73.83          -73.11         78.16           20.65         -21.59        15.09          
6.23  -0.437 0.440  0.079  0.68           0.64           0.79            42.57         -39.04        50.78          0.88        0.85        0.97         31.46          -28.37         39.22           11.11         -10.67        11.56          
6.27  -0.426 0.457  0.098  0.62           0.65           0.84            58.94         -60.56        67.61          0.78        0.81        0.97         43.03          -44.90         53.78           15.90         -15.66        13.83          
6.30  -0.415 0.477  0.093  0.67           0.36           0.69            60.00         22.56         60.69          0.83        0.60        0.84         44.82          13.40          45.62           15.18         9.15          15.07          
6.33  -0.397 0.487  0.093  0.61           0.53           0.61            29.95         0.08          29.95          0.84        0.78        0.84         21.40          0.05           21.40           8.55          0.02          8.55           
6.37  -0.386 0.506  0.102  0.65           0.41           0.70            60.82         -39.76        63.14          0.80        0.63        0.85         45.04          -24.95         47.84           15.77         -14.80        15.30          
6.40  -0.380 0.524  0.096  0.59           0.26           0.61            71.08         42.76         71.91          0.71        0.47        0.73         51.63          21.82          52.96           19.45         20.94         18.95          
6.43  -0.360 0.532  0.099  0.65           0.61           0.65            20.74         -9.20         22.38          0.88        0.86        0.89         14.99          -6.53          16.23           5.75          -2.67         6.15           
6.47  -0.352 0.551  0.098  0.61           0.24           0.61            67.02         6.84          67.04          0.74        0.49        0.74         48.91          3.34           48.95           18.11         3.50          18.10          
6.50  -0.344 0.556  0.084  0.29           0.49           0.51            30.52         59.72         61.10          0.52        0.65        0.67         16.32          40.38          41.97           14.21         19.34         19.13          
6.53  -0.332 0.563  0.066  0.42           0.67           0.70            29.91         56.64         58.38          0.65        0.83        0.86         18.87          42.06          43.97           11.04         14.58         14.41          
6.57  -0.324 0.562  0.056  0.23           0.38           0.39            -6.58         52.71         52.81          0.48        0.57        0.57         -3.19          32.36          32.46           -3.40         20.35         20.35          
6.60  -0.315 0.558  0.045  0.28           0.42           0.43            -21.69        51.22         52.57          0.52        0.61        0.62         -11.52         32.53          33.81           -10.17        18.69         18.77          
6.63  -0.316 0.557  0.028  0.04           0.51           0.51            -110.47       91.65         91.65          0.24        0.56        0.56         -9.54          65.31          65.38           -100.93       26.34         26.27          
6.67  -0.307 0.537  -0.007 0.65           1.06           1.22            -66.92        76.21         77.99          0.78        1.15        1.29         -49.75         64.00          67.09           -17.17        12.21         10.90          
6.70  -0.299 0.531  -0.028 0.31           0.69           0.71            -36.75        69.24         69.96          0.53        0.81        0.83         -20.28         52.54          53.60           -16.47        16.70         16.36          
6.73  -0.301 0.514  -0.062 0.53           1.00           1.13            -95.73        93.02         92.67          0.56        1.01        1.14         -69.31         78.78          80.04           -26.43        14.24         12.63          
6.77  -0.297 0.488  -0.098 0.78           1.10           1.34            -81.83        84.26         85.29          0.85        1.15        1.39         -64.88         71.82          74.94           -16.95        12.44         10.35          
6.80  -0.303 0.479  -0.129 0.32           0.95           0.98            -126.31       101.48        101.08         0.26        0.93        0.97         -76.53         86.21          86.35           -49.77        15.27         14.73          
6.83  -0.304 0.459  -0.171 0.62           1.27           1.41            -90.96        90.47         90.42          0.66        1.29        1.43         -68.71         79.31          80.36           -22.25        11.16         10.06          
6.87  -0.304 0.431  -0.208 0.84           1.11           1.39            -90.65        90.49         90.39          0.87        1.14        1.41         -73.94         77.80          80.19           -16.71        12.69         10.20          
6.90  -0.314 0.411  -0.242 0.66           1.06           1.21            -117.49       106.87        104.68         0.59        1.01        1.17         -95.50         93.21          92.77           -21.99        13.66         11.91          
6.93  -0.315 0.382  -0.289 0.89           1.39           1.65            -92.43        91.56         91.32          0.92        1.41        1.67         -76.66         81.34          82.69           -15.78        10.23         8.62           
6.97  -0.327 0.357  -0.340 0.81           1.59           1.75            -115.65       102.65        101.49         0.73        1.56        1.72         -97.74         93.64          93.29           -17.90        9.01          8.20           
7.00  -0.326 0.340  -0.374 0.53           1.01           1.14            -87.81        88.84         88.98          0.60        1.04        1.17         -63.03         74.97          76.64           -24.78        13.87         12.33          
7.03  -0.331 0.310  -0.413 0.89           1.19           1.48            -99.88        97.33         95.91          0.88        1.19        1.48         -83.63         85.29          86.21           -16.25        12.04         9.70           
7.07  -0.339 0.308  -0.440 0.23           0.82           0.82            -163.52       105.36        105.32         0.07        0.79        0.79         -63.15         87.64          87.65           -100.37       17.72         17.66          
7.10  -0.344 0.296  -0.473 0.40           1.01           1.07            -113.58       99.07         98.52          0.38        1.00        1.07         -76.02         84.80          85.11           -37.56        14.27         13.41          
7.13  -0.346 0.289  -0.498 0.23           0.75           0.78            -101.56       93.54         93.39          0.30        0.77        0.81         -47.97         74.74          75.36           -53.59        18.80         18.03          
7.17  -0.348 0.286  -0.517 0.10           0.59           0.59            -134.04       96.51         96.46          0.20        0.61        0.62         -20.57         72.55          72.66           -113.46       23.96         23.80          
7.20  -0.347 0.288  -0.536 0.06           0.57           0.57            69.56         87.95         87.96          0.28        0.63        0.63         11.37          64.46          64.56           58.19         23.49         23.40          
7.23  -0.357 0.289  -0.559 0.29           0.75           0.75            177.78        112.80        112.80         0.04        0.69        0.69         164.00         93.26          93.26           13.77         19.54         19.54          
7.27  -0.355 0.276  -0.575 0.37           0.48           0.61            -80.88        82.97         84.42          0.48        0.57        0.68         -49.94         57.12          62.87           -30.95        25.84         21.55          
7.30  -0.355 0.262  -0.586 0.42           0.34           0.54            -91.89        92.40         91.49          0.49        0.41        0.59         -60.94         54.82          66.42           -30.95        37.58         25.06          
7.33  -0.351 0.247  -0.593 0.46           0.25           0.51            -74.05        59.40         75.57          0.58        0.43        0.62         -49.69         29.67          52.62           -24.36        29.74         22.95          
7.37  -0.358 0.220  -0.602 0.85           0.32           0.89            -103.29       128.42        102.76         0.83        0.25        0.87         -86.30         77.77          86.46           -16.99        50.65         16.30          
7.40  -0.359 0.201  -0.605 0.57           0.11           0.58            -93.84        109.67        93.77          0.61        0.24        0.61         -69.49         26.64          69.81           -24.35        83.03         23.96          
7.43  -0.356 0.184  -0.603 0.52           0.11           0.53            -79.86        -33.20        79.93          0.62        0.35        0.62         -56.38         -9.98          56.56           -23.48        -23.22        23.37          
7.47  -0.361 0.171  -0.586 0.40           0.53           0.65            -111.64       -106.15       103.16         0.39        0.52        0.64         -74.74         -78.74         80.86           -36.90        -27.41        22.30          
7.50  -0.367 0.170  -0.570 0.19           0.52           0.52            -171.68       -111.10       111.07         0.07        0.49        0.49         -23.57         -82.63         82.64           -148.10       -28.47        28.43          
7.53  -0.371 0.155  -0.551 0.48           0.57           0.74            -104.46       -102.12       99.37          0.48        0.57        0.74         -74.33         -76.84         79.82           -30.13        -25.28        19.55          
7.57  -0.378 0.147  -0.535 0.30           0.53           0.57            -131.50       -112.39       110.48         0.23        0.49        0.54         -77.53         -84.12         84.67           -53.97        -28.27        25.81          
7.60  -0.392 0.134  -0.519 0.59           0.66           0.77            -137.98       -131.64       124.76         0.44        0.53        0.66         -115.51        -110.92        106.61          -22.47        -20.72        18.15          
7.63  -0.402 0.138  -0.507 0.32           0.46           0.48            155.43        -129.42       127.57         0.14        0.36        0.38         107.66         -96.82         96.39           47.77         -32.60        31.18          
7.67  -0.414 0.132  -0.493 0.41           0.56           0.60            -152.69       -130.55       128.05         0.22        0.44        0.48         -121.68        -105.25        104.00          -31.01        -25.30        24.05          
7.70  -0.423 0.127  -0.494 0.31           0.26           0.31            -147.54       173.08        147.07         0.17        0.03        0.17         -94.05         110.34         93.97           -53.49        62.74         53.10          
7.73  -0.421 0.139  -0.470 0.37           0.71           0.80            83.00         -86.36        86.77          0.47        0.77        0.85         51.20          -67.38         69.70           31.80         -18.98        17.07          
7.77  -0.417 0.152  -0.463 0.41           0.25           0.46            71.43         -57.99        73.52          0.54        0.43        0.58         45.54          -28.71         49.16           25.89         -29.29        24.36          
7.80  -0.420 0.154  -0.454 0.12           0.29           0.30            134.84        -106.23       105.61         0.19        0.33        0.34         25.83          -58.83         59.86           109.01        -47.40        45.75          
7.83  -0.411 0.153  -0.437 0.28           0.57           0.57            -6.16         -60.83        60.88          0.53        0.72        0.73         -3.25          -43.31         43.36           -2.91         -17.53        17.52          
7.87  -0.401 0.145  -0.426 0.37           0.43           0.50            -42.49        -50.46        56.64          0.58        0.62        0.67         -25.62         -32.39         38.50           -16.86        -18.07        18.14          
7.90  -0.390 0.127  -0.413 0.64           0.52           0.75            -58.19        -49.85        63.45          0.80        0.71        0.89         -42.76         -34.21         48.94           -15.43        -15.64        14.51          
7.93  -0.381 0.125  -0.397 0.29           0.56           0.56            -9.62         -59.45        59.58          0.54        0.72        0.72         -5.14          -41.97         42.11           -4.48         -17.48        17.46          
7.97  -0.370 0.124  -0.384 0.34           0.51           0.51            -9.39         -48.98        49.27          0.59        0.70        0.70         -5.42          -33.38         33.65           -3.98         -15.60        15.62          
8.00  -0.366 0.123  -0.369 0.11           0.47           0.47            -6.88         -76.24        76.25          0.36        0.58        0.58         -2.14          -51.63         51.64           -4.74         -24.61        24.61          
8.03  -0.351 0.123  -0.354 0.45           0.63           0.63            -0.90         -44.67        44.67          0.70        0.83        0.83         -0.58          -32.44         32.45           -0.32         -12.23        12.23          
8.07  -0.347 0.139  -0.345 0.49           0.28           0.56            75.55         -64.33        77.20          0.61        0.45        0.66         52.03          -34.51         55.49           23.51         -29.83        21.72          
8.10  -0.345 0.146  -0.339 0.22           0.21           0.30            74.22         -73.58        78.47          0.37        0.37        0.42         34.03          -32.94         43.10           40.19         -40.64        35.37          
8.13  -0.334 0.149  -0.326 0.35           0.50           0.51            15.68         -48.35        49.21          0.59        0.70        0.70         9.13           -32.77         33.56           6.55          -15.59        15.65          
8.17  -0.330 0.147  -0.296 0.12           0.90           0.91            -36.88        -84.00        84.02          0.35        0.96        0.97         -11.63         -69.03         69.09           -25.25        -14.97        14.93          
8.20  -0.335 0.153  -0.275 0.23           0.65           0.68            128.95        -103.06       102.57         0.21        0.64        0.67         60.73          -80.86         81.21           68.22         -22.20        21.36          
8.23  -0.333 0.150  -0.253 0.10           0.67           0.67            -46.07        -84.26        84.29          0.32        0.74        0.74         -12.34         -64.49         64.61           -33.73        -19.76        19.68          
8.27  -0.345 0.160  -0.235 0.46           0.66           0.72            140.62        -122.91       119.75         0.31        0.56        0.63         109.93         -100.90        99.66           30.69         -22.01        20.10          
8.30  -0.349 0.159  -0.210 0.12           0.75           0.75            -161.80       -98.47        98.46          0.14        0.75        0.75         -14.44         -79.24         79.25           -147.37       -19.23        19.21          
8.33  -0.364 0.162  -0.191 0.49           0.75           0.76            167.82        -129.38       128.94         0.25        0.62        0.63         155.52         -111.26        110.96          12.30         -18.11        17.98          
8.37  -0.371 0.162  -0.169 0.20           0.68           0.68            -174.92       -106.96       106.96         0.05        0.66        0.66         -19.38         -85.59         85.60           -155.55       -21.37        21.36          
8.40  -0.387 0.179  -0.144 0.69           0.89           1.03            132.44        -121.61       117.05         0.56        0.79        0.94         113.03         -105.96        103.35          19.41         -15.65        13.70          
8.43  -0.390 0.187  -0.132 0.27           0.35           0.43            112.92        -107.61       104.24         0.29        0.36        0.44         60.12          -66.67         70.97           52.80         -40.94        33.28          
8.47  -0.398 0.205  -0.112 0.58           0.64           0.83            113.12        -110.81       105.85         0.53        0.60        0.80         87.58          -87.85         88.39           25.54         -22.96        17.46          
8.50  -0.404 0.227  -0.108 0.70           0.23           0.72            105.75        -145.67       105.48         0.68        0.14        0.69         85.03          -65.71         85.12           20.72         -79.95        20.36          
8.53  -0.407 0.238  -0.105 0.32           0.12           0.33            106.67        -138.41       106.14         0.34        0.18        0.35         62.56          -27.10         63.36           44.10         -111.31       42.78          
8.57  -0.411 0.266  -0.094 0.86           0.35           0.92            98.50         -111.21       97.94          0.86        0.35        0.92         81.75          -69.39         82.30           16.75         -41.83        15.64          
8.60  -0.425 0.293  -0.102 0.90           0.46           0.93            116.51        151.61        115.72         0.82        0.27        0.85         100.71         125.04         100.35          15.81         26.57         15.37          
8.63  -0.430 0.317  -0.108 0.73           0.25           0.76            103.21        132.15        102.80         0.72        0.20        0.74         83.43          66.06          83.64           19.78         66.10         19.16          
8.67  -0.444 0.345  -0.112 0.95           0.42           0.96            115.42        165.10        115.25         0.88        0.19        0.88         100.51         145.71         100.42          14.92         19.39         14.82          
8.70  -0.444 0.349  -0.120 0.12           0.27           0.29            89.05         89.58         89.61          0.28        0.37        0.39         25.36          46.74          49.32           63.69         42.84         40.29          
8.73  -0.463 0.360  -0.129 0.65           0.62           0.70            150.43        155.50        143.95         0.45        0.41        0.52         134.57         140.80         127.52          15.86         14.70         16.43          
8.77  -0.476 0.377  -0.142 0.64           0.54           0.74            127.41        136.13        121.64         0.53        0.40        0.64         105.18         110.26         102.33          22.22         25.87         19.31          
8.80  -0.481 0.381  -0.155 0.19           0.43           0.45            136.73        109.09        108.22         0.17        0.42        0.44         50.24          74.83          75.54           86.49         34.27         32.68          
8.83  -0.499 0.391  -0.169 0.62           0.68           0.75            150.57        142.41        136.34         0.42        0.51        0.59         133.55         124.87         119.34          17.01         17.54         17.00          
8.87  -0.511 0.401  -0.187 0.47           0.66           0.72            143.17        124.89        121.72         0.31        0.56        0.62         114.23         103.23         101.77          28.93         21.66         19.95          
8.90  -0.514 0.401  -0.207 0.10           0.61           0.61            -175.19       99.63         99.63          0.15        0.62        0.62         -3.28          76.02          76.02           -171.91       23.61         23.61          
8.93  -0.517 0.405  -0.226 0.14           0.57           0.59            117.32        96.37         96.23          0.22        0.60        0.61         33.49          71.91          72.29           83.83         24.47         23.94          
8.97  -0.519 0.411  -0.242 0.20           0.50           0.54            110.66        98.20         97.66          0.26        0.53        0.56         46.68          70.19          71.41           63.98         28.00         26.26          
9.00  -0.521 0.415  -0.263 0.13           0.63           0.65            115.65        95.21         95.12          0.23        0.66        0.67         31.91          73.05          73.33           83.75         22.16         21.79          
9.03  -0.525 0.419  -0.289 0.17           0.77           0.78            134.15        98.73         98.63          0.18        0.77        0.78         41.85          79.98          80.10           92.29         18.75         18.53          
9.07  -0.525 0.412  -0.309 0.21           0.61           0.64            -94.25        91.49         91.40          0.32        0.65        0.68         -42.17         68.88          69.97           -52.07        22.60         21.43          
9.10  -0.526 0.409  -0.329 0.08           0.59           0.60            -101.52       91.62         91.60          0.25        0.64        0.64         -19.32         68.47          68.66           -82.20        23.14         22.94          
9.13  -0.527 0.398  -0.347 0.34           0.56           0.65            -95.54        93.42         92.91          0.40        0.60        0.69         -57.60         68.65          71.59           -37.94        24.77         21.32          
9.17  -0.527 0.382  -0.364 0.47           0.52           0.70            -88.93        89.02         89.28          0.54        0.58        0.75         -61.26         63.38          69.70           -27.66        25.64         19.58          
9.20  -0.520 0.363  -0.402 0.61           1.16           1.30            -72.24        80.76         81.74          0.73        1.23        1.36         -53.14         69.14          71.24           -19.10        11.61         10.51          
9.23  -0.523 0.345  -0.420 0.54           0.54           0.76            -98.44        98.42         95.98          0.56        0.56        0.77         -72.17         72.20          77.20           -26.27        26.22         18.79          
9.27  -0.526 0.332  -0.443 0.41           0.71           0.81            -103.61       97.91         96.87          0.43        0.72        0.82         -69.13         77.66          79.26           -34.48        20.24         17.61          
9.30  -0.528 0.325  -0.465 0.21           0.66           0.69            -101.42       93.56         93.40          0.29        0.69        0.72         -44.17         72.40          73.13           -57.25        21.16         20.27          
9.33  -0.528 0.303  -0.483 0.65           0.53           0.84            -90.91        91.10         90.70          0.69        0.58        0.87         -69.68         65.69          74.02           -21.23        25.41         16.68          
9.37  -0.530 0.298  -0.514 0.18           0.93           0.95            -109.65       93.67         93.62          0.25        0.95        0.96         -41.34         78.45          78.62           -68.32        15.23         14.99          
9.40  -0.535 0.300  -0.532 0.15           0.54           0.54            154.27        104.77        104.66         0.13        0.53        0.54         30.58          77.86          77.96           123.69        26.91         26.71          
9.43  -0.534 0.299  -0.550 0.03           0.54           0.54            -44.06        87.64         87.65          0.27        0.61        0.61         -4.54          63.35          63.37           -39.53        24.29         24.28          
9.47  -0.531 0.299  -0.560 0.10           0.33           0.33            -11.81        72.64         72.68          0.35        0.47        0.47         -3.36          41.95          42.01           -8.45         30.69         30.66          
9.50  -0.533 0.303  -0.561 0.17           0.09           0.17            120.73        171.14        120.62         0.22        0.16        0.22         41.42          4.67           41.54           79.31         166.46        79.08          
9.53  -0.517 0.295  -0.556 0.56           0.52           0.57            -26.73        -15.61        29.93          0.79        0.76        0.80         -18.52         -10.53         20.96           -8.21         -5.08         8.98           
9.57  -0.510 0.281  -0.549 0.47           0.29           0.51            -63.17        -42.56        65.36          0.62        0.50        0.65         -42.15         -22.80         44.94           -21.02        -19.76        20.42          
9.60  -0.502 0.269  -0.537 0.44           0.44           0.57            -55.49        -55.26        63.98          0.62        0.61        0.71         -35.93         -35.70         45.58           -19.56        -19.56        18.39          
9.63  -0.496 0.258  -0.516 0.38           0.67           0.75            -64.38        -75.85        77.42          0.54        0.77        0.84         -39.48         -57.45         60.53           -24.90        -18.40        16.88          
9.67  -0.491 0.253  -0.490 0.20           0.79           0.80            -39.47        -78.60        78.75          0.43        0.88        0.88         -17.58         -62.34         62.66           -21.88        -16.26        16.09          
9.70  -0.489 0.245  -0.457 0.26           0.98           1.02            -75.10        -86.11        86.23          0.40        1.03        1.06         -38.40         -72.13         72.65           -36.69        -13.98        13.58          
9.73  -0.490 0.239  -0.428 0.18           0.89           0.90            -102.16       -92.44        92.39          0.28        0.91        0.93         -39.56         -76.54         76.79           -62.59        -15.89        15.60          
9.77  -0.488 0.246  -0.403 0.22           0.75           0.78            75.97         -86.02        86.17          0.37        0.81        0.84         34.63          -68.07         68.80           41.33         -17.95        17.37          
9.80  -0.486 0.253  -0.375 0.22           0.83           0.86            70.17         -84.75        84.91          0.39        0.89        0.92         32.93          -68.51         69.12           37.24         -16.23        15.79          
9.83  -0.476 0.259  -0.349 0.34           0.83           0.84            31.67         -69.53        70.01          0.57        0.94        0.96         18.29          -55.13         55.83           13.38         -14.39        14.18          
9.87  -0.476 0.271  -0.328 0.35           0.63           0.72            91.76         -90.99        90.86          0.43        0.68        0.76         55.93          -69.26         71.72           35.84         -21.72        19.14          
9.90  -0.469 0.284  -0.313 0.44           0.49           0.63            61.06         -64.49        70.14          0.60        0.64        0.75         39.77          -43.97         51.87           21.29         -20.53        18.27          
9.93  -0.473 0.309  -0.306 0.77           0.26           0.81            99.17         -118.31       98.79          0.77        0.26        0.81         80.58          -61.03         80.97           18.60         -57.28        17.83          
9.97  -0.472 0.334  -0.299 0.74           0.20           0.77            86.26         -76.09        86.39          0.80        0.36        0.82         68.07          -33.22         68.73           18.19         -42.87        17.66          
10.00 -0.467 0.347  -0.297 0.42           0.16           0.42            69.97         -24.92        70.23          0.55        0.40        0.56         44.87          -9.57          45.27           25.10         -15.35        24.96          
10.03 -0.460 0.380  -0.300 1.02           0.23           1.02            78.09         23.32         78.14          1.09        0.47        1.10         65.18          11.12          65.27           12.91         12.20         12.87          
10.07 -0.462 0.409  -0.304 0.88           0.12           0.89            93.36         115.79        93.33          0.90        0.23        0.91         77.35          28.41          77.44           16.01         87.38         15.90          
10.10 -0.459 0.432  -0.310 0.67           0.22           0.70            83.48         69.64         83.77          0.74        0.39        0.77         63.92          32.18          64.93           19.56         37.47         18.84          
10.13 -0.457 0.449  -0.321 0.53           0.32           0.62            82.48         77.54         83.53          0.62        0.45        0.69         58.78          44.60          62.52           23.70         32.94         21.02          
10.17 -0.458 0.469  -0.332 0.61           0.33           0.69            94.22         97.79         93.72          0.64        0.38        0.72         71.21          57.74          73.33           23.01         40.06         20.39          
10.20 -0.462 0.478  -0.351 0.28           0.57           0.63            111.58        100.33        99.40          0.30        0.58        0.64         60.38          75.33          76.62           51.20         25.00         22.78          
10.23 -0.466 0.491  -0.367 0.42           0.50           0.64            107.71        104.73        101.48         0.42        0.50        0.64         72.77          75.68          78.85           34.94         29.06         22.63          
10.27 -0.465 0.495  -0.386 0.12           0.58           0.59            74.42         86.68         86.75          0.31        0.64        0.65         22.88          63.73          64.21           51.54         22.94         22.53          
10.30 -0.466 0.492  -0.411 0.09           0.77           0.78            -101.61       91.41         91.40          0.25        0.80        0.81         -21.74         73.29          73.40           -79.87        18.12         18.00          
10.33 -0.472 0.487  -0.432 0.25           0.65           0.67            -144.62       108.40        107.94         0.15        0.62        0.63         -72.74         85.80          85.91           -71.87        22.60         22.02          
10.37 -0.475 0.480  -0.455 0.23           0.71           0.74            -105.82       95.17         94.92          0.29        0.73        0.76         -50.23         75.13          75.80           -55.59        20.04         19.12          
10.40 -0.484 0.473  -0.478 0.34           0.74           0.76            -144.84       112.38        111.58         0.20        0.68        0.71         -98.67         92.53          92.43           -46.17        19.85         19.15          
10.43 -0.493 0.463  -0.513 0.40           1.09           1.13            -131.18       103.78        103.29         0.30        1.06        1.10         -91.95         90.55          90.53           -39.24        13.24         12.76          
10.47 -0.498 0.456  -0.541 0.27           0.85           0.88            -127.92       101.07        100.75         0.23        0.84        0.87         -67.60         84.09          84.27           -60.31        16.98         16.48          
10.50 -0.508 0.439  -0.568 0.61           0.86           1.01            -120.39       111.02        107.82         0.53        0.80        0.96         -96.34         94.16          93.48           -24.05        16.86         14.33          
10.53 -0.525 0.426  -0.596 0.64           0.99           1.06            -142.68       120.85        118.53         0.46        0.89        0.97         -123.61        106.84         105.40          -19.07        14.01         13.13          
10.57 -0.538 0.418  -0.627 0.45           0.98           1.02            -145.89       112.43        111.68         0.28        0.92        0.95         -116.25        97.85          97.56           -29.65        14.58         14.12          
10.60 -0.553 0.413  -0.649 0.47           0.81           0.82            -164.42       124.06        123.60         0.24        0.70        0.71         -148.17        106.89         106.61          -16.25        17.17         16.98          
10.63 -0.580 0.415  -0.670 0.81           1.02           1.02            177.01        142.28        142.22         0.56        0.84        0.84         175.68         131.74         131.68          1.34          10.54         10.54          
10.67 -0.606 0.424  -0.679 0.84           0.85           0.89            161.43        159.92        153.60         0.61        0.62        0.67         153.90         151.95         144.10          7.53          7.97          9.49           
10.70 -0.616 0.419  -0.694 0.33           0.52           0.54            -153.34       124.62        123.12         0.16        0.43        0.46         -107.28        96.15          95.81           -46.07        28.47         27.30          
10.73 -0.641 0.432  -0.696 0.86           0.76           0.86            151.13        174.48        150.76         0.65        0.51        0.66         140.46         171.77         140.03          10.67         2.71          10.73          
10.77 -0.659 0.446  -0.698 0.66           0.53           0.66            143.17        175.53        143.02         0.49        0.28        0.49         125.20         171.57         125.05          17.98         3.95          17.97          
10.80 -0.678 0.464  -0.692 0.79           0.59           0.81            135.82        -162.47       134.38         0.63        0.36        0.66         119.78         -150.40        118.56          16.03         -12.06        15.82          
10.83 -0.698 0.481  -0.682 0.80           0.67           0.85            139.36        -154.36       135.48         0.63        0.46        0.69         124.35         -140.72        120.82          15.00         -13.64        14.66          
10.87 -0.706 0.495  -0.670 0.48           0.43           0.60            119.13        -122.92       112.90         0.42        0.36        0.55         87.81          -87.46         88.34           31.32         -35.46        24.55          
10.90 -0.728 0.510  -0.653 0.81           0.84           0.95            146.46        -143.75       135.33         0.62        0.65        0.79         133.51         -130.63        122.48          12.95         -13.12        12.85          
10.93 -0.751 0.520  -0.635 0.73           0.87           0.91            156.99        -140.83       137.43         0.51        0.69        0.75         145.96         -127.66        124.38          11.03         -13.18        13.04          
10.97 -0.749 0.527  -0.615 0.24           0.59           0.64            81.45         -86.60        86.84          0.37        0.66        0.70         39.37          -64.28         65.87           42.08         -22.31        20.96          
11.00 -0.758 0.530  -0.601 0.28           0.51           0.52            161.50        -121.41       120.89         0.09        0.44        0.44         100.09         -92.08         92.04           61.41         -29.33        28.85          
11.03 -0.773 0.537  -0.577 0.50           0.85           0.87            156.15        -122.31       121.34         0.29        0.75        0.77         135.49         -105.88        105.32          20.66         -16.43        16.02          
11.07 -0.779 0.538  -0.546 0.18           0.96           0.96            167.43        -100.56       100.55         0.08        0.94        0.94         27.58          -85.45         85.45           139.85        -15.11        15.10          
11.10 -0.785 0.538  -0.517 0.18           0.89           0.89            -171.61       -101.83       101.83         0.07        0.87        0.87         -21.78         -85.58         85.58           -149.83       -16.25        16.25          
11.13 -0.787 0.541  -0.483 0.11           1.01           1.02            121.32        -93.28        93.26          0.21        1.03        1.03         26.36          -79.25         79.29           94.96         -14.03        13.97          
11.17 -0.798 0.538  -0.453 0.34           0.96           0.96            -165.35       -110.05       109.97         0.12        0.91        0.91         -132.63        -95.02         95.00           -32.72        -15.03        14.97          
11.20 -0.806 0.529  -0.425 0.35           0.87           0.90            -132.91       -105.84       105.18         0.26        0.83        0.87         -87.02         -89.09         89.13           -45.88        -16.75        16.05          
11.23 -0.812 0.527  -0.395 0.19           0.91           0.91            -155.92       -101.18       101.14         0.11        0.90        0.90         -47.04         -85.30         85.32           -108.88       -15.88        15.82          
11.27 -0.823 0.521  -0.360 0.38           1.12           1.13            -152.60       -107.85       107.62         0.20        1.07        1.08         -117.38        -94.94         94.87           -35.22        -12.91        12.75          
11.30 -0.834 0.515  -0.329 0.38           0.98           0.99            -149.91       -109.44       109.08         0.20        0.92        0.94         -111.69        -94.65         94.56           -38.21        -14.79        14.52          
11.33 -0.851 0.508  -0.307 0.54           0.84           0.86            -160.06       -127.55       126.52         0.32        0.71        0.73         -144.51        -111.37        110.65          -15.54        -16.18        15.87          
11.37 -0.872 0.506  -0.289 0.63           0.83           0.84            -173.97       -138.85       138.65         0.38        0.67        0.67         -170.04        -124.55        124.35          -3.93         -14.31        14.29          
11.40 -0.890 0.488  -0.254 0.76           1.16           1.28            -133.74       -117.10       114.29         0.62        1.07        1.20         -116.73        -105.07        103.35          -17.02        -12.03        10.93          
11.43 -0.915 0.475  -0.229 0.84           1.07           1.13            -153.94       -135.09       132.01         0.63        0.91        0.98         -143.88        -123.91        121.11          -10.07        -11.19        10.90          
11.47 -0.934 0.458  -0.205 0.78           0.91           1.06            -136.22       -127.80       121.90         0.62        0.79        0.95         -120.03        -113.25        109.03          -16.19        -14.54        12.87          
11.50 -0.949 0.443  -0.185 0.62           0.75           0.86            -136.98       -127.52       121.97         0.47        0.63        0.76         -115.75        -109.07        105.70          -21.22        -18.45        16.28          
11.53 -0.957 0.423  -0.170 0.65           0.51           0.80            -111.16       -117.16       107.17         0.61        0.46        0.76         -88.57         -88.10         88.86           -22.59        -29.06        18.32          
11.57 -0.957 0.418  -0.156 0.16           0.41           0.44            -93.54        -91.33        91.25          0.29        0.48        0.50         -32.83         -59.79         61.40           -60.71        -31.55        29.84          
11.60 -0.949 0.396  -0.152 0.70           0.28           0.72            -69.97        -30.47        70.38          0.82        0.51        0.83         -53.34         -16.08         53.96           -16.63        -14.39        16.42          
11.63 -0.945 0.372  -0.162 0.72           0.32           0.78            -80.26        67.58         80.99          0.80        0.47        0.85         -62.32         38.42          64.16           -17.94        29.16         16.84          
11.67 -0.933 0.355  -0.177 0.63           0.57           0.78            -57.15        52.93         63.86          0.80        0.75        0.92         -41.85         37.43          49.67           -15.31        15.50         14.18          
11.70 -0.917 0.338  -0.187 0.71           0.59           0.78            -45.56        32.30         50.19          0.90        0.81        0.96         -34.15         22.81          38.60           -11.41        9.49          11.60          
11.73 -0.908 0.333  -0.194 0.32           0.35           0.38            -28.23        36.81         42.64          0.55        0.57        0.59         -15.82         21.55          25.92           -12.41        15.26         16.72          
11.77 -0.898 0.328  -0.200 0.32           0.34           0.37            -28.26        32.55         39.84          0.55        0.56        0.58         -15.92         18.72          23.89           -12.33        13.83         15.95          
11.80 -0.887 0.326  -0.199 0.34           0.33           0.34            -10.22        -5.44         11.52          0.58        0.58        0.58         -5.86          -3.11          6.62            -4.35         -2.34         4.90           
11.83 -0.876 0.335  -0.205 0.44           0.38           0.47            40.33         26.63         44.60          0.65        0.61        0.67         25.96          16.05          29.49           14.37         10.59         15.11          
11.87 -0.862 0.343  -0.201 0.48           0.44           0.49            27.66         -14.31        30.24          0.71        0.68        0.72         18.22          -9.10          20.11           9.44          -5.21         10.13          
11.90 -0.855 0.342  -0.194 0.20           0.29           0.29            -6.35         -45.99        46.16          0.45        0.50        0.50         -2.85          -24.86         24.99           -3.50         -21.13        21.17          
11.93 -0.848 0.345  -0.184 0.22           0.36           0.38            23.16         -55.65        56.73          0.46        0.55        0.55         10.93          -33.45         34.54           12.23         -22.19        22.19          
11.97 -0.838 0.351  -0.176 0.37           0.39           0.44            31.23         -35.86        43.33          0.60        0.61        0.64         18.79          -22.07         27.89           12.44         -13.79        15.44          
12.00 -0.826 0.358  -0.170 0.38           0.39           0.44            29.47         -31.60        39.88          0.61        0.62        0.65         17.93          -19.40         25.55           11.55         -12.20        14.32          
12.03 -0.816 0.362  -0.153 0.35           0.58           0.59            24.81         -57.00        58.12          0.58        0.74        0.76         14.43          -40.60         41.83           10.38         -16.40        16.30          
12.07 -0.801 0.361  -0.136 0.45           0.69           0.69            -4.79         -49.14        49.22          0.70        0.88        0.88         -3.09          -36.68         36.75           -1.70         -12.47        12.47          
12.10 -0.790 0.362  -0.123 0.32           0.52           0.52            5.33          -51.28        51.36          0.57        0.70        0.70         3.01           -35.10         35.18           2.32          -16.18        16.18          
12.13 -0.774 0.378  -0.101 0.69           0.81           0.94            43.74         -52.11        58.03          0.89        0.99        1.10         32.52          -40.56         46.86           11.22         -11.54        11.16          
12.17 -0.762 0.393  -0.086 0.57           0.57           0.73            52.02         -51.89        61.04          0.75        0.75        0.87         36.80          -36.67         46.54           15.22         -15.22        14.50          
12.20 -0.739 0.402  -0.079 0.74           0.73           0.78            21.24         -18.39        27.09          0.98        0.97        1.00         15.93          -13.72         20.59           5.31          -4.67         6.51           
12.23 -0.717 0.414  -0.064 0.74           0.78           0.86            29.47         -34.69        41.78          0.96        1.00        1.06         22.13          -26.48         32.74           7.34          -8.21         9.04           
12.27 -0.695 0.410  -0.043 0.70           0.92           0.93            -10.51        -41.97        42.57          0.94        1.12        1.13         -7.74          -33.38         33.93           -2.77         -8.59         8.63           
12.30 -0.676 0.410  -0.041 0.55           0.55           0.55            1.34          -5.57         5.73           0.80        0.80        0.80         0.92           -3.84          3.95            0.42          -1.73         1.78           
12.33 -0.656 0.415  -0.043 0.63           0.62           0.63            11.40         3.80          11.98          0.88        0.87        0.88         8.17           2.71           8.59            3.23          1.09          3.39           
12.37 -0.637 0.419  -0.050 0.57           0.59           0.61            13.17         20.26         23.60          0.82        0.83        0.84         9.17           14.28          16.77           4.00          5.97          6.83           
12.40 -0.628 0.428  -0.072 0.39           0.71           0.77            46.78         67.78         69.47          0.59        0.84        0.89         28.90          51.79          54.17           17.88         15.99         15.29          
12.43 -0.619 0.435  -0.093 0.36           0.71           0.74            36.34         65.89         66.97          0.58        0.84        0.87         21.50          50.11          51.55           14.84         15.78         15.42          
12.47 -0.619 0.442  -0.114 0.19           0.63           0.66            91.02         90.30         90.29          0.31        0.68        0.71         36.90          68.75          69.53           54.12         21.55         20.75          
12.50 -0.627 0.448  -0.134 0.31           0.63           0.66            144.28        113.72        112.73         0.18        0.58        0.61         91.22          90.39          90.37           53.06         23.33         22.36          
12.53 -0.632 0.454  -0.150 0.23           0.51           0.54            126.04        105.42        104.47         0.22        0.50        0.54         58.23          76.79          77.62           67.81         28.64         26.85          
12.57 -0.654 0.455  -0.169 0.66           0.88           0.88            177.33        138.48        138.44         0.41        0.71        0.71         175.71         125.03         124.99          1.63          13.45         13.45          
12.60 -0.660 0.449  -0.186 0.28           0.53           0.57            -137.03       112.75        111.33         0.20        0.49        0.53         -76.94         84.82          85.18           -60.08        27.92         26.15          
12.63 -0.669 0.438  -0.211 0.41           0.80           0.86            -130.85       109.50        108.15         0.31        0.75        0.81         -93.09         91.27          91.17           -37.77        18.24         16.97          
12.67 -0.683 0.430  -0.242 0.47           1.02           1.05            -149.57       113.47        112.82         0.29        0.95        0.98         -123.38        99.54          99.25           -26.20        13.93         13.57          
12.70 -0.692 0.434  -0.257 0.30           0.51           0.53            155.65        122.05        121.06         0.13        0.44        0.45         100.61         93.04          92.92           55.04         29.01         28.14          
12.73 -0.698 0.405  -0.300 0.89           1.31           1.57            -101.36       97.64         96.36          0.87        1.30        1.57         -85.03         86.68          87.24           -16.33        10.96         9.13           
12.77 -0.713 0.408  -0.330 0.45           0.99           1.00            170.74        116.55        116.48         0.21        0.91        0.91         159.54         102.31         102.27          11.21         14.24         14.21          
12.80 -0.715 0.401  -0.351 0.21           0.65           0.68            -111.45       96.67         96.40          0.26        0.67        0.70         -47.90         74.94          75.54           -63.55        21.73         20.85          
12.83 -0.721 0.395  -0.378 0.25           0.82           0.85            -130.65       101.52        101.21         0.21        0.81        0.83         -65.88         83.94          84.10           -64.78        17.58         17.11          
12.87 -0.722 0.383  -0.402 0.38           0.71           0.81            -98.09        94.27         93.78          0.42        0.74        0.83         -62.22         74.54          76.24           -35.87        19.73         17.54          
12.90 -0.721 0.370  -0.423 0.39           0.64           0.75            -82.31        85.33         86.00          0.49        0.71        0.80         -51.95         64.66          67.94           -30.36        20.67         18.06          
12.93 -0.718 0.361  -0.442 0.27           0.57           0.63            -72.29        81.69         82.44          0.42        0.66        0.71         -37.93         59.60          61.92           -34.36        22.09         20.52          
12.97 -0.713 0.338  -0.461 0.71           0.58           0.91            -79.12        76.72         81.52          0.80        0.68        0.98         -61.14         55.91          66.86           -17.98        20.81         14.66          
13.00 -0.698 0.316  -0.466 0.80           0.49           0.82            -54.43        17.40         55.09          0.97        0.73        0.98         -42.33         11.54          43.03           -12.10        5.86          12.06          
13.03 -0.685 0.302  -0.467 0.58           0.40           0.58            -46.53        7.29          46.74          0.77        0.65        0.77         -32.92         4.49           33.11           -13.61        2.80          13.63          
13.07 -0.676 0.291  -0.466 0.43           0.26           0.43            -52.26        -7.16         52.39          0.61        0.51        0.61         -33.40         -3.67          33.53           -18.86        -3.49         18.86          
13.10 -0.659 0.281  -0.454 0.60           0.63           0.70            -31.01        -34.91        42.64          0.83        0.85        0.90         -22.06         -25.20         31.84           -8.94         -9.71         10.80          
13.13 -0.650 0.282  -0.433 0.27           0.68           0.68            9.15          -67.25        67.30          0.52        0.81        0.81         4.73           -50.75         50.81           4.42          -16.50        16.48          
13.17 -0.643 0.277  -0.418 0.25           0.51           0.53            -34.42        -66.11        67.03          0.48        0.65        0.67         -17.26         -45.67         46.93           -17.16        -20.44        20.10          
13.20 -0.633 0.289  -0.394 0.46           0.76           0.84            50.38         -67.53        69.69          0.64        0.89        0.95         32.99          -52.41         55.44           17.40         -15.12        14.25          
13.23 -0.622 0.290  -0.374 0.33           0.69           0.69            5.53          -61.01        61.05          0.58        0.84        0.84         3.16           -45.86         45.90           2.37          -15.15        15.14          
13.27 -0.621 0.311  -0.360 0.63           0.42           0.76            87.78         -86.67        88.15          0.69        0.50        0.81         66.58          -57.02         70.19           21.19         -29.65        17.96          
13.30 -0.616 0.319  -0.347 0.29           0.41           0.48            56.65         -67.41        70.62          0.47        0.56        0.61         30.57          -43.05         47.86           26.09         -24.36        22.76          
13.33 -0.606 0.333  -0.335 0.52           0.49           0.64            53.89         -51.71        61.82          0.69        0.67        0.79         36.94          -34.78         45.67           16.96         -16.93        16.15          
13.37 -0.596 0.345  -0.320 0.47           0.54           0.65            49.98         -56.31        62.43          0.66        0.71        0.80         33.04          -39.34         46.30           16.93         -16.98        16.13          
13.40 -0.585 0.365  -0.316 0.69           0.34           0.70            62.08         -18.93        62.47          0.83        0.58        0.84         46.71          -10.92         47.17           15.38         -8.01         15.29          
13.43 -0.571 0.381  -0.320 0.64           0.45           0.65            47.20         15.19         48.08          0.83        0.69        0.84         34.40          9.77           35.23           12.80         5.42          12.85          
13.47 -0.553 0.388  -0.314 0.59           0.58           0.61            21.38         -18.91        27.48          0.82        0.82        0.84         15.03          -13.22         19.63           6.35          -5.69         7.85           
13.50 -0.548 0.396  -0.315 0.29           0.16           0.29            58.38         18.83         58.93          0.47        0.40        0.47         31.47          7.32           32.03           26.90         11.50         26.90          
13.53 -0.531 0.415  -0.310 0.74           0.51           0.75            48.72         -18.61        49.90          0.92        0.75        0.93         36.94          -12.53         38.10           11.78         -6.08         11.81          
13.57 -0.518 0.429  -0.313 0.59           0.42           0.60            46.36         11.78         46.92          0.79        0.66        0.79         33.05          7.37           33.56           13.31         4.41          13.36          
13.60 -0.500 0.441  -0.311 0.64           0.52           0.64            35.07         -6.46         35.41          0.85        0.77        0.86         25.38          -4.37          25.66           9.69          -2.08         9.75           
13.63 -0.486 0.462  -0.314 0.77           0.43           0.77            56.90         11.78         57.14          0.93        0.67        0.93         43.83          7.43           44.10           13.07         4.34          13.05          
13.67 -0.474 0.484  -0.309 0.76           0.40           0.77            60.15         -19.89        60.67          0.91        0.64        0.92         46.39          -12.30         46.99           13.77         -7.60         13.68          
13.70 -0.462 0.498  -0.304 0.52           0.37           0.54            49.16         -22.71        50.89          0.71        0.61        0.72         33.71          -13.57         35.35           15.45         -9.14         15.54          
13.73 -0.454 0.518  -0.305 0.65           0.25           0.65            67.76         5.55          67.77          0.78        0.50        0.78         50.56          2.77           50.58           17.20         2.79          17.20          
13.77 -0.453 0.529  -0.311 0.34           0.19           0.38            82.20         75.81         83.13          0.45        0.35        0.48         48.57          31.52          52.18           33.64         44.29         30.95          
13.80 -0.456 0.558  -0.312 0.89           0.11           0.89            97.01         164.59        97.00          0.89        0.14        0.89         80.89          11.93          80.90           16.11         152.65        16.10          
13.83 -0.456 0.578  -0.323 0.60           0.32           0.68            89.49         89.04         89.55          0.65        0.41        0.73         67.01          51.52          69.48           22.48         37.53         20.07          
13.87 -0.458 0.591  -0.339 0.40           0.50           0.63            96.92         95.49         94.31          0.44        0.54        0.66         62.72          67.78          72.24           34.20         27.71         22.07          
13.90 -0.455 0.593  -0.363 0.10           0.72           0.72            26.29         82.64         82.66          0.35        0.79        0.80         7.60           64.45          64.49           18.69         18.20         18.17          
13.93 -0.448 0.588  -0.383 0.26           0.62           0.64            -36.16        70.36         70.95          0.48        0.75        0.76         -18.44         51.97          52.89           -17.71        18.38         18.06          
13.97 -0.445 0.585  -0.403 0.11           0.61           0.62            -48.54        82.99         83.06          0.34        0.69        0.69         -14.58         61.85          62.08           -33.96        21.14         20.98          
14.00 -0.441 0.570  -0.434 0.46           0.93           1.03            -73.49        81.86         82.66          0.59        1.00        1.09         -49.37         67.51          69.55           -24.13        14.35         13.11          
14.03 -0.432 0.541  -0.449 0.93           0.52           1.02            -72.83        58.07         74.52          1.03        0.68        1.12         -59.39         39.97          62.07           -13.44        18.10         12.45          
14.07 -0.428 0.518  -0.492 0.69           1.31           1.48            -82.06        85.85         86.32          0.76        1.35        1.52         -63.13         75.24          76.84           -18.93        10.61         9.47           
14.10 -0.420 0.492  -0.519 0.83           0.85           1.16            -72.82        73.40         77.89          0.93        0.96        1.24         -57.94         58.88          66.51           -14.87        14.52         11.38          
14.13 -0.412 0.467  -0.558 0.78           1.19           1.39            -70.45        77.34         79.25          0.89        1.26        1.46         -55.14         66.22          69.57           -15.32        11.13         9.68           
14.17 -0.401 0.443  -0.595 0.81           1.16           1.38            -67.31        74.50         76.99          0.93        1.25        1.46         -52.98         63.44          67.38           -14.33        11.07         9.61           
14.20 -0.400 0.419  -0.625 0.71           0.88           1.13            -85.85        86.66         87.40          0.77        0.93        1.17         -66.92         71.09          75.05           -18.93        15.57         12.34          
14.23 -0.388 0.397  -0.652 0.73           0.88           1.09            -62.68        67.57         72.13          0.87        1.00        1.19         -47.92         54.19          60.59           -14.76        13.38         11.53          
14.27 -0.388 0.385  -0.680 0.36           0.84           0.91            -87.28        88.83         88.93          0.45        0.88        0.95         -53.44         72.36          73.71           -33.84        16.47         15.22          
14.30 -0.386 0.373  -0.708 0.38           0.87           0.94            -79.22        85.26         85.65          0.49        0.92        0.99         -49.42         69.55          71.13           -29.80        15.71         14.53          
14.33 -0.376 0.347  -0.734 0.84           0.82           1.14            -69.86        69.33         75.27          0.96        0.94        1.22         -55.63         54.88          63.88           -14.23        14.45         11.39          
14.37 -0.364 0.331  -0.744 0.59           0.47           0.66            -51.66        39.45         56.46          0.77        0.68        0.82         -36.83         25.99          41.78           -14.83        13.47         14.68          
14.40 -0.356 0.319  -0.738 0.44           0.29           0.47            -57.43        -36.94        60.07          0.61        0.52        0.63         -37.21         -20.04         40.11           -20.22        -16.90        19.96          
14.43 -0.337 0.292  -0.715 0.99           0.89           1.21            -55.60        -51.32        62.51          1.15        1.07        1.34         -45.23         -40.78         52.99           -10.36        -10.54        9.51           
14.47 -0.329 0.279  -0.692 0.46           0.74           0.84            -56.33        -70.08        72.34          0.63        0.86        0.94         -37.09         -54.27         57.71           -19.23        -15.81        14.63          
14.50 -0.307 0.267  -0.667 0.75           0.99           1.05            -28.16        -48.37        51.25          0.97        1.17        1.22         -21.20         -39.18         42.07           -6.96         -9.18         9.18           
14.53 -0.295 0.247  -0.647 0.71           0.69           0.92            -60.04        -59.22        67.50          0.86        0.84        1.04         -45.42         -44.48         54.69           -14.62        -14.74        12.81          
14.57 -0.277 0.231  -0.624 0.72           0.88           1.00            -41.00        -51.84        57.02          0.92        1.05        1.15         -30.75         -41.06         46.53           -10.25        -10.79        10.50          
14.60 -0.269 0.211  -0.606 0.67           0.59           0.86            -67.93        -64.69        72.89          0.80        0.73        0.96         -51.11         -46.74         58.52           -16.82        -17.95        14.37          
14.63 -0.260 0.200  -0.582 0.42           0.76           0.83            -50.17        -69.49        71.16          0.61        0.88        0.94         -31.80         -54.12         56.57           -18.37        -15.37        14.58          
14.67 -0.261 0.194  -0.555 0.19           0.82           0.84            -102.37       -92.81        92.74          0.28        0.85        0.87         -41.14         -75.64         75.97           -61.23        -17.17        16.77          
14.70 -0.260 0.187  -0.527 0.20           0.85           0.87            -82.39        -88.20        88.25          0.34        0.89        0.91         -35.68         -71.89         72.34           -46.70        -16.31        15.91          
14.73 -0.257 0.175  -0.497 0.39           0.90           0.97            -73.10        -82.83        83.37          0.52        0.96        1.03         -45.55         -67.90         69.43           -27.55        -14.93        13.94          
14.77 -0.257 0.157  -0.456 0.54           1.25           1.36            -90.37        -90.16        90.15          0.60        1.27        1.38         -65.58         -78.81         79.72           -24.80        -11.35        10.43          
14.80 -0.269 0.144  -0.440 0.53           0.60           0.72            -132.90       -126.39       120.00         0.40        0.50        0.63         -105.65        -102.53        99.87           -27.25        -23.86        20.13          
14.83 -0.282 0.147  -0.410 0.41           0.97           0.98            166.93        -114.47       114.35         0.18        0.90        0.90         148.48         -99.78         99.72           18.44         -14.69        14.62          
14.87 -0.291 0.144  -0.386 0.27           0.77           0.77            -162.62       -109.79       109.68         0.08        0.72        0.73         -96.79         -90.77         90.76           -65.83        -19.03        18.92          
14.90 -0.305 0.133  -0.368 0.55           0.69           0.77            -141.00       -128.10       123.50         0.39        0.57        0.66         -116.89        -107.85        105.21          -24.10        -20.25        18.29          
14.93 -0.307 0.119  -0.357 0.42           0.34           0.53            -100.57       -102.92       98.24          0.45        0.38        0.56         -67.12         -62.57         71.87           -33.45        -40.35        26.37          
14.97 -0.320 0.122  -0.352 0.38           0.41           0.41            168.60        -156.84       154.69         0.15        0.20        0.22         148.72         -127.81        125.07          19.88         -29.03        29.62          
15.00 -0.333 0.117  -0.345 0.41           0.43           0.45            -160.42       -151.74       147.20         0.19        0.24        0.28         -134.17        -122.74        118.20          -26.25        -29.00        29.00          
15.03 -0.336 0.111  -0.342 0.22           0.14           0.23            -119.41       -141.95       117.28         0.24        0.17        0.25         -53.26         -30.58         55.66           -66.15        -111.37       61.62          
15.07 -0.346 0.113  -0.347 0.31           0.34           0.35            169.31        153.22        151.68         0.08        0.16        0.17         133.54         109.57         108.41          35.77         43.65         43.27          
15.10 -0.354 0.100  -0.354 0.45           0.31           0.49            -120.68       137.12        117.45         0.38        0.21        0.44         -86.69         84.01          87.10           -33.99        53.11         30.36          
15.13 -0.361 0.097  -0.362 0.24           0.33           0.35            -155.19       131.41        129.24         0.11        0.25        0.27         -73.68         83.19          83.69           -81.51        48.21         45.54          
15.17 -0.361 0.080  -0.367 0.50           0.13           0.52            -88.32        83.68         88.38          0.56        0.30        0.58         -62.02         26.45          62.81           -26.31        57.23         25.57          
15.20 -0.368 0.065  -0.375 0.50           0.32           0.56            -114.65       129.95        111.92         0.45        0.25        0.52         -84.59         80.19          85.25           -30.05        49.76         26.67          
15.23 -0.369 0.048  -0.396 0.50           0.63           0.81            -93.22        92.53         91.99          0.55        0.67        0.84         -66.00         70.70          74.61           -27.22        21.83         17.38          
15.27 -0.378 0.045  -0.415 0.30           0.64           0.65            -163.21       116.56        116.30         0.09        0.57        0.58         -112.70        93.61          93.57           -50.51        22.95         22.73          
15.30 -0.373 0.027  -0.439 0.56           0.74           0.92            -74.26        78.10         80.42          0.67        0.83        0.99         -53.34         60.91          65.98           -20.92        17.19         14.44          
15.33 -0.383 0.011  -0.460 0.58           0.68           0.84            -119.47       114.76        109.66         0.50        0.62        0.80         -93.87         93.16          92.45           -25.60        21.59         17.21          
15.37 -0.390 -0.004 -0.481 0.50           0.66           0.79            -115.87       109.22        105.81         0.45        0.62        0.76         -85.66         86.87          87.46           -30.21        22.35         18.35          
15.40 -0.404 -0.010 -0.499 0.46           0.69           0.71            -157.51       127.46        126.14         0.24        0.58        0.60         -134.50        107.32         106.55          -23.00        20.14         19.59          
15.43 -0.410 -0.020 -0.515 0.37           0.51           0.60            -123.07       113.03        109.59         0.31        0.47        0.57         -80.91         84.04          85.00           -42.15        28.99         24.59          
15.47 -0.425 -0.021 -0.526 0.45           0.57           0.57            -178.14       141.91        141.88         0.20        0.40        0.40         -175.80        119.36         119.34          -2.35         22.55         22.54          
15.50 -0.433 -0.042 -0.542 0.67           0.52           0.82            -109.27       115.06        105.64         0.64        0.48        0.79         -87.51         86.67          88.00           -21.76        28.39         17.64          
15.53 -0.448 -0.052 -0.552 0.54           0.55           0.62            -148.31       148.23        138.83         0.36        0.36        0.46         -126.73        126.64         117.78          -21.58        21.59         21.05          
15.57 -0.464 -0.059 -0.570 0.53           0.72           0.75            -155.49       131.81        129.63         0.32        0.58        0.62         -136.34        113.14         111.59          -19.15        18.67         18.04          
15.60 -0.472 -0.066 -0.580 0.31           0.38           0.44            -136.75       126.46        121.25         0.21        0.31        0.37         -83.87         85.73          86.49           -52.88        40.73         34.75          
15.63 -0.488 -0.065 -0.584 0.48           0.49           0.49            178.16        166.29        166.17         0.23        0.26        0.26         176.14         152.90         152.70          2.02          13.39         13.48          
15.67 -0.499 -0.074 -0.590 0.41           0.38           0.45            -143.44       151.04        137.22         0.26        0.20        0.32         -108.41        114.04         104.94          -35.03        37.00         32.29          
15.70 -0.000 0.000  -0.000 15.12          23.17          23.28           8.40          -49.78        50.00          15.37       23.33       23.44        8.27           -49.31         49.53           0.14          -0.47         0.47           
15.73 -0.000 0.000  -0.000 0.00           0.00           0.00            0.00          0.00          0.00           0.25        0.25        0.25         0.00           -0.00          0.00            0.00          0.00          0.00           
15.77 -0.000 0.000  -0.000 0.00           0.00           0.00            0.00          0.00          0.00           0.25        0.25        0.25         0.00           -0.00          0.00            0.00          0.00          0.00           
15.80 -0.000 0.000  -0.000 0.00           0.00           0.00            0.00          0.00          0.00           0.25        0.25        0.25         0.00           -0.00          0.00            0.00          0.00          0.00           
15.83 -0.000 0.000  -0.000 0.00           0.00           0.00            0.00          0.00          0.00           0.25        0.25        0.25         0.00           -0.00          0.00            0.00          0.00          0.00           
15.87 -0.000 0.000  -0.000 0.00           0.00           0.00            0.00          0.00          0.00           0.25        0.25        0.25         0.00           -0.00          0.00            0.00          0.00          0.00           
15.90 -0.000 0.000  -0.000 0.00           0.00           0.00            0.00          0.00          0.00           0.25        0.25        0.25         0.00           -0.00          0.00            0.00          0.00          0.00           
15.93 -0.000 0.000  -0.000 0.00           0.00           0.00            0.00          0.00          0.00           0.25        0.25        0.25         0.00           -0.00          0.00            0.00          0.00          0.00           
15.97 -0.000 0.000  -0.000 0.00           0.00           0.00            0.00          0.00          0.00           0.25        0.25        0.25         0.00           -0.00          0.00            0.00          0.00          0.00           
16.00 -0.000 0.000  -0.000 0.00           0.00           0.00            0.00          0.00          0.00           0.25        0.25        0.25         0.00           -0.00          0.00            0.00          0.00          0.00           
16.03 -0.000 0.000  -0.000 0.00           0.00           0.00            0.00          0.00          0.00           0.25        0.25        0.25         0.00           -0.00          0.00            0.00          0.00          0.00           
16.07 -0.000 0.000  -0.000 0.00           0.00           0.00            0.00          0.00          0.00           0.25        0.25        0.25         0.00           -0.00          0.00            0.00          0.00          0.00           
16.10 -0.000 0.000  -0.000 0.00           0.00           0.00            0.00          0.00          0.00           0.25        0.25        0.25         0.00           -0.00          0.00            0.00          0.00          0.00           
16.13 -0.000 0.000  -0.000 0.00           0.00           0.00            0.00          0.00          0.00           0.25        0.25        0.25         0.00           -0.00          0.00            0.00          0.00          0.00           
16.17 -0.000 0.000  -0.000 0.00           0.00           0.00            0.00          0.00          0.00           0.25        0.25        0.25         0.00           -0.00          0.00            0.00          0.00          0.00           
16.20 -0.000 0.000  -0.000 0.00           0.00           0.00            0.00          0.00          0.00           0.25        0.25        0.25         0.00           -0.00          0.00            0.00          0.00          0.00           
16.23 -0.000 0.000  -0.000 0.00           0.00           0.00            0.00          0.00          0.00           0.25        0.25        0.25         0.00           -0.00          0.00            0.00          0.00          0.00           
16.27 -0.000 0.000  -0.000 0.00           0.00           0.00            0.00          0.00          0.00           0.25        0.25        0.25         0.00           -0.00          0.00            0.00          0.00          0.00           
16.30 -0.000 0.000  -0.000 0.00           0.00           0.00            0.00          0.00          0.00           0.25        0.25        0.25         0.00           -0.00          0.00            0.00          0.00          0.00           
16.33 -0.000 0.000  -0.000 0.00           0.00           0.00            0.00          0.00          0.00           0.25        0.25        0.25         0.00           -0.00          0.00            0.00          0.00          0.00           
16.37 -0.000 0.000  -0.000 0.00           0.00           0.00            0.00          0.00          0.00           0.25        0.25        0.25         0.00           -0.00          0.00            0.00          0.00          0.00           
16.40 -0.000 0.000  -0.000 0.00           0.00           0.00            0.00          0.00          0.00           0.25        0.25        0.25         0.00           -0.00          0.00            0.00          0.00          0.00           
16.43 -0.000 0.000  -0.000 0.00           0.00           0.00            0.00          0.00          0.00           0.25        0.25        0.25         0.00           -0.00          0.00            0.00          0.00          0.00           
16.47 -0.000 0.000  -0.000 0.00           0.00           0.00            0.00          0.00          0.00           0.25        0.25        0.25         0.00           -0.00          0.00            0.00          0.00          0.00           
16.50 -0.000 0.000  -0.000 0.00           0.00           0.00            0.00          0.00          0.00           0.25        0.25        0.25         0.00           -0.00          0.00            0.00          0.00          0.00           
16.53 -0.000 0.000  -0.000 0.00           0.00           0.00            0.00          0.00          0.00           0.25        0.25        0.25         0.00           -0.00          0.00            0.00          0.00          0.00           
16.57 -0.000 0.000  -0.000 0.00           0.00           0.00            0.00          0.00          0.00           0.25        0.25        0.25         0.00           -0.00          0.00            0.00          0.00          0.00           
16.60 -0.000 0.000  -0.000 0.00           0.00           0.00            0.00          0.00          0.00           0.25        0.25        0.25         0.00           -0.00          0.00            0.00          0.00          0.00           
16.63 -0.000 0.000  -0.000 0.00           0.00           0.00            0.00          0.00          0.00           0.25        0.25        0.25         0.00           -0.00          0.00            0.00          0.00          0.00           
16.67 -0.000 0.000  -0.000 0.00           0.00           0.00            0.00          0.00          0.00           0.25        0.25        0.25         0.00           -0.00          0.00            0.00          0.00          0.00           
16.70 -0.000 0.000  -0.000 0.00           0.00           0.00            0.00          0.00          0.00           0.25        0.25        0.25         0.00           -0.00          0.00            0.00          0.00          0.00           
16.73 -0.000 0.000  -0.000 0.00           0.00           0.00            0.00          0.00          0.00           0.25        0.25        0.25         0.00           -0.00          0.00            0.00          0.00          0.00           
16.77 -0.000 0.000  -0.000 0.00           0.00           0.00            0.00          0.00          0.00           0.25        0.25        0.25         0.00           -0.00          0.00            0.00          0.00          0.00           
16.80 -0.000 0.000  -0.000 0.00           0.00           0.00            0.00          0.00          0.00           0.25        0.25        0.25         0.00           -0.00          0.00            0.00          0.00          0.00           
16.83 -0.000 0.000  -0.000 0.00           0.00           0.00            0.00          0.00          0.00           0.25        0.25        0.25         0.00           -0.00          0.00            0.00          0.00          0.00           
16.87 -0.000 0.000  -0.000 0.00           0.00           0.00            0.00          0.00          0.00           0.25        0.25        0.25         0.00           -0.00          0.00            0.00          0.00          0.00           
16.90 -0.000 0.000  -0.000 0.00           0.00           0.00            0.00          0.00          0.00           0.25        0.25        0.25         0.00           -0.00          0.00            0.00          0.00          0.00           
16.93 -0.000 0.000  -0.000 0.00           0.00           0.00            0.00          0.00          0.00           0.25        0.25        0.25         0.00           -0.00          0.00            0.00          0.00          0.00           
16.97 -0.000 0.000  -0.000 0.00           0.00           0.00            0.00          0.00          0.00           0.25        0.25        0.25         0.00           -0.00          0.00            0.00          0.00          0.00           
17.00 -0.000 0.000  -0.000 0.00           0.00           0.00            0.00          0.00          0.00           0.25        0.25        0.25         0.00           -0.00          0.00            0.00          0.00          0.00           
17.03 -0.000 0.000  -0.000 0.00           0.00           0.00            0.00          0.00          0.00           0.25        0.25        0.25         0.00           -0.00          0.00            0.00          0.00          0.00           
17.07 -0.000 0.000  -0.000 0.00           0.00           0.00            0.00          0.00          0.00           0.25        0.25        0.25         0.00           -0.00          0.00            0.00          0.00          0.00           
17.10 -0.000 0.000  -0.000 0.00           0.00           0.00            0.00          0.00          0.00           0.25        0.25        0.25         0.00           -0.00          0.00            0.00          0.00          0.00           
17.13 -0.000 0.000  -0.000 0.00           0.00           0.00            0.00          0.00          0.00           0.25        0.25        0.25         0.00           -0.00          0.00            0.00          0.00          0.00           
17.17 -0.000 0.000  -0.000 0.00           0.00           0.00            0.00          0.00          0.00           0.25        0.25        0.25         0.00           -0.00          0.00            0.00          0.00          0.00           
17.20 -0.000 0.000  -0.000 0.00           0.00           0.00            0.00          0.00          0.00           0.25        0.25        0.25         0.00           -0.00          0.00            0.00          0.00          0.00           
17.23 -0.000 0.000  -0.000 0.00           0.00           0.00            0.00          0.00          0.00           0.25        0.25        0.25         0.00           -0.00          0.00            0.00          0.00          0.00           
17.27 -0.000 0.000  -0.000 0.00           0.00           0.00            0.00          0.00          0.00           0.25        0.25        0.25         0.00           -0.00          0.00            0.00          0.00          0.00           
17.30 -0.000 0.000  -0.000 0.00           0.00           0.00            0.00          0.00          0.00           0.25        0.25        0.25         0.00           -0.00          0.00            0.00          0.00          0.00           
17.33 -0.000 0.000  -0.000 0.00           0.00           0.00            0.00          0.00          0.00           0.25        0.25        0.25         0.00           -0.00          0.00            0.00          0.00          0.00           
17.37 -0.000 0.000  -0.000 0.00           0.00           0.00            0.00          0.00          0.00           0.25        0.25        0.25         0.00           -0.00          0.00            0.00          0.00          0.00           
17.40 -0.000 0.000  -0.000 0.00           0.00           0.00            0.00          0.00          0.00           0.25        0.25        0.25         0.00           -0.00          0.00            0.00          0.00          0.00           
17.43 -0.000 0.000  -0.000 0.00           0.00           0.00            0.00          0.00          0.00           0.25        0.25        0.25         0.00           -0.00          0.00            0.00          0.00          0.00           
17.47 -0.000 0.000  -0.000 0.00           0.00           0.00            0.00          0.00          0.00           0.25        0.25        0.25         0.00           -0.00          0.00            0.00          0.00          0.00           
17.50 -0.000 0.000  -0.000 0.00           0.00           0.00            0.00          0.00          0.00           0.25        0.25        0.25         0.00           -0.00          0.00            0.00          0.00          0.00           
17.53 -0.000 0.000  -0.000 0.00           0.00           0.00            0.00          0.00          0.00           0.25        0.25        0.25         0.00           -0.00          0.00            0.00          0.00          0.00           
17.57 -0.000 0.000  -0.000 0.00           0.00           0.00            0.00          0.00          0.00           0.25        0.25        0.25         0.00           -0.00          0.00            0.00          0.00          0.00           
17.60 -0.000 0.000  -0.000 0.00           0.00           0.00            0.00          0.00          0.00           0.25        0.25        0.25         0.00           -0.00          0.00            0.00          0.00          0.00           
17.63 -0.000 0.000  -0.000 0.00           0.00           0.00            0.00          0.00          0.00           0.25        0.25        0.25         0.00           -0.00          0.00            0.00          0.00          0.00           
17.67 -0.000 0.000  -0.000 0.00           0.00           0.00            0.00          0.00          0.00           0.25        0.25        0.25         0.00           -0.00          0.00            0.00          0.00          0.00           
17.70 -0.000 0.000  -0.000 0.00           0.00           0.00            0.00          0.00          0.00           0.25        0.25        0.25         0.00           -0.00          0.00            0.00          0.00          0.00           
17.73 -0.000 0.000  -0.000 0.00           0.00           0.00            0.00          0.00          0.00           0.25        0.25        0.25         0.00           -0.00          0.00            0.00          0.00          0.00           
17.77 -0.000 0.000  -0.000 0.00           0.00           0.00            0.00          0.00          0.00           0.25        0.25        0.25         0.00           -0.00          0.00            0.00          0.00          0.00           
17.80 -0.000 0.000  -0.000 0.00           0.00           0.00            0.00          0.00          0.00           0.25        0.25        0.25         0.00           -0.00          0.00            0.00          0.00          0.00           
17.83 -0.000 0.000  -0.000 0.00           0.00           0.00            0.00          0.00          0.00           0.25        0.25        0.25         0.00           -0.00          0.00            0.00          0.00          0.00           
17.87 -0.000 0.000  -0.000 0.00           0.00           0.00            0.00          0.00          0.00           0.25        0.25        0.25         0.00           -0.00          0.00            0.00          0.00          0.00           
17.90 -0.000 0.000  -0.000 0.00           0.00           0.00            0.00          0.00          0.00           0.25        0.25        0.25         0.00           -0.00          0.00            0.00          0.00          0.00           
17.93 -0.000 0.000  -0.000 0.00           0.00           0.00            0.00          0.00          0.00           0.25        0.25        0.25         0.00           -0.00          0.00            0.00          0.00          0.00           
17.97 -0.000 0.000  -0.000 0.00           0.00           0.00            0.00          0.00          0.00           0.25        0.25        0.25         0.00           -0.00          0.00            0.00          0.00          0.00           
18.00 -0.000 0.000  -0.000 0.00           0.00           0.00            0.00          0.00          0.00           0.25        0.25        0.25         0.00           -0.00          0.00            0.00          0.00          0.00           
18.03 -0.000 0.000  -0.000 0.00           0.00           0.00            0.00          0.00          0.00           0.25        0.25        0.25         0.00           -0.00          0.00            0.00          0.00          0.00           
18.07 -0.000 0.000  -0.000 0.00           0.00           0.00            0.00          0.00          0.00           0.25        0.25        0.25         0.00           -0.00          0.00            0.00          0.00          0.00           
18.10 -0.000 0.000  -0.000 0.00           0.00           0.00            0.00          0.00          0.00           0.25        0.25        0.25         0.00           -0.00          0.00            0.00          0.00          0.00           
18.13 -0.000 0.000  -0.000 0.00           0.00           0.00            0.00          0.00          0.00           0.25        0.25        0.25         0.00           -0.00          0.00            0.00          0.00          0.00           
18.17 -0.000 0.000  -0.000 0.00           0.00           0.00            0.00          0.00          0.00           0.25        0.25        0.25         0.00           -0.00          0.00            0.00          0.00          0.00           
18.20 -0.000 0.000  -0.000 0.00           0.00           0.00            0.00          0.00          0.00           0.25        0.25        0.25         0.00           -0.00          0.00            0.00          0.00          0.00           
18.23 -0.000 0.000  -0.000 0.00           0.00           0.00            0.00          0.00          0.00           0.25        0.25        0.25         0.00           -0.00          0.00            0.00          0.00          0.00           
18.27 -0.000 0.000  -0.000 0.00           0.00           0.00            0.00          0.00          0.00           0.25        0.25        0.25         0.00           -0.00          0.00            0.00          0.00          0.00           
18.30 -0.947 0.102  -0.220 28.56          29.15          29.32           173.83        166.90        165.60         28.31       28.91       29.07        173.78         166.78         165.48          0.05          0.11          0.12           
18.33 -0.940 0.114  -0.222 0.42           0.22           0.42            60.06         15.18         60.36          0.58        0.46        0.59         38.25          7.02           38.59           21.81         8.16          21.77          
18.37 -0.926 0.128  -0.237 0.58           0.60           0.74            46.41         48.17         56.89          0.78        0.79        0.90         32.93          34.55          43.39           13.48         13.61         13.50          
18.40 -0.912 0.144  -0.245 0.64           0.48           0.68            49.20         30.39         52.40          0.82        0.71        0.86         35.88          20.11          39.04           13.32         10.28         13.37          
18.43 -0.896 0.144  -0.272 0.50           0.93           0.93            -3.33         57.81         57.83          0.75        1.09        1.09         -2.22          46.58          46.60           -1.12         11.23         11.23          
18.47 -0.876 0.144  -0.288 0.59           0.77           0.77            1.11          40.17         40.17          0.84        0.98        0.98         0.78           30.65          30.66           0.33          9.52          9.52           
18.50 -0.862 0.136  -0.325 0.48           1.18           1.21            -29.45        69.28         69.70          0.71        1.29        1.32         -19.47         58.87          59.43           -9.97         10.41         10.27          
18.53 -0.837 0.125  -0.357 0.81           1.22           1.26            -22.91        52.15         53.56          1.05        1.38        1.42         -17.57         43.95          45.42           -5.34         8.20          8.14           
18.57 -0.817 0.114  -0.388 0.71           1.12           1.18            -28.78        56.42         58.05          0.94        1.28        1.32         -21.39         47.05          48.83           -7.38         9.36          9.21           
18.60 -0.798 0.107  -0.423 0.61           1.19           1.21            -20.76        61.40         61.90          0.85        1.32        1.34         -14.75         51.86          52.44           -6.01         9.54          9.46           
18.63 -0.774 0.096  -0.459 0.78           1.29           1.33            -23.69        56.27         57.35          1.02        1.44        1.48         -18.01         47.99          49.16           -5.67         8.28          8.19           
18.67 -0.748 0.091  -0.496 0.78           1.36           1.37            -12.02        55.75         56.03          1.03        1.52        1.53         -9.12          47.92          48.22           -2.90         7.83          7.81           
18.70 -0.726 0.095  -0.525 0.66           1.08           1.09            9.26          52.82         53.03          0.91        1.25        1.25         6.72           43.63          43.85           2.54          9.19          9.18           
18.73 -0.701 0.096  -0.544 0.77           0.95           0.95            3.43          35.95         36.04          1.02        1.16        1.16         2.59           28.70          28.78           0.84          7.26          7.27           
18.77 -0.684 0.098  -0.550 0.52           0.55           0.55            6.96          20.99         21.93          0.77        0.79        0.79         4.69           14.47          15.15           2.26          6.52          6.78           
18.80 -0.669 0.102  -0.552 0.47           0.45           0.47            16.05         7.13          17.41          0.71        0.70        0.71         10.47          4.60           11.39           5.58          2.54          6.02           
18.83 -0.657 0.110  -0.542 0.42           0.46           0.52            32.68         -39.36        46.16          0.65        0.67        0.71         20.69          -25.77         31.50           11.99         -13.59        14.66          
18.87 -0.644 0.098  -0.529 0.53           0.56           0.67            -44.86        -47.88        56.09          0.73        0.75        0.84         -30.80         -33.52         41.70           -14.06        -14.36        14.39          
18.90 -0.639 0.105  -0.516 0.26           0.42           0.47            52.77         -67.71        70.16          0.46        0.56        0.60         27.06          -43.43         47.09           25.72         -24.28        23.08          
18.93 -0.647 0.100  -0.503 0.29           0.46           0.48            -151.54       -123.00       121.49         0.14        0.39        0.41         -91.00         -90.35         90.33           -60.54        -32.65        31.16          
18.97 -0.650 0.079  -0.471 0.62           0.94           1.13            -96.00        -93.97        93.32          0.65        0.96        1.14         -73.43         -78.88         80.69           -22.58        -15.09        12.63          
19.00 -0.648 0.058  -0.435 0.66           1.10           1.28            -86.77        -88.07        88.34          0.72        1.14        1.31         -66.36         -75.38         77.37           -20.41        -12.69        10.97          
19.03 -0.654 0.035  -0.414 0.71           0.64           0.94            -102.93       -104.44       99.72          0.70        0.62        0.93         -82.43         -81.52         84.33           -20.50        -22.92        15.39          
19.07 -0.657 0.024  -0.381 0.34           1.00           1.05            -108.29       -96.08        95.79          0.35        1.00        1.05         -65.68         -81.71         82.10           -42.62        -14.38        13.69          
19.10 -0.672 0.016  -0.348 0.50           1.08           1.10            -153.38       -114.52       113.98         0.30        1.00        1.03         -131.39        -101.40        101.12          -21.98        -13.13        12.86          
19.13 -0.680 0.003  -0.319 0.47           0.93           1.01            -122.05       -105.55       104.27         0.40        0.90        0.98         -89.98         -89.99         89.99           -32.07        -15.56        14.28          
19.17 -0.000 0.000  -0.000 20.41          22.54          22.54           -0.27         -25.08        25.08          20.66       22.77       22.77        -0.26          -24.82         24.82           -0.00         -0.27         0.27           
19.20 -0.000 0.000  -0.000 0.00           0.00           0.00            0.00          0.00          0.00           0.25        0.25        0.25         0.00           -0.00          0.00            0.00          0.00          0.00           
19.23 -0.000 0.000  -0.000 0.00           0.00           0.00            0.00          0.00          0.00           0.25        0.25        0.25         0.00           -0.00          0.00            0.00          0.00          0.00           
19.27 -0.000 0.000  -0.000 0.00           0.00           0.00            0.00          0.00          0.00           0.25        0.25        0.25         0.00           -0.00          0.00            0.00          0.00          0.00           
19.30 -0.000 0.000  -0.000 0.00           0.00           0.00            0.00          0.00          0.00           0.25        0.25        0.25         0.00           -0.00          0.00            0.00          0.00          0.00           
19.33 -0.000 0.000  -0.000 0.00           0.00           0.00            0.00          0.00          0.00           0.25        0.25        0.25         0.00           -0.00          0.00            0.00          0.00          0.00           
19.37 -0.000 0.000  -0.000 0.00           0.00           0.00            0.00          0.00          0.00           0.25        0.25        0.25         0.00           -0.00          0.00            0.00          0.00          0.00           
19.40 -0.000 0.000  -0.000 0.00           0.00           0.00            0.00          0.00          0.00           0.25        0.25        0.25         0.00           -0.00          0.00            0.00          0.00          0.00           
19.43 -0.000 0.000  -0.000 0.00           0.00           0.00            0.00          0.00          0.00           0.25        0.25        0.25         0.00           -0.00          0.00            0.00          0.00          0.00           
19.47 -0.000 0.000  -0.000 0.00           0.00           0.00            0.00          0.00          0.00           0.25        0.25        0.25         0.00           -0.00          0.00            0.00          0.00          0.00           
19.50 -0.000 0.000  -0.000 0.00           0.00           0.00            0.00          0.00          0.00           0.25        0.25        0.25         0.00           -0.00          0.00            0.00          0.00          0.00           
19.53 -0.000 0.000  -0.000 0.00           0.00           0.00            0.00          0.00          0.00           0.25        0.25        0.25         0.00           -0.00          0.00            0.00          0.00          0.00           
19.57 -0.000 0.000  -0.000 0.00           0.00           0.00            0.00          0.00          0.00           0.25        0.25        0.25         0.00           -0.00          0.00            0.00          0.00          0.00           
19.60 -0.000 0.000  -0.000 0.00           0.00           0.00            0.00          0.00          0.00           0.25        0.25        0.25         0.00           -0.00          0.00            0.00          0.00          0.00           
19.63 -0.000 0.000  -0.000 0.00           0.00           0.00            0.00          0.00          0.00           0.25        0.25        0.25         0.00           -0.00          0.00            0.00          0.00          0.00           
19.67 -0.000 0.000  -0.000 0.00           0.00           0.00            0.00          0.00          0.00           0.25        0.25        0.25         0.00           -0.00          0.00            0.00          0.00          0.00           
19.70 -0.000 0.000  -0.000 0.00           0.00           0.00            0.00          0.00          0.00           0.25        0.25        0.25         0.00           -0.00          0.00            0.00          0.00          0.00           
19.73 -0.000 0.000  -0.000 0.00           0.00           0.00            0.00          0.00          0.00           0.25        0.25        0.25         0.00           -0.00          0.00            0.00          0.00          0.00           
19.77 -0.000 0.000  -0.000 0.00           0.00           0.00            0.00          0.00          0.00           0.25        0.25        0.25         0.00           -0.00          0.00            0.00          0.00          0.00           
19.80 -0.000 0.000  -0.000 0.00           0.00           0.00            0.00          0.00          0.00           0.25        0.25        0.25         0.00           -0.00          0.00            0.00          0.00          0.00           
19.83 -0.000 0.000  -0.000 0.00           0.00           0.00            0.00          0.00          0.00           0.25        0.25        0.25         0.00           -0.00          0.00            0.00          0.00          0.00           
19.87 -0.000 0.000  -0.000 0.00           0.00           0.00            0.00          0.00          0.00           0.25        0.25        0.25         0.00           -0.00          0.00            0.00          0.00          0.00           
19.90 -0.000 0.000  -0.000 0.00           0.00           0.00            0.00          0.00          0.00           0.25        0.25        0.25         0.00           -0.00          0.00            0.00          0.00          0.00           
19.93 -0.000 0.000  -0.000 0.00           0.00           0.00            0.00          0.00          0.00           0.25        0.25        0.25         0.00           -0.00          0.00            0.00          0.00          0.00           
19.97 -0.000 0.000  -0.000 0.00           0.00           0.00            0.00          0.00          0.00           0.25        0.25        0.25         0.00           -0.00          0.00            0.00          0.00          0.00           
20.00 -0.715 0.028  -0.451 21.46          25.35          25.37           177.75        147.75        147.70         21.21       25.14       25.15        177.73         147.45         147.40          0.03          0.30          0.30           
20.03 -0.724 0.051  -0.448 0.73           0.30           0.74            113.12        -166.00       113.00         0.68        0.08        0.68         93.26          -118.17        93.24           19.86         -47.83        19.76          
20.07 -0.739 0.074  -0.444 0.84           0.45           0.84            121.62        -164.67       121.26         0.74        0.22        0.75         104.82         -147.46        104.62          16.80         -17.21        16.64          
20.10 -0.752 0.089  -0.440 0.60           0.43           0.62            131.77        -160.05       130.35         0.47        0.21        0.49         108.51         -135.91        107.66          23.27         -24.14        22.69          
20.13 -0.770 0.113  -0.427 0.90           0.66           0.98            126.36        -144.13       123.02         0.78        0.48        0.87         111.32         -126.25        109.01          15.04         -17.88        14.01          
20.17 -0.785 0.137  -0.408 0.83           0.72           1.00            122.81        -128.72       116.68         0.73        0.60        0.92         106.00         -109.63        102.60          16.81         -19.09        14.08          
20.20 -0.799 0.150  -0.386 0.59           0.80           0.90            136.67        -122.26       118.47         0.44        0.70        0.81         113.71         -104.66        102.66          22.96         -17.60        15.81          
20.23 -0.805 0.162  -0.361 0.39           0.77           0.84            117.89        -103.88       102.62         0.35        0.75        0.82         79.20          -84.91         85.39           38.68         -18.97        17.24          
20.27 -0.825 0.172  -0.335 0.68           0.97           1.02            152.11        -128.05       125.87         0.47        0.84        0.90         137.79         -114.54        112.87          14.33         -13.51        13.00          
20.30 -0.832 0.174  -0.309 0.22           0.82           0.82            163.24        -104.58       104.54         0.08        0.80        0.80         55.45          -86.91         86.92           107.78        -17.67        17.62          
20.33 -0.841 0.167  -0.282 0.34           0.85           0.87            -143.58       -108.98       108.44         0.20        0.80        0.83         -97.04         -91.80         91.74           -46.54        -17.19        16.70          
20.37 -0.846 0.165  -0.251 0.14           0.95           0.96            -153.67       -97.70        97.68          0.14        0.95        0.95         -27.32         -82.62         82.64           -126.36       -15.08        15.04          
20.40 -0.855 0.155  -0.226 0.42           0.79           0.85            -133.94       -111.71       110.20         0.31        0.74        0.80         -98.12         -93.37         93.12           -35.82        -18.34        17.08          
20.43 -0.856 0.158  -0.192 0.08           1.03           1.03            109.02        -91.47        91.46          0.24        1.05        1.05         18.86          -77.72         77.75           90.16         -13.75        13.71          
20.47 -0.853 0.163  -0.165 0.19           0.81           0.83            56.20         -82.55        82.68          0.39        0.88        0.90         23.91          -66.21         66.61           32.29         -16.33        16.08          
20.50 -0.852 0.169  -0.145 0.18           0.59           0.62            84.46         -88.28        88.35          0.32        0.65        0.67         34.32          -65.56         66.53           50.14         -22.72        21.82          
20.53 -0.848 0.181  -0.120 0.39           0.78           0.86            71.04         -80.71        81.60          0.52        0.86        0.93         44.22          -63.94         66.18           26.81         -16.77        15.42          
20.57 -0.840 0.194  -0.113 0.44           0.32           0.49            56.56         -40.39        60.07          0.61        0.53        0.65         36.71          -22.73         40.54           19.85         -17.66        19.53          
20.60 -0.825 0.209  -0.103 0.64           0.53           0.71            46.77         -34.26        51.63          0.83        0.75        0.89         34.16          -23.48         38.86           12.61         -10.77        12.77          
20.63 -0.826 0.224  -0.107 0.45           0.11           0.47            91.06         94.23         91.03          0.51        0.27        0.53         61.98          25.27          62.70           29.09         68.95         28.33          
20.67 -0.813 0.225  -0.116 0.39           0.48           0.48            4.70          35.48         35.66          0.64        0.70        0.70         2.87           23.50          23.64           1.83          11.98         12.02          
20.70 -0.812 0.227  -0.126 0.05           0.32           0.32            67.27         86.49         86.53          0.27        0.42        0.42         9.74           49.57          49.87           57.53         36.92         36.66          
20.73 -0.804 0.225  -0.146 0.25           0.64           0.65            -11.21        68.12         68.18          0.49        0.77        0.78         -5.55          50.67          50.75           -5.66         17.45         17.42          
20.77 -0.794 0.206  -0.166 0.67           0.65           0.88            -63.20        62.60         70.11          0.81        0.80        1.00         -47.21         46.48          56.46           -15.98        16.12         13.65          
20.80 -0.782 0.203  -0.183 0.36           0.62           0.62            -13.63        55.18         55.55          0.61        0.79        0.79         -8.08          40.08          40.48           -5.55         15.09         15.07          
20.83 -0.780 0.178  -0.217 0.73           1.04           1.27            -84.31        86.01         86.73          0.79        1.09        1.31         -66.08         72.74          75.72           -18.24        13.27         11.01          
20.87 -0.775 0.167  -0.245 0.37           0.84           0.91            -67.05        80.15         80.88          0.52        0.92        0.98         -40.79         64.59          66.27           -26.26        15.57         14.61          
20.90 -0.772 0.148  -0.272 0.57           0.83           1.01            -80.52        83.51         84.63          0.66        0.90        1.06         -58.60         67.44          71.04           -21.92        16.08         13.59          
20.93 -0.762 0.142  -0.300 0.35           0.86           0.89            -34.97        70.90         71.40          0.57        0.98        1.00         -20.37         56.89          57.63           -14.60        14.02         13.78          
20.97 -0.755 0.134  -0.328 0.33           0.88           0.91            -47.99        75.48         76.03          0.53        0.97        1.00         -27.48         61.07          62.02           -20.51        14.41         14.00          
21.00 -0.746 0.137  -0.353 0.29           0.81           0.82            19.67         70.39         70.54          0.53        0.92        0.93         10.55          55.63          55.85           9.12          14.76         14.69          
21.03 -0.732 0.135  -0.374 0.43           0.75           0.75            -6.91         55.49         55.58          0.68        0.91        0.91         -4.36          42.45          42.55           -2.55         13.04         13.03          
21.07 -0.722 0.139  -0.392 0.30           0.61           0.62            20.55         62.49         62.92          0.54        0.76        0.77         11.25          45.51          46.05           9.31          16.97         16.87          
21.10 -0.709 0.143  -0.413 0.41           0.73           0.75            18.94         57.81         58.40          0.66        0.89        0.90         11.83          44.11          44.76           7.12          13.70         13.64          
21.13 -0.699 0.150  -0.428 0.38           0.55           0.59            35.47         55.58         58.38          0.60        0.72        0.75         21.52          38.92          41.94           13.95         16.66         16.43          
21.17 -0.678 0.154  -0.431 0.64           0.63           0.64            9.81          8.02          12.58          0.88        0.88        0.89         7.05           5.75           9.07            2.76          2.26          3.51           
21.20 -0.673 0.157  -0.431 0.18           0.16           0.18            29.44         4.33          29.66          0.42        0.41        0.42         12.42          1.69           12.53           17.02         2.64          17.13          
21.23 -0.658 0.150  -0.426 0.48           0.46           0.50            -25.19        -20.45        30.98          0.71        0.70        0.73         -16.58         -13.28         20.81           -8.61         -7.17         10.17          
21.27 -0.649 0.144  -0.415 0.33           0.44           0.47            -32.93        -50.40        53.90          0.56        0.63        0.65         -18.82         -32.46         35.82           -14.11        -17.94        18.08          
21.30 -0.636 0.138  -0.397 0.43           0.66           0.69            -26.53        -54.22        55.86          0.66        0.83        0.85         -16.86         -40.11         41.83           -9.67         -14.12        14.03          
21.33 -0.637 0.128  -0.376 0.29           0.64           0.70            -92.23        -91.03        90.94          0.38        0.68        0.74         -50.93         -69.45         71.20           -41.30        -21.59        19.74          
21.37 -0.636 0.118  -0.349 0.30           0.81           0.86            -85.56        -88.38        88.48          0.40        0.86        0.90         -47.21         -71.40         72.45           -38.36        -16.99        16.04          
21.40 -0.636 0.107  -0.317 0.35           0.95           1.01            -92.98        -91.10        91.03          0.42        0.98        1.04         -56.43         -76.25         77.07           -36.55        -14.85        13.96          
21.43 -0.638 0.101  -0.283 0.16           1.02           1.03            -102.44       -91.96        91.94          0.27        1.04        1.05         -36.31         -78.08         78.22           -66.13        -13.88        13.72          
21.47 -0.641 0.105  -0.254 0.16           0.88           0.89            135.83        -97.56        97.50          0.18        0.89        0.89         40.20          -81.33         81.40           95.63         -16.23        16.10          
21.50 -0.653 0.098  -0.218 0.39           1.12           1.14            -147.07       -107.28       106.96         0.23        1.07        1.09         -110.78        -94.37         94.29           -36.29        -12.91        12.67          
21.53 -0.659 0.090  -0.198 0.31           0.65           0.69            -128.64       -107.55       106.39         0.25        0.62        0.66         -77.19         -84.86         85.22           -51.45        -22.69        21.17          
21.57 -0.660 0.086  -0.157 0.11           1.23           1.23            -100.96       -90.97        90.97          0.25        1.25        1.25         -25.17         -79.41         79.45           -75.78        -11.56        11.52          
21.60 -0.663 0.077  -0.127 0.29           0.90           0.93            -112.27       -96.97        96.68          0.30        0.90        0.94         -61.97         -80.97         81.35           -50.30        -15.99        15.33          
21.63 -0.668 0.083  -0.107 0.22           0.62           0.64            129.06        -102.70       102.25         0.20        0.61        0.64         55.63          -79.25         79.63           73.42         -23.45        22.61          
21.67 -0.671 0.097  -0.090 0.42           0.53           0.67            102.25        -99.69        97.64          0.44        0.55        0.68         68.52          -72.81         76.33           33.74         -26.88        21.31          
21.70 -0.672 0.107  -0.073 0.32           0.50           0.59            98.54         -95.49        94.63          0.38        0.53        0.62         57.35          -67.69         70.94           41.19         -27.80        23.69          
21.73 -0.675 0.129  -0.065 0.65           0.25           0.69            97.59         -109.88       97.13          0.66        0.29        0.70         75.62          -55.17         76.47           21.98         -54.72        20.66          
21.77 -0.672 0.145  -0.065 0.50           0.09           0.50            79.80         -5.35         79.81          0.59        0.34        0.59         55.32          -1.39          55.32           24.49         -3.96         24.49          
21.80 -0.667 0.168  -0.065 0.71           0.17           0.71            75.96         -2.74         75.96          0.81        0.42        0.81         58.55          -1.12          58.55           17.41         -1.62         17.41          
21.83 -0.668 0.191  -0.085 0.69           0.61           0.92            94.69         95.34         93.53          0.72        0.64        0.94         74.38          72.34          78.14           20.31         23.00         15.39          
21.87 -0.670 0.221  -0.093 0.91           0.24           0.94            93.80         104.57        93.68          0.93        0.30        0.96         78.26          50.87          78.61           15.54         53.71         15.07          
21.90 -0.674 0.234  -0.112 0.39           0.59           0.70            103.79        99.11         97.65          0.41        0.60        0.71         67.71          75.00          77.36           36.08         24.11         20.29          
21.93 -0.676 0.246  -0.130 0.37           0.54           0.65            101.53        97.87         96.53          0.41        0.57        0.67         64.31          71.95          74.90           37.21         25.92         21.63          
21.97 -0.685 0.255  -0.150 0.39           0.66           0.71            135.78        115.21        113.17         0.28        0.60        0.66         96.47          92.97          92.70           39.32         22.24         20.47          
22.00 -0.690 0.245  -0.175 0.33           0.76           0.81            -116.78       101.39        100.60         0.31        0.75        0.80         -71.18         82.25          82.80           -45.61        19.14         17.80          
22.03 -0.703 0.237  -0.203 0.46           0.92           0.96            -146.60       114.61        113.68         0.29        0.85        0.89         -117.88        99.08          98.70           -28.72        15.53         14.98          
22.07 -0.708 0.227  -0.225 0.33           0.68           0.74            -114.94       101.65        100.67         0.32        0.68        0.74         -69.21         80.45          81.25           -45.74        21.20         19.42          
22.10 -0.712 0.213  -0.251 0.43           0.77           0.88            -104.93       98.33         97.31          0.44        0.78        0.88         -71.71         79.72          80.96           -33.23        18.61         16.35          
22.13 -0.714 0.195  -0.291 0.55           1.20           1.32            -98.52        93.90         93.55          0.57        1.21        1.33         -72.93         82.04          82.75           -25.59        11.86         10.81          
22.17 -0.715 0.186  -0.324 0.26           1.01           1.04            -97.88        92.01         91.95          0.33        1.03        1.06         -50.05         78.00          78.36           -47.83        14.01         13.59          
22.20 -0.713 0.183  -0.356 0.12           0.95           0.95            -52.60        85.52         85.55          0.34        1.00        1.00         -16.64         71.09          71.18           -35.96        14.44         14.37          
22.23 -0.712 0.184  -0.380 0.05           0.72           0.72            49.44         87.57         87.57          0.28        0.77        0.77         7.23           68.66          68.69           42.21         18.91         18.89          
22.27 -0.708 0.189  -0.404 0.19           0.73           0.75            47.72         79.99         80.17          0.40        0.81        0.83         20.37          62.39          62.82           27.35         17.60         17.35          
22.30 -0.708 0.205  -0.419 0.47           0.45           0.65            92.81         92.95         92.04          0.52        0.50        0.69         64.30          63.15          70.77           28.51         29.80         21.26          
22.33 -0.708 0.217  -0.430 0.35           0.35           0.50            89.98         89.98         89.98          0.43        0.43        0.56         54.65          54.43          63.27           35.33         35.55         26.71          
22.37 -0.708 0.226  -0.445 0.29           0.45           0.53            88.33         88.92         89.10          0.39        0.52        0.59         48.14          59.96          64.09           40.19         28.96         25.01          
22.40 -0.706 0.227  -0.453 0.08           0.24           0.25            28.52         73.28         73.49          0.32        0.40        0.40         6.80           36.13          36.49           21.72         37.15         36.99          
22.43 -0.706 0.231  -0.462 0.11           0.26           0.28            89.13         89.62         89.65          0.28        0.36        0.38         24.02          45.50          48.01           65.11         44.11         41.64          
22.47 -0.701 0.239  -0.460 0.27           0.16           0.27            55.59         -20.65        56.45          0.46        0.41        0.46         28.88          -8.10          29.66           26.72         -12.55        26.79          
22.50 -0.705 0.245  -0.460 0.22           0.12           0.22            120.45        169.77        120.31         0.24        0.14        0.24         54.75          8.54           54.90           65.69         161.23        65.40          
22.53 -0.702 0.243  -0.456 0.11           0.15           0.16            -39.95        -55.77        59.41          0.34        0.35        0.36         -11.68         -19.93         22.66           -28.27        -35.83        36.75          
22.57 -0.707 0.236  -0.448 0.25           0.28           0.35            -124.33       -121.26       114.41         0.24        0.26        0.33         -62.93         -65.58         71.25           -61.40        -55.68        43.16          
22.60 -0.707 0.230  -0.433 0.17           0.45           0.48            -96.43        -92.40        92.25          0.28        0.50        0.53         -35.78         -62.74         64.22           -60.65        -29.66        28.03          
22.63 -0.708 0.227  -0.420 0.11           0.42           0.43            -96.81        -91.74        91.69          0.26        0.48        0.49         -24.18         -60.48         61.24           -72.63        -31.26        30.44          
22.67 -0.708 0.221  -0.402 0.17           0.52           0.54            -99.22        -92.96        92.82          0.28        0.56        0.59         -36.26         -66.56         67.55           -62.96        -26.40        25.27          
22.70 -0.701 0.214  -0.382 0.31           0.64           0.67            -41.86        -69.16        70.19          0.52        0.77        0.79         -23.12         -51.39         52.92           -18.74        -17.77        17.27          
22.73 -0.698 0.216  -0.363 0.11           0.58           0.59            30.11         -80.59        80.64          0.35        0.67        0.67         9.09           -59.01         59.13           21.03         -21.58        21.51          
22.77 -0.688 0.211  -0.340 0.32           0.75           0.77            -28.83        -68.11        68.58          0.55        0.88        0.89         -16.23         -52.78         53.43           -12.60        -15.33        15.14          
22.80 -0.677 0.220  -0.318 0.43           0.75           0.80            37.49         -63.20        64.78          0.64        0.89        0.93         23.82          -48.73         50.70           13.67         -14.47        14.07          
22.83 -0.666 0.241  -0.294 0.71           0.77           0.99            63.20         -65.20        71.18          0.85        0.90        1.10         48.06          -50.59         58.77           15.14         -14.62        12.41          
22.87 -0.654 0.247  -0.276 0.41           0.66           0.69            28.52         -56.66        58.22          0.64        0.83        0.85         17.85          -42.01         43.72           10.67         -14.65        14.50          
22.90 -0.637 0.255  -0.272 0.57           0.54           0.58            24.25         -14.00        27.24          0.80        0.78        0.81         16.91          -9.55          19.16           7.34          -4.45         8.08           
22.93 -0.624 0.266  -0.261 0.51           0.51           0.60            38.94         -38.40        48.54          0.72        0.72        0.79         26.38          -25.94         34.79           12.56         -12.46        13.75          
22.97 -0.608 0.283  -0.253 0.68           0.52           0.73            47.53         -28.69        50.71          0.87        0.75        0.91         35.30          -19.53         38.37           12.24         -9.16         12.33          
23.00 -0.586 0.297  -0.250 0.79           0.67           0.79            31.95         -6.22         32.34          1.01        0.92        1.01         24.44          -4.54          24.76           7.52          -1.68         7.58           
23.03 -0.570 0.301  -0.251 0.50           0.48           0.50            15.23         2.69          15.44          0.74        0.73        0.74         10.16          1.77           10.30           5.07          0.92          5.14           
23.07 -0.558 0.308  -0.257 0.42           0.40           0.45            29.11         25.05         36.02          0.65        0.64        0.67         18.30          15.51          23.35           10.81         9.54          12.67          
23.10 -0.549 0.315  -0.257 0.35           0.27           0.35            40.19         1.21          40.19          0.56        0.52        0.56         23.54          0.63           23.55           16.65         0.59          16.65          
23.13 -0.537 0.316  -0.268 0.37           0.49           0.49            2.02          40.71         40.73          0.62        0.70        0.70         1.21           27.21          27.23           0.81          13.49         13.50          
23.17 -0.523 0.299  -0.273 0.66           0.44           0.68            -51.85        22.90         53.29          0.83        0.68        0.85         -38.22         14.65          39.68           -13.63        8.26          13.61          
23.20 -0.509 0.290  -0.286 0.51           0.58           0.64            -31.41        42.18         47.53          0.73        0.79        0.83         -21.14         29.85          34.69           -10.26        12.33         12.85          
23.23 -0.487 0.275  -0.299 0.79           0.76           0.88            -33.47        30.41         41.48          1.00        0.98        1.08         -25.58         23.03          32.63           -7.89         7.39          8.86           
23.27 -0.472 0.271  -0.318 0.46           0.72           0.73            -17.95        52.35         53.18          0.70        0.89        0.90         -11.66         39.54          40.40           -6.29         12.80         12.78          
23.30 -0.444 0.255  -0.336 0.97           1.00           1.11            -29.20        32.86         40.50          1.19        1.22        1.31         -23.32         26.48          33.38           -5.88         6.37          7.12           
23.33 -0.429 0.250  -0.360 0.49           0.86           0.87            -18.23        57.35         57.92          0.73        1.01        1.03         -12.06         45.37          45.99           -6.16         11.98         11.92          
23.37 -0.412 0.251  -0.385 0.50           0.88           0.88            5.62          55.84         55.90          0.75        1.04        1.04         3.74           44.39          44.45           1.88          11.46         11.45          
23.40 -0.389 0.250  -0.413 0.70           1.10           1.10            -3.92         50.26         50.31          0.95        1.27        1.27         -2.89          41.57          41.62           -1.03         8.69          8.69           
23.43 -0.371 0.253  -0.446 0.55           1.14           1.15            10.81         61.85         61.97          0.80        1.28        1.28         7.43           51.94          52.08           3.38          9.91          9.89           
23.47 -0.351 0.252  -0.472 0.61           0.97           0.97            -2.91         51.20         51.22          0.86        1.14        1.14         -2.06          41.35          41.38           -0.85         9.85          9.85           
23.50 -0.340 0.257  -0.493 0.36           0.73           0.75            25.69         63.92         64.52          0.59        0.87        0.88         15.14          48.98          49.74           10.54         14.94         14.78          
23.53 -0.330 0.260  -0.504 0.32           0.43           0.44            17.14         45.33         46.60          0.56        0.63        0.64         9.61           29.03          30.13           7.54          16.29         16.47          
23.57 -0.321 0.263  -0.518 0.28           0.51           0.52            17.66         58.03         58.53          0.53        0.68        0.68         9.39           39.76          40.31           8.27          18.27         18.22          
23.60 -0.320 0.268  -0.517 0.14           0.04           0.14            80.05         -53.69        80.32          0.31        0.28        0.31         26.69          -6.84          27.33           53.36         -46.85        52.98          
23.63 -0.322 0.276  -0.499 0.25           0.54           0.59            103.87        -96.47        95.89          0.31        0.57        0.62         52.24          -70.40         72.07           51.62         -26.07        23.81          
23.67 -0.315 0.276  -0.482 0.21           0.56           0.56            -3.27         -68.32        68.32          0.46        0.69        0.69         -1.48          -48.75         48.76           -1.79         -19.56        19.56          
23.70 -0.310 0.273  -0.460 0.15           0.68           0.69            -27.69        -78.50        78.56          0.39        0.77        0.78         -10.49         -60.03         60.17           -17.20        -18.47        18.39          
23.73 -0.305 0.266  -0.434 0.28           0.80           0.83            -50.94        -77.17        77.63          0.48        0.89        0.91         -27.06         -61.23         62.13           -23.88        -15.95        15.50          
23.77 -0.308 0.269  -0.410 0.14           0.72           0.73            132.42        -97.24        97.17          0.19        0.73        0.74         32.11          -77.51         77.62           100.30        -19.73        19.55          
23.80 -0.305 0.260  -0.384 0.30           0.78           0.83            -72.53        -83.45        83.84          0.44        0.84        0.89         -39.75         -66.30         67.59           -32.78        -17.14        16.25          
23.83 -0.306 0.266  -0.351 0.18           0.98           0.99            100.59        -91.92        91.89          0.28        1.00        1.02         38.86          -77.45         77.64           61.73         -14.47        14.25          
23.87 -0.300 0.264  -0.317 0.17           1.05           1.05            -23.44        -81.35        81.36          0.41        1.11        1.11         -9.51          -68.50         68.54           -13.93        -12.85        12.83          
23.90 -0.299 0.266  -0.296 0.10           0.62           0.63            59.89         -85.42        85.47          0.31        0.69        0.70         15.97          -64.24         64.45           43.92         -21.18        21.01          
23.93 -0.297 0.252  -0.264 0.42           0.98           1.07            -81.89        -86.53        86.81          0.52        1.03        1.11         -53.43         -72.48         73.80           -28.47        -14.05        13.01          
23.97 -0.293 0.255  -0.229 0.13           1.05           1.05            33.97         -83.94        83.95          0.37        1.11        1.11         11.71          -70.94         70.99           22.27         -12.99        12.96          
24.00 -0.287 0.257  -0.188 0.19           1.24           1.25            20.92         -81.97        81.98          0.43        1.30        1.30         8.91           -71.02         71.05           12.01         -10.95        10.94          
24.03 -0.282 0.259  -0.159 0.18           0.87           0.87            20.59         -78.66        78.69          0.43        0.95        0.95         8.66           -63.67         63.74           11.94         -14.99        14.96          
24.07 -0.268 0.258  -0.139 0.42           0.73           0.73            -4.24         -55.40        55.43          0.67        0.90        0.90         -2.65          -42.15         42.19           -1.59         -13.25        13.25          
24.10 -0.256 0.260  -0.124 0.36           0.57           0.57            5.81          -51.60        51.69          0.61        0.75        0.75         3.41           -36.49         36.58           2.40          -15.11        15.11          
24.13 -0.253 0.272  -0.120 0.39           0.17           0.41            77.60         -60.11        78.40          0.50        0.36        0.53         48.68          -23.51         50.61           28.92         -36.60        27.79          
24.17 -0.236 0.279  -0.116 0.55           0.53           0.56            20.43         -11.39        22.95          0.79        0.77        0.80         14.08          -7.72          15.91           6.35          -3.66         7.03           
24.20 -0.240 0.297  -0.101 0.56           0.47           0.72            102.87        -105.50       100.00         0.56        0.47        0.72         77.29          -74.70         80.13           25.58         -30.80        19.87          
24.23 -0.245 0.316  -0.089 0.58           0.38           0.68            104.21        -111.89       102.09         0.57        0.37        0.67         79.23          -73.20         80.85           24.98         -38.69        21.24          
24.27 -0.237 0.328  -0.079 0.44           0.37           0.53            59.03         -52.65        64.74          0.61        0.56        0.67         38.31          -31.85         45.15           20.72         -20.80        19.60          
24.30 -0.236 0.342  -0.069 0.41           0.32           0.52            82.10         -80.09        83.80          0.51        0.44        0.60         52.74          -46.24         59.22           29.35         -33.84        24.57          
24.33 -0.231 0.360  -0.062 0.57           0.24           0.61            76.42         -55.38        77.16          0.68        0.43        0.71         55.42          -26.92         56.95           21.00         -28.47        20.21          
24.37 -0.231 0.388  -0.056 0.82           0.19           0.84            88.77         -84.59        88.80          0.86        0.33        0.88         71.90          -34.84         72.32           16.87         -49.75        16.48          
24.40 -0.228 0.406  -0.065 0.57           0.29           0.64            83.69         77.72         84.37          0.64        0.42        0.71         61.01          42.51          63.71           22.68         35.21         20.66          
24.43 -0.235 0.434  -0.070 0.84           0.23           0.85            103.12        145.54        102.96         0.82        0.14        0.83         85.82          65.46          85.88           17.29         80.08         17.08          
24.47 -0.246 0.463  -0.090 0.94           0.68           1.12            110.56        119.07        107.27         0.89        0.60        1.07         95.26          97.77          94.37           15.30         21.29         12.90          
24.50 -0.244 0.460  -0.111 0.11           0.64           0.65            -53.65        83.92         83.98          0.33        0.71        0.72         -16.20         63.50          63.73           -37.45        20.42         20.24          
24.53 -0.244 0.452  -0.132 0.24           0.62           0.67            -93.77        91.48         91.38          0.34        0.66        0.71         -46.13         69.38          70.69           -47.64        22.10         20.69          
24.57 -0.242 0.451  -0.159 0.06           0.83           0.83            -22.63        86.44         86.44          0.30        0.88        0.88         -4.06          69.91          69.91           -18.57        16.53         16.52          
24.60 -0.243 0.443  -0.187 0.25           0.85           0.88            -92.15        90.63         90.60          0.34        0.88        0.91         -45.62         74.13          74.73           -46.53        16.49         15.87          
24.63 -0.242 0.430  -0.214 0.39           0.79           0.88            -86.45        88.24         88.42          0.48        0.84        0.92         -54.98         70.83          72.70           -31.47        17.41         15.72          
24.67 -0.234 0.421  -0.234 0.35           0.65           0.70            -49.27        69.44         71.02          0.55        0.77        0.82         -28.97         51.81          54.20           -20.30        17.63         16.83          
24.70 -0.232 0.418  -0.266 0.12           0.96           0.96            -55.73        85.92         85.94          0.33        1.01        1.01         -17.44         71.55          71.65           -38.29        14.36         14.29          
24.73 -0.222 0.391  -0.285 0.84           0.65           1.02            -69.19        62.80         73.00          0.96        0.80        1.12         -55.07         46.65          60.69           -14.11        16.15         12.32          
24.77 -0.219 0.380  -0.317 0.35           0.97           1.03            -72.41        83.70         84.04          0.49        1.03        1.09         -43.38         69.77          70.81           -29.02        13.93         13.24          
24.80 -0.215 0.369  -0.344 0.35           0.80           0.86            -73.32        82.83         83.38          0.48        0.86        0.92         -43.49         66.12          67.80           -29.83        16.71         15.59          
24.83 -0.210 0.351  -0.366 0.58           0.68           0.88            -74.62        77.05         79.99          0.69        0.78        0.96         -54.13         58.83          65.11           -20.49        18.21         14.88          
24.87 -0.208 0.342  -0.398 0.26           0.96           1.00            -77.38        86.56         86.68          0.40        1.01        1.04         -39.96         72.25          72.82           -37.42        14.31         13.86          
24.90 -0.198 0.323  -0.420 0.66           0.72           0.92            -61.34        64.06         70.03          0.81        0.86        1.03         -45.57         48.89          56.90           -15.78        15.17         13.13          
24.93 -0.193 0.314  -0.443 0.30           0.71           0.76            -59.36        77.61         78.36          0.48        0.80        0.85         -32.67         59.95          61.52           -26.69        17.66         16.84          
24.97 -0.186 0.295  -0.476 0.62           1.01           1.17            -72.38        79.42         80.85          0.73        1.09        1.24         -53.36         66.36          69.33           -19.02        13.05         11.52          
25.00 -0.182 0.282  -0.480 0.41           0.18           0.43            -72.38        47.29         73.28          0.54        0.40        0.55         -46.11         19.68          47.71           -26.27        27.61         25.57          
25.03 -0.175 0.263  -0.481 0.59           0.21           0.59            -69.19        6.19          69.21          0.72        0.46        0.72         -50.26         2.84           50.28           -18.93        3.35          18.93          
25.07 -0.181 0.251  -0.478 0.40           0.18           0.41            -113.54       -151.43       112.97         0.38        0.13        0.39         -75.89         -43.35         76.26           -37.65        -108.08       36.71          
25.10 -0.188 0.242  -0.465 0.35           0.46           0.52            -132.44       -121.28       116.84         0.26        0.39        0.47         -87.11         -88.08         88.40           -45.33        -33.20        28.44          
25.13 -0.182 0.212  -0.449 0.95           0.53           1.06            -77.43        -67.09        78.84          1.03        0.67        1.14         -63.73         -46.91         66.42           -13.70        -20.18        12.43          
25.17 -0.198 0.192  -0.427 0.78           0.82           1.01            -130.50       -127.84       119.88         0.64        0.70        0.91         -113.28        -111.37        106.15          -17.21        -16.46        13.73          
25.20 -0.190 0.161  -0.398 0.95           0.90           1.29            -75.57        -74.73        79.40          1.04        1.00        1.36         -62.16         -60.74         68.98           -13.41        -13.99        10.41          
25.23 -0.184 0.136  -0.366 0.79           0.99           1.25            -75.85        -78.75        81.13          0.89        1.07        1.32         -59.98         -65.49         70.30           -15.87        -13.26        10.82          
25.27 -0.187 0.124  -0.346 0.36           0.61           0.70            -105.91       -99.17        98.00          0.37        0.62        0.71         -65.97         -75.82         77.60           -39.94        -23.35        20.40          
25.30 -0.193 0.124  -0.318 0.16           0.84           0.84            -173.92       -101.11       101.11         0.09        0.83        0.83         -11.19         -83.96         83.97           -162.73       -17.15        17.14          
25.33 -0.180 0.084  -0.276 1.25           1.32           1.78            -72.41        -73.38        77.74          1.34        1.41        1.85         -62.20         -63.61         70.13           -10.21        -9.78         7.61           
25.37 -0.179 0.067  -0.246 0.52           0.90           1.03            -87.41        -88.51        88.71          0.58        0.94        1.07         -62.06         -73.02         75.18           -25.36        -15.49        13.53          
25.40 -0.192 0.077  -0.223 0.50           0.80           0.86            140.41        -118.60       116.43         0.35        0.72        0.79         112.98         -100.82        99.89           27.43         -17.78        16.54          
25.43 -0.204 0.075  -0.194 0.36           0.94           0.94            -169.13       -112.11       112.05         0.12        0.87        0.88         -146.49        -96.72         96.70           -22.64        -15.39        15.35          
25.47 -0.215 0.060  -0.164 0.56           0.97           1.07            -125.92       -109.63       107.75         0.46        0.92        1.02         -99.55         -94.73         94.25           -26.37        -14.90        13.50          
25.50 -0.223 0.043  -0.151 0.58           0.45           0.69            -114.53       -122.36       110.32         0.53        0.38        0.65         -88.97         -88.57         89.16           -25.56        -33.79        21.16          
25.53 -0.239 0.034  -0.126 0.55           0.89           0.92            -152.73       -123.44       122.02         0.35        0.78        0.82         -133.40        -107.85        106.95          -19.33        -15.60        15.06          
25.57 -0.249 0.024  -0.116 0.41           0.42           0.52            -134.05       -132.71       123.74         0.30        0.31        0.43         -97.11         -96.78         94.92           -36.95        -35.92        28.82          
25.60 -0.262 0.027  -0.102 0.40           0.57           0.58            166.70        -132.93       132.25         0.17        0.44        0.45         146.59         -108.44        108.04          20.11         -24.49        24.22          
25.63 -0.278 0.022  -0.091 0.52           0.60           0.62            -160.68       -145.33       142.21         0.30        0.42        0.45         -144.63        -125.53        122.50          -16.05        -19.80        19.72          
25.67 -0.294 0.016  -0.083 0.52           0.54           0.57            -160.90       -155.58       150.27         0.30        0.33        0.37         -144.84        -137.27        130.72          -16.06        -18.31        19.55          
25.70 -0.316 0.004  -0.064 0.73           0.86           0.92            -151.52       -138.10       133.64         0.52        0.69        0.77         -138.25        -124.11        120.10          -13.27        -13.99        13.55          
25.73 -0.328 -0.007 -0.048 0.50           0.59           0.69            -136.04       -127.51       121.67         0.37        0.48        0.60         -107.70        -103.29        100.75          -28.34        -24.21        20.92          
25.77 -0.340 -0.020 -0.041 0.54           0.43           0.58            -133.26       -148.49       129.18         0.41        0.26        0.47         -106.87        -117.74        104.72          -26.38        -30.75        24.46          
25.80 -0.359 -0.030 -0.032 0.62           0.61           0.68            -152.80       -154.66       145.05         0.42        0.40        0.49         -136.93        -139.26        128.19          -15.87        -15.40        16.86          
25.83 -0.371 -0.043 -0.015 0.54           0.63           0.74            -134.59       -127.49       121.19         0.41        0.51        0.64         -108.73        -104.78        101.76          -25.86        -22.71        19.43          
25.87 -0.390 -0.042 -0.011 0.55           0.56           0.56            177.91        -167.41       167.25         0.30        0.32        0.32         176.17         -157.73        157.46          1.74          -9.69         9.79           
25.90 -0.397 -0.050 -0.002 0.32           0.35           0.42            -133.56       -128.81       121.56         0.23        0.27        0.36         -82.16         -83.35         84.92           -51.40        -45.46        36.64          
25.93 -0.401 -0.046 0.003  0.17           0.22           0.25            138.34        -126.94       122.00         0.17        0.21        0.24         44.04          -55.32         60.10           94.29         -71.62        61.90          
25.97 -0.398 -0.048 0.001  0.13           0.12           0.14            -40.14        37.13         48.58          0.36        0.35        0.36         -13.15         11.84          17.43           -27.00        25.29         31.15          
26.00 -0.393 -0.054 -0.003 0.23           0.19           0.26            -52.95        44.25         58.69          0.43        0.41        0.45         -25.19         19.08          30.28           -27.76        25.17         28.42          
26.03 -0.393 -0.055 -0.007 0.02           0.11           0.11            -40.07        81.83         81.89          0.27        0.29        0.29         -2.84          22.35          22.50           -37.23        59.47         59.39          
26.07 -0.389 -0.054 -0.023 0.12           0.50           0.50            10.40         76.10         76.12          0.37        0.61        0.61         3.40           52.62          52.65           7.00          23.48         23.46          
26.10 -0.371 -0.066 -0.035 0.65           0.64           0.74            -33.90        32.29         42.69          0.87        0.86        0.94         -24.69         23.38          32.25           -9.21         8.91          10.43          
26.13 -0.365 -0.075 -0.052 0.33           0.55           0.61            -56.08        70.28         72.45          0.51        0.67        0.73         -32.23         49.79          53.27           -23.85        20.49         19.17          
26.17 -0.362 -0.081 -0.073 0.19           0.64           0.67            -65.48        82.85         83.10          0.37        0.72        0.74         -27.99         62.64          63.48           -37.48        20.21         19.62          
26.20 -0.359 -0.087 -0.096 0.20           0.68           0.71            -63.76        82.41         82.67          0.39        0.76        0.78         -28.25         63.28          64.08           -35.52        19.13         18.59          
26.23 -0.357 -0.088 -0.126 0.06           0.92           0.92            -25.96        86.41         86.41          0.31        0.97        0.97         -5.20          71.44          71.45           -20.76        14.97         14.96          
26.27 -0.362 -0.085 -0.155 0.19           0.90           0.90            146.33        100.26        100.18         0.14        0.89        0.89         49.76          84.18          84.22           96.57         16.08         15.97          
26.30 -0.365 -0.077 -0.180 0.24           0.73           0.76            111.55        96.87         96.57          0.27        0.74        0.78         53.70          77.37          77.90           57.85         19.50         18.67          
26.33 -0.367 -0.077 -0.202 0.05           0.68           0.68            176.99        94.12         94.12          0.20        0.71        0.71         0.74           73.60          73.60           176.26        20.52         20.52          
26.37 -0.376 -0.070 -0.228 0.34           0.81           0.83            143.06        109.93        109.28         0.21        0.76        0.79         96.85          91.88          91.81           46.21         18.05         17.47          
26.40 -0.392 -0.073 -0.250 0.48           0.81           0.82            -169.20       125.22        124.98         0.24        0.70        0.71         -157.81        108.27         108.11          -11.39        16.95         16.86          
26.43 -0.393 -0.080 -0.266 0.21           0.49           0.53            -98.76        93.72         93.43          0.30        0.53        0.57         -43.33         65.89          67.60           -55.43        27.82         25.83          
26.47 -0.403 -0.082 -0.286 0.30           0.66           0.66            -167.12       116.46        116.31         0.08        0.59        0.59         -122.28        94.11          94.09           -44.83        22.34         22.22          
26.50 -0.000 0.000  -0.000 12.33          14.81          15.02           11.58         -35.36        36.45          12.57       15.01       15.22        11.35          -34.81         35.89           0.23          -0.55         0.56           
26.53 -0.000 0.000  -0.000 0.00           0.00           0.00            0.00          0.00          0.00           0.25        0.25        0.25         0.00           -0.00          0.00            0.00          0.00          0.00           
26.57 -0.000 0.000  -0.000 0.00           0.00           0.00            0.00          0.00          0.00           0.25        0.25        0.25         0.00           -0.00          0.00            0.00          0.00          0.00           
26.60 -0.000 0.000  -0.000 0.00           0.00           0.00            0.00          0.00          0.00           0.25        0.25        0.25         0.00           -0.00          0.00            0.00          0.00          0.00           
26.63 -0.000 0.000  -0.000 0.00           0.00           0.00            0.00          0.00          0.00           0.25        0.25        0.25         0.00           -0.00          0.00            0.00          0.00          0.00           
26.67 -0.000 0.000  -0.000 0.00           0.00           0.00            0.00          0.00          0.00           0.25        0.25        0.25         0.00           -0.00          0.00            0.00          0.00          0.00           
26.70 -0.000 0.000  -0.000 0.00           0.00           0.00            0.00          0.00          0.00           0.25        0.25        0.25         0.00           -0.00          0.00            0.00          0.00          0.00           
26.73 -0.000 0.000  -0.000 0.00           0.00           0.00            0.00          0.00          0.00           0.25        0.25        0.25         0.00           -0.00          0.00            0.00          0.00          0.00           
26.77 -0.000 0.000  -0.000 0.00           0.00           0.00            0.00          0.00          0.00           0.25        0.25        0.25         0.00           -0.00          0.00            0.00          0.00          0.00           
26.80 -0.000 0.000  -0.000 0.00           0.00           0.00            0.00          0.00          0.00           0.25        0.25        0.25         0.00           -0.00          0.00            0.00          0.00          0.00           
26.83 -0.000 0.000  -0.000 0.00           0.00           0.00            0.00          0.00          0.00           0.25        0.25        0.25         0.00           -0.00          0.00            0.00          0.00          0.00           
26.87 -0.000 0.000  -0.000 0.00           0.00           0.00            0.00          0.00          0.00           0.25        0.25        0.25         0.00           -0.00          0.00            0.00          0.00          0.00           
26.90 -0.000 0.000  -0.000 0.00           0.00           0.00            0.00          0.00          0.00           0.25        0.25        0.25         0.00           -0.00          0.00            0.00          0.00          0.00           
26.93 -0.000 0.000  -0.000 0.00           0.00           0.00            0.00          0.00          0.00           0.25        0.25        0.25         0.00           -0.00          0.00            0.00          0.00          0.00           
26.97 -0.000 0.000  -0.000 0.00           0.00           0.00            0.00          0.00          0.00           0.25        0.25        0.25         0.00           -0.00          0.00            0.00          0.00          0.00           
27.00 -0.000 0.000  -0.000 0.00           0.00           0.00            0.00          0.00          0.00           0.25        0.25        0.25         0.00           -0.00          0.00            0.00          0.00          0.00           
27.03 -0.000 0.000  -0.000 0.00           0.00           0.00            0.00          0.00          0.00           0.25        0.25        0.25         0.00           -0.00          0.00            0.00          0.00          0.00           
27.07 -0.000 0.000  -0.000 0.00           0.00           0.00            0.00          0.00          0.00           0.25        0.25        0.25         0.00           -0.00          0.00            0.00          0.00          0.00           
27.10 -0.000 0.000  -0.000 0.00           0.00           0.00            0.00          0.00          0.00           0.25        0.25        0.25         0.00           -0.00          0.00            0.00          0.00          0.00           
27.13 -0.000 0.000  -0.000 0.00           0.00           0.00            0.00          0.00          0.00           0.25        0.25        0.25         0.00           -0.00          0.00            0.00          0.00          0.00           
27.17 -0.000 0.000  -0.000 0.00           0.00           0.00            0.00          0.00          0.00           0.25        0.25        0.25         0.00           -0.00          0.00            0.00          0.00          0.00           
27.20 -0.000 0.000  -0.000 0.00           0.00           0.00            0.00          0.00          0.00           0.25        0.25        0.25         0.00           -0.00          0.00            0.00          0.00          0.00           
27.23 -0.000 0.000  -0.000 0.00           0.00           0.00            0.00          0.00          0.00           0.25        0.25        0.25         0.00           -0.00          0.00            0.00          0.00          0.00           
27.27 -0.000 0.000  -0.000 0.00           0.00           0.00            0.00          0.00          0.00           0.25        0.25        0.25         0.00           -0.00          0.00            0.00          0.00          0.00           
27.30 -0.000 0.000  -0.000 0.00           0.00           0.00            0.00          0.00          0.00           0.25        0.25        0.25         0.00           -0.00          0.00            0.00          0.00          0.00           
27.33 -0.000 0.000  -0.000 0.00           0.00           0.00            0.00          0.00          0.00           0.25        0.25        0.25         0.00           -0.00          0.00            0.00          0.00          0.00           
27.37 -0.246 -0.119 -0.199 8.20           9.50           10.14           -154.30       141.03        136.74         7.97        9.31        9.96         -153.52        140.07         135.75          -0.78         0.97          0.99           
27.40 -0.223 -0.111 -0.213 0.74           0.81           0.84            18.86         30.03         33.88          0.98        1.03        1.06         14.13          23.07          26.32           4.73          6.96          7.56           
27.43 -0.207 -0.098 -0.227 0.62           0.66           0.76            37.86         42.30         50.12          0.83        0.86        0.94         27.17          31.00          38.32           10.68         11.30         11.80          
27.47 -0.204 -0.094 -0.243 0.15           0.49           0.50            53.48         79.66         79.95          0.36        0.59        0.60         19.27          54.83          55.62           34.20         24.83         24.33          
27.50 -0.194 -0.094 -0.264 0.29           0.68           0.68            -2.24         64.20         64.20          0.54        0.82        0.82         -1.21          48.20          48.21           -1.03         16.00         16.00          
27.53 -0.192 -0.088 -0.278 0.21           0.44           0.49            71.67         81.42         82.19          0.37        0.54        0.58         32.24          54.18          56.70           39.43         27.24         25.48          
27.57 -0.193 -0.088 -0.309 0.04           0.91           0.91            -171.78       92.57         92.57          0.21        0.94        0.94         -1.62          77.11          77.11           -170.16       15.46         15.46          
27.60 -0.184 -0.086 -0.333 0.29           0.78           0.79            12.02         68.44         68.51          0.54        0.91        0.91         6.50           53.57          53.67           5.52          14.87         14.84          
27.63 -0.175 -0.086 -0.354 0.26           0.69           0.69            -1.34         67.90         67.90          0.51        0.81        0.81         -0.68          51.34          51.34           -0.66         16.56         16.56          
27.67 -0.161 -0.085 -0.377 0.41           0.80           0.80            4.62          59.59         59.62          0.66        0.95        0.96         2.86           46.54          46.57           1.75          13.05         13.05          
27.70 -0.157 -0.076 -0.393 0.29           0.50           0.57            63.82         75.03         76.78          0.46        0.61        0.67         34.72          51.88          55.42           29.10         23.15         21.36          
27.73 -0.137 -0.071 -0.406 0.63           0.73           0.74            13.25         32.91         34.56          0.87        0.94        0.96         9.48           24.65          26.02           3.77          8.27          8.53           
27.77 -0.131 -0.060 -0.420 0.38           0.45           0.56            60.87         65.74         70.69          0.55        0.60        0.68         37.29          43.26          50.44           23.59         22.47         20.24          
27.80 -0.117 -0.053 -0.421 0.45           0.39           0.45            28.29         2.41          28.37          0.68        0.64        0.68         18.24          1.47           18.29           10.05         0.93          10.07          
27.83 -0.114 -0.036 -0.422 0.53           0.12           0.53            78.01         17.87         78.04          0.63        0.36        0.63         55.15          5.62           55.21           22.86         12.26         22.83          
27.87 -0.108 -0.035 -0.413 0.17           0.32           0.32            15.88         -59.78        60.12          0.41        0.50        0.50         6.37           -33.97         34.33           9.51          -25.82        25.79          
27.90 -0.133 -0.016 -0.404 0.93           0.78           0.96            142.65        -161.52       140.20         0.75        0.55        0.79         130.97         -153.24        128.50          11.68         -8.28         11.70          
27.93 -0.136 -0.015 -0.389 0.10           0.47           0.47            161.24        -102.21       102.18         0.16        0.48        0.48         12.43          -71.56         71.61           148.81        -30.65        30.57          
27.97 -0.144 -0.023 -0.381 0.34           0.32           0.41            -131.12       -132.94       122.48         0.25        0.24        0.35         -83.41         -82.98         85.18           -47.71        -49.96        37.30          
28.00 -0.152 -0.036 -0.372 0.47           0.38           0.55            -121.84       -130.58       116.69         0.40        0.29        0.49         -89.43         -89.21         89.54           -32.42        -41.37        27.16          
28.03 -0.165 -0.046 -0.362 0.48           0.49           0.56            -144.10       -143.42       133.97         0.31        0.32        0.43         -116.33        -115.76        109.06          -27.78        -27.66        24.91          
28.07 -0.168 -0.057 -0.350 0.36           0.37           0.51            -105.48       -105.15       100.96         0.38        0.39        0.52         -66.39         -66.86         73.01           -39.09        -38.29        27.95          
28.10 -0.170 -0.069 -0.332 0.36           0.55           0.65            -97.88        -95.19        94.34          0.41        0.58        0.68         -60.63         -69.74         72.85           -37.25        -25.45        21.49          
28.13 -0.175 -0.075 -0.312 0.24           0.62           0.65            -132.14       -104.74       104.18         0.20        0.61        0.64         -62.64         -81.44         81.78           -69.50        -23.30        22.41          
28.17 -0.178 -0.079 -0.292 0.15           0.61           0.62            -126.58       -98.29        98.14          0.20        0.62        0.63         -36.03         -74.89         75.16           -90.55        -23.41        22.98          
28.20 -0.179 -0.081 -0.271 0.06           0.64           0.64            -116.03       -92.46        92.45          0.23        0.67        0.68         -14.07         -70.68         70.75           -101.96       -21.78        21.70          
28.23 -0.185 -0.081 -0.256 0.19           0.49           0.49            -174.58       -113.46       113.44         0.06        0.45        0.45         -18.03         -82.79         82.80           -156.55       -30.67        30.65          
28.27 -0.184 -0.079 -0.240 0.08           0.48           0.48            62.40         -85.31        85.36          0.30        0.56        0.56         14.48          -58.68         58.99           47.93         -26.63        26.37          
28.30 -0.172 -0.082 -0.224 0.38           0.61           0.61            -13.74        -52.16        52.65          0.63        0.78        0.79         -8.32          -37.57         38.06           -5.43         -14.59        14.59          
28.33 -0.178 -0.085 -0.208 0.22           0.52           0.52            -155.88       -112.45       112.11         0.10        0.48        0.49         -59.05         -83.67         83.78           -96.83        -28.78        28.33          
28.37 -0.179 -0.087 -0.191 0.07           0.52           0.53            -96.41        -90.81        90.81          0.25        0.58        0.58         -15.21         -65.08         65.26           -81.21        -25.73        25.55          
28.40 -0.167 -0.098 -0.181 0.47           0.45           0.55            -42.18        -39.26        50.67          0.67        0.66        0.73         -27.77         -25.41         35.34           -14.41        -13.85        15.32          
28.43 -0.170 -0.102 -0.165 0.15           0.49           0.51            -125.16       -99.97        99.68          0.20        0.51        0.53         -36.24         -71.19         71.72           -88.92        -28.78        27.96          
28.47 -0.171 -0.099 -0.149 0.10           0.49           0.50            116.23        -95.35        95.26          0.22        0.53        0.53         24.26          -67.11         67.48           91.97         -28.24        27.78          
28.50 -0.165 -0.100 -0.138 0.18           0.37           0.37            -13.67        -61.14        61.35          0.43        0.54        0.54         -5.80          -37.14         37.39           -7.87         -24.00        23.97          
28.53 -0.158 -0.109 -0.126 0.36           0.43           0.51            -50.35        -57.81        63.38          0.55        0.60        0.66         -30.01         -37.24         43.67           -20.35        -20.57        19.70          
28.57 -0.159 -0.106 -0.122 0.09           0.12           0.15            109.42        -104.13       101.58         0.24        0.25        0.26         21.23          -28.55         33.76           88.18         -75.59        67.82          
28.60 -0.160 -0.103 -0.118 0.10           0.12           0.15            114.75        -111.21       106.54         0.23        0.24        0.25         24.81          -28.78         35.67           89.95         -82.43        70.86          
28.63 -0.148 -0.112 -0.123 0.45           0.39           0.47            -35.03        22.05         38.99          0.67        0.63        0.68         -22.60         13.53          25.68           -12.43        8.53          13.32          
28.67 -0.141 -0.111 -0.126 0.20           0.21           0.21            4.54          20.25         20.67          0.45        0.45        0.45         2.00           9.23           9.44            2.54          11.01         11.23          
28.70 -0.138 -0.112 -0.132 0.10           0.23           0.23            -13.51        64.36         64.51          0.35        0.41        0.41         -3.92          30.70          30.87           -9.59         33.66         33.64          
28.73 -0.128 -0.120 -0.144 0.39           0.46           0.52            -39.91        49.63         55.28          0.60        0.65        0.70         -24.43         32.57          38.09           -15.48        17.06         17.19          
28.77 -0.131 -0.120 -0.152 0.08           0.25           0.25            170.02        107.43        107.40         0.17        0.30        0.30         4.38           54.21          54.25           165.63        53.22         53.15          
28.80 -0.121 -0.120 -0.167 0.30           0.54           0.54            -1.61         56.32         56.33          0.55        0.71        0.71         -0.88          39.32          39.32           -0.73         17.00         17.00          
28.83 -0.118 -0.113 -0.185 0.21           0.53           0.57            71.42         82.68         83.16          0.38        0.62        0.65         32.50          59.03          60.73           38.92         23.64         22.43          
28.87 -0.111 -0.108 -0.197 0.29           0.44           0.47            35.41         57.89         60.19          0.51        0.61        0.64         19.05          37.74          40.28           16.36         20.16         19.91          
28.90 -0.108 -0.101 -0.214 0.21           0.49           0.53            71.17         81.90         82.52          0.38        0.58        0.62         32.45          56.72          58.79           38.72         25.18         23.73          
28.93 -0.095 -0.105 -0.216 0.42           0.42           0.43            -14.89        11.63         18.59          0.67        0.66        0.67         -9.38          7.28           11.79           -5.52         4.35          6.79           
28.97 -0.083 -0.102 -0.225 0.35           0.43           0.43            11.72         37.65         38.62          0.59        0.64        0.65         6.81           23.95          24.70           4.91          13.70         13.92          
29.00 -0.096 -0.099 -0.232 0.38           0.42           0.43            166.57        152.59        150.27         0.15        0.23        0.24         143.93         122.31         119.87          22.63         30.28         30.40          
29.03 -0.086 -0.102 -0.226 0.29           0.32           0.33            -13.69        -28.98        31.17          0.54        0.56        0.56         -7.38          -16.41         17.83           -6.31         -12.57        13.34          
29.07 -0.096 -0.110 -0.227 0.37           0.28           0.37            -138.60       174.04        138.40         0.25        0.04        0.25         -96.48         133.78         96.43           -42.12        40.26         41.97          
29.10 -0.103 -0.118 -0.222 0.33           0.27           0.37            -129.48       -141.20       124.48         0.26        0.17        0.31         -80.85         -76.33         82.35           -48.63        -64.87        42.13          
29.13 -0.118 -0.119 -0.217 0.46           0.47           0.47            -175.88       -163.93       163.46         0.21        0.24        0.25         -170.91        -147.42        146.63          -4.96         -16.51        16.83          
29.17 -0.110 -0.124 -0.216 0.27           0.24           0.27            -31.32        -10.31        32.42          0.50        0.48        0.50         -16.33         -5.00          17.00           -14.99        -5.30         15.42          
29.20 -0.115 -0.120 -0.207 0.21           0.32           0.35            141.44        -120.67       118.20         0.16        0.29        0.32         57.27          -73.10         74.64           84.16         -47.57        43.56          
29.23 -0.121 -0.113 -0.197 0.27           0.33           0.39            130.17        -121.88       116.60         0.22        0.29        0.36         70.38          -75.28         78.06           59.79         -46.60        38.54          
29.27 -0.121 -0.105 -0.191 0.23           0.20           0.31            88.26         -87.95        88.67          0.35        0.33        0.40         42.38          -37.77         50.13           45.87         -50.18        38.54          
29.30 -0.140 -0.097 -0.175 0.62           0.75           0.79            157.15        -140.25       137.00         0.41        0.58        0.63         143.28         -124.18        121.21          13.87         -16.06        15.79          
29.33 -0.153 -0.096 -0.169 0.37           0.41           0.41            176.81        -156.04       155.87         0.13        0.21        0.21         170.44         -126.63        126.42          6.38          -29.40        29.45          
29.37 -0.162 -0.099 -0.160 0.28           0.39           0.40            -164.10       -133.55       132.54         0.08        0.28        0.29         -103.97        -93.85         93.72           -60.13        -39.70        38.82          
29.40 -0.177 -0.102 -0.149 0.47           0.56           0.56            -167.81       -144.97       143.74         0.23        0.38        0.39         -154.37        -122.72        121.55          -13.44        -22.25        22.19          
29.43 -0.195 -0.105 -0.141 0.54           0.59           0.59            -171.26       -155.55       154.36         0.29        0.37        0.38         -163.86        -139.44        137.90          -7.40         -16.11        16.46          
29.47 -0.205 -0.112 -0.130 0.38           0.46           0.50            -147.06       -134.90       129.93         0.22        0.33        0.39         -109.23        -102.69        100.71          -37.83        -32.20        29.22          
29.50 -0.224 -0.114 -0.119 0.57           0.67           0.67            -174.60       -148.59       148.28         0.32        0.47        0.48         -170.44        -132.57        132.23          -4.17         -16.02        16.05          
29.53 -0.248 -0.117 -0.108 0.73           0.79           0.79            -172.81       -156.66       155.79         0.48        0.57        0.57         -169.08        -146.58        145.50          -3.73         -10.07        10.30          
29.57 -0.262 -0.112 -0.095 0.44           0.57           0.58            163.50        -137.61       136.18         0.21        0.42        0.44         143.83         -113.93        112.89          19.67         -23.68        23.29          
29.60 -0.280 -0.107 -0.080 0.55           0.69           0.71            163.42        -139.06       137.48         0.32        0.53        0.55         150.34         -121.08        119.69          13.08         -17.98        17.79          
29.63 -0.303 -0.103 -0.068 0.70           0.78           0.79            169.52        -151.79       150.43         0.46        0.57        0.59         163.81         -139.90        138.31          5.71          -11.89        12.12          
29.67 -0.320 -0.100 -0.053 0.52           0.68           0.68            170.21        -139.04       138.49         0.28        0.52        0.52         161.35         -120.48        120.00          8.87          -18.56        18.49          
29.70 -0.332 -0.104 -0.038 0.37           0.58           0.59            -162.64       -127.78       126.99         0.15        0.47        0.49         -133.74        -103.06        102.70          -28.90        -24.73        24.29          
29.73 -0.342 -0.100 -0.027 0.33           0.46           0.47            162.64        -133.88       132.65         0.12        0.34        0.35         124.22         -101.55        101.08          38.42         -32.33        31.57          
29.77 -0.000 0.000  -0.000 10.70          10.30          10.73           16.36         -4.48         16.90          10.94       10.55       10.97        15.99          -4.37          16.52           0.37          -0.11         0.38           
29.80 -0.000 0.000  -0.000 0.00           0.00           0.00            0.00          0.00          0.00           0.25        0.25        0.25         0.00           -0.00          0.00            0.00          0.00          0.00           
29.83 -0.000 0.000  -0.000 0.00           0.00           0.00            0.00          0.00          0.00           0.25        0.25        0.25         0.00           -0.00          0.00            0.00          0.00          0.00           
29.87 -0.000 0.000  -0.000 0.00           0.00           0.00            0.00          0.00          0.00           0.25        0.25        0.25         0.00           -0.00          0.00            0.00          0.00          0.00           
29.90 -0.000 0.000  -0.000 0.00           0.00           0.00            0.00          0.00          0.00           0.25        0.25        0.25         0.00           -0.00          0.00            0.00          0.00          0.00           
29.93 -0.000 0.000  -0.000 0.00           0.00           0.00            0.00          0.00          0.00           0.25        0.25        0.25         0.00           -0.00          0.00            0.00          0.00          0.00           
29.97 -0.000 0.000  -0.000 0.00           0.00           0.00            0.00          0.00          0.00           0.25        0.25        0.25         0.00           -0.00          0.00            0.00          0.00          0.00           
30.00 -0.000 0.000  -0.000 0.00           0.00           0.00            0.00          0.00          0.00           0.25        0.25        0.25         0.00           -0.00          0.00            0.00          0.00          0.00           
30.03 -0.000 0.000  -0.000 0.00           0.00           0.00            0.00          0.00          0.00           0.25        0.25        0.25         0.00           -0.00          0.00            0.00          0.00          0.00           
30.07 -0.000 0.000  -0.000 0.00           0.00           0.00            0.00          0.00          0.00           0.25        0.25        0.25         0.00           -0.00          0.00            0.00          0.00          0.00           
30.10 -0.271 -0.114 -0.006 8.80           8.12           8.81            -157.20       178.65        157.17         8.57        7.87        8.58         -156.55        178.61         156.52          -0.65         0.04          0.65           
30.13 -0.257 -0.105 -0.012 0.47           0.42           0.50            33.32         21.60         37.50          0.69        0.66        0.71         21.91          13.62          25.15           11.41         7.98          12.35          
30.17 -0.247 -0.096 -0.019 0.41           0.39           0.48            41.48         37.04         49.29          0.62        0.61        0.67         26.10          22.69          32.78           15.38         14.35         16.51          
30.20 -0.231 -0.088 -0.030 0.55           0.58           0.63            26.55         32.88         39.25          0.78        0.80        0.84         18.28          23.14          28.38           8.27          9.74          10.87          
30.23 -0.223 -0.083 -0.042 0.29           0.43           0.46            32.87         55.76         58.08          0.52        0.61        0.63         17.70          35.97          38.41           15.17         19.79         19.66          
30.27 -0.216 -0.080 -0.064 0.22           0.70           0.71            23.13         73.56         73.68          0.46        0.81        0.81         10.70          56.28          56.49           12.44         17.28         17.20          
30.30 -0.204 -0.084 -0.085 0.39           0.71           0.72            -18.75        58.88         59.40          0.63        0.87        0.88         -11.42         44.59          45.18           -7.33         14.29         14.21          
30.33 -0.205 -0.089 -0.104 0.15           0.60           0.62            -99.23        92.29         92.22          0.27        0.64        0.66         -33.03         69.30          69.85           -66.19        22.99         22.37          
30.37 -0.199 -0.093 -0.126 0.20           0.65           0.67            -38.32        75.95         76.20          0.43        0.75        0.76         -17.06         57.19          57.69           -21.26        18.75         18.51          
30.40 -0.195 -0.102 -0.140 0.30           0.44           0.52            -66.30        74.06         76.53          0.46        0.56        0.63         -36.55         48.71          53.65           -29.76        25.35         22.89          
30.43 -0.198 -0.099 -0.158 0.13           0.57           0.58            134.29        99.24         99.12          0.18        0.59        0.59         30.80          74.36          74.57           103.49        24.88         24.55          
30.47 -0.194 -0.108 -0.173 0.30           0.44           0.52            -66.07        74.05         76.49          0.46        0.56        0.63         -36.37         48.83          53.67           -29.70        25.22         22.81          
30.50 -0.201 -0.106 -0.186 0.21           0.46           0.46            164.21        115.86        115.66         0.08        0.41        0.42         47.58          82.86          82.92           116.62        33.01         32.73          
30.53 -0.197 -0.115 -0.202 0.30           0.48           0.55            -66.35        75.76         77.62          0.46        0.60        0.66         -36.35         51.79          55.74           -30.00        23.97         21.88          
30.57 -0.204 -0.121 -0.222 0.27           0.63           0.66            -139.06       108.75        108.04         0.18        0.60        0.63         -75.05         85.50          85.69           -64.01        23.25         22.35          
30.60 -0.196 -0.123 -0.237 0.23           0.50           0.50            -17.09        63.46         63.73          0.48        0.65        0.65         -8.23          43.27          43.61           -8.86         20.19         20.12          
30.63 -0.192 -0.122 -0.251 0.12           0.45           0.46            16.30         75.30         75.34          0.37        0.57        0.57         5.27           50.28          50.36           11.02         25.02         24.98          
30.67 -0.191 -0.123 -0.273 0.04           0.64           0.64            -29.36        86.75         86.75          0.29        0.70        0.70         -4.10          65.96          65.97           -25.26        20.79         20.78          
30.70 -0.181 -0.121 -0.293 0.31           0.68           0.68            9.75          63.06         63.15          0.56        0.82        0.82         5.42           47.35          47.46           4.34          15.71         15.69          
30.73 -0.178 -0.110 -0.308 0.36           0.46           0.58            76.54         79.49         81.66          0.48        0.56        0.66         46.40          53.56          59.74           30.15         25.93         21.92          
30.77 -0.179 -0.102 -0.322 0.22           0.43           0.48            94.00         92.05         91.83          0.32        0.49        0.54         43.31          61.43          64.15           50.69         30.63         27.68          
30.80 -0.171 -0.092 -0.345 0.39           0.72           0.78            51.74         70.74         72.28          0.57        0.84        0.89         31.77          54.41          56.80           19.98         16.33         15.48          
30.83 -0.178 -0.075 -0.354 0.56           0.35           0.62            113.59        130.03        111.18         0.51        0.27        0.57         86.88          84.02          87.24           26.71         46.01         23.95          
30.87 -0.167 -0.070 -0.361 0.36           0.39           0.42            23.09         33.35         38.10          0.59        0.62        0.63         13.59          20.46          23.96           9.51          12.89         14.14          
30.90 -0.171 -0.057 -0.363 0.42           0.14           0.43            105.80        148.89        105.59         0.43        0.15        0.44         71.79          27.44          72.03           34.01         121.45        33.56          
30.93 -0.169 -0.045 -0.366 0.37           0.10           0.38            80.88         55.61         81.12          0.48        0.32        0.48         49.74          15.48          50.49           31.14         40.13         30.62          
30.97 -0.184 -0.023 -0.365 0.78           0.44           0.78            124.63        -175.53       124.59         0.67        0.19        0.67         106.67         -169.77        106.64          17.96         -5.76         17.95          
31.00 -0.190 -0.007 -0.365 0.53           0.18           0.53            110.05        179.91        110.05         0.50        0.07        0.50         82.12          0.25           82.12           27.93         179.66        27.93          
31.03 -0.197 0.010  -0.360 0.54           0.25           0.56            112.51        -144.92       111.70         0.50        0.15        0.53         85.29          -74.19         85.48           27.22         -70.74        26.22          
31.07 -0.209 0.018  -0.352 0.44           0.44           0.50            146.95        -146.41       137.09         0.27        0.27        0.36         116.03         -115.58        108.87          30.91         -30.84        28.21          
31.10 -0.220 0.023  -0.341 0.37           0.46           0.49            154.75        -135.83       132.80         0.18        0.33        0.37         117.61         -104.25        102.87          37.14         -31.58        29.93          
31.13 -0.234 0.029  -0.327 0.46           0.61           0.64            157.15        -133.91       131.74         0.25        0.48        0.51         134.36         -111.64        110.19          22.79         -22.27        21.55          
31.17 -0.256 0.032  -0.310 0.65           0.81           0.82            172.90        -142.98       142.61         0.41        0.63        0.63         168.53         -129.16        128.78          4.37          -13.83        13.83          
31.20 -0.261 0.028  -0.289 0.19           0.65           0.66            -147.10       -104.01       103.84         0.14        0.64        0.64         -47.44         -81.57         81.68           -99.66        -22.44        22.16          
31.23 -0.270 0.024  -0.265 0.31           0.78           0.79            -153.02       -110.84       110.49         0.14        0.73        0.74         -101.05        -92.17         92.13           -51.97        -18.67        18.36          
31.27 -0.286 0.030  -0.250 0.52           0.65           0.68            157.09        -136.96       134.30         0.30        0.50        0.54         138.32         -116.95        114.85          18.77         -20.02        19.44          
31.30 -0.297 0.021  -0.216 0.42           1.09           1.12            -139.25       -106.85       106.34         0.28        1.05        1.08         -103.67        -93.63         93.52           -35.58        -13.22        12.82          
31.33 -0.308 0.025  -0.196 0.36           0.69           0.70            163.43        -120.27       119.90         0.14        0.60        0.61         133.47         -99.35         99.21           29.96         -20.92        20.69          
31.37 -0.323 0.031  -0.176 0.47           0.74           0.76            156.51        -125.34       124.12         0.26        0.63        0.65         133.64         -106.37        105.68          22.87         -18.96        18.44          
31.40 -0.331 0.026  -0.136 0.29           1.22           1.23            -148.20       -101.68       101.58         0.15        1.19        1.20         -88.74         -89.84         89.84           -59.46        -11.84        11.74          
31.43 -0.345 0.032  -0.113 0.46           0.79           0.81            156.95        -122.19       121.30         0.25        0.69        0.71         133.73         -104.37        103.90          23.22         -17.82        17.40          
31.47 -0.359 0.040  -0.098 0.50           0.64           0.69            149.67        -132.90       129.23         0.31        0.50        0.56         126.03         -111.57        109.15          23.64         -21.33        20.07          
31.50 -0.364 0.042  -0.083 0.15           0.46           0.46            158.95        -108.32       108.18         0.12        0.45        0.45         27.36          -76.17         76.27           131.60        -32.15        31.91          
31.53 -0.370 0.053  -0.067 0.35           0.51           0.60            117.84        -108.97       106.07         0.32        0.49        0.58         74.78          -79.96         81.56           43.06         -29.01        24.52          
31.57 -0.369 0.058  -0.055 0.15           0.36           0.39            82.32         -86.81        87.05          0.31        0.45        0.48         28.96          -53.26         55.40           53.36         -33.55        31.66          
31.60 -0.364 0.069  -0.051 0.37           0.20           0.39            64.72         -40.14        66.31          0.52        0.43        0.54         39.15          -17.97         41.23           25.56         -22.17        25.07          
31.63 -0.358 0.081  -0.050 0.42           0.16           0.42            67.25         -9.50         67.30          0.56        0.41        0.57         43.16          -3.76          43.23           24.09         -5.73         24.07          
31.67 -0.354 0.087  -0.046 0.22           0.17           0.25            54.52         -42.03        59.05          0.42        0.39        0.43         25.32          -16.91         29.35           29.20         -25.12        29.70          
31.70 -0.355 0.102  -0.048 0.43           0.06           0.44            92.72         108.95        92.69          0.49        0.24        0.49         61.96          14.55          62.19           30.75         94.40         30.50          
31.73 -0.340 0.108  -0.048 0.49           0.45           0.49            23.39         -0.71         23.40          0.73        0.70        0.73         15.53          -0.45          15.54           7.86          -0.25         7.86           
31.77 -0.340 0.106  -0.048 0.07           0.01           0.07            -82.57        20.11         82.58          0.27        0.26        0.27         -14.18         0.69           14.19           -68.39        19.42         68.38          
31.80 -0.339 0.115  -0.050 0.28           0.05           0.28            85.58         64.77         85.64          0.39        0.28        0.39         45.44          9.46           45.82           40.14         55.31         39.82          
31.83 -0.336 0.115  -0.061 0.10           0.35           0.35            -11.71        73.09         73.12          0.35        0.49        0.49         -3.44          43.63          43.69           -8.27         29.46         29.43          
31.87 -0.336 0.129  -0.070 0.42           0.28           0.51            90.97         91.48         90.81          0.49        0.37        0.56         60.17          48.85          64.39           30.80         42.64         26.43          
31.90 -0.338 0.143  -0.086 0.44           0.47           0.64            100.73        100.05        97.37          0.47        0.49        0.66         68.86          70.12          75.21           31.87         29.93         22.17          
31.93 -0.345 0.151  -0.104 0.31           0.60           0.64            128.76        108.61        107.25         0.25        0.57        0.62         76.15          84.09          84.55           52.61         24.52         22.70          
31.97 -0.352 0.154  -0.132 0.24           0.85           0.85            156.84        105.08        104.98         0.10        0.82        0.82         72.20          87.88          87.89           84.63         17.20         17.09          
32.00 -0.350 0.153  -0.152 0.07           0.61           0.61            -28.21        84.03         84.04          0.32        0.69        0.69         -6.22          62.77          62.80           -21.99        21.26         21.23          
32.03 -0.354 0.153  -0.185 0.10           1.00           1.00            -179.67       96.01         96.01          0.15        1.00        1.00         -0.24          81.64          81.64           -179.43       14.36         14.36          
32.07 -0.357 0.139  -0.212 0.43           0.81           0.91            -104.12       97.47         96.63          0.44        0.82        0.92         -70.95         79.80          80.94           -33.17        17.67         15.70          
32.10 -0.355 0.140  -0.240 0.07           0.84           0.84            33.37         86.05         86.06          0.31        0.89        0.89         7.03           69.78          69.80           26.33         16.27         16.26          
32.13 -0.350 0.136  -0.273 0.19           1.01           1.02            -37.71        81.29         81.35          0.42        1.08        1.09         -16.38         68.05          68.18           -21.33        13.24         13.16          
32.17 -0.347 0.131  -0.296 0.19           0.70           0.72            -63.98        83.07         83.28          0.38        0.77        0.79         -27.43         64.38          65.05           -36.55        18.69         18.23          
32.20 -0.337 0.147  -0.311 0.59           0.55           0.74            57.39         54.61         64.58          0.76        0.72        0.88         41.23          38.28          49.71           16.16         16.33         14.87          
32.23 -0.323 0.142  -0.310 0.44           0.42           0.45            -19.63        -6.83         20.62          0.68        0.67        0.69         -12.58         -4.29          13.24           -7.06         -2.55         7.38           
32.27 -0.320 0.156  -0.318 0.42           0.27           0.49            78.41         71.64         80.10          0.53        0.42        0.59         50.86          37.20          55.30           27.55         34.44         24.80          
32.30 -0.312 0.164  -0.328 0.34           0.38           0.45            43.64         48.62         56.00          0.55        0.57        0.62         25.44          29.52          36.49           18.19         19.09         19.51          
32.33 -0.311 0.166  -0.331 0.07           0.10           0.12            67.15         73.92         76.62          0.29        0.29        0.30         13.31          19.08          22.74           53.84         54.84         53.88          
32.37 -0.307 0.161  -0.327 0.20           0.16           0.23            -53.36        -41.36        58.11          0.41        0.39        0.42         -23.71         -16.04         27.69           -29.66        -25.32        30.42          
32.40 -0.301 0.155  -0.318 0.25           0.34           0.38            -43.13        -57.42        61.27          0.46        0.52        0.54         -21.45         -33.29         37.42           -21.68        -24.14        23.84          
32.43 -0.299 0.148  -0.305 0.23           0.38           0.44            -76.05        -81.78        82.88          0.38        0.49        0.53         -35.80         -51.11         55.12           -40.26        -30.67        27.77          
32.47 -0.297 0.128  -0.293 0.59           0.38           0.69            -84.47        -81.41        85.34          0.66        0.48        0.76         -62.25         -50.62         66.11           -22.22        -30.79        19.23          
32.50 -0.292 0.125  -0.270 0.18           0.69           0.69            -29.71        -77.02        77.13          0.41        0.78        0.79         -12.30         -58.89         59.11           -17.41        -18.12        18.01          
32.53 -0.287 0.113  -0.255 0.40           0.49           0.62            -70.17        -74.07        77.39          0.54        0.61        0.72         -44.28         -50.94         57.53           -25.89        -23.13        19.86          
32.57 -0.291 0.111  -0.234 0.12           0.61           0.61            -161.44       -100.49       100.47         0.14        0.62        0.62         -15.07         -76.99         77.02           -146.37       -23.50        23.46          
32.60 -0.279 0.107  -0.210 0.37           0.80           0.81            -20.69        -64.39        64.74          0.61        0.94        0.95         -12.38         -50.48         50.94           -8.31         -13.90        13.81          
32.63 -0.271 0.104  -0.179 0.26           0.98           0.99            -24.08        -76.05        76.13          0.50        1.07        1.08         -12.27         -62.95         63.10           -11.81        -13.10        13.04          
32.67 -0.272 0.121  -0.170 0.54           0.27           0.60            92.99         -95.92        92.67          0.58        0.35        0.64         67.49          -50.57         69.69           25.50         -45.35        22.98          
32.70 -0.269 0.134  -0.142 0.38           0.83           0.90            74.82         -83.12        83.71          0.50        0.89        0.96         46.27          -66.97         68.77           28.55         -16.15        14.94          
32.73 -0.263 0.136  -0.123 0.18           0.61           0.61            21.96         -73.74        73.85          0.43        0.72        0.72         9.29           -54.28         54.46           12.68         -19.47        19.39          
32.77 -0.259 0.155  -0.092 0.58           0.92           1.08            75.92         -81.19        82.49          0.69        0.99        1.14         55.23          -66.78         69.95           20.69         -14.41        12.54          
32.80 -0.258 0.165  -0.076 0.32           0.50           0.59            85.67         -87.25        87.68          0.42        0.57        0.65         49.03          -61.21         65.09           36.63         -26.04        22.59          
32.83 -0.251 0.185  -0.068 0.62           0.29           0.66            71.77         -48.30        72.83          0.74        0.49        0.77         52.96          -26.10         54.70           18.81         -22.20        18.13          
32.87 -0.241 0.185  -0.042 0.30           0.85           0.85            2.79          -69.09        69.10          0.55        0.97        0.97         1.53           -55.10         55.11           1.26          -13.99        13.99          
32.90 -0.251 0.224  -0.028 1.21           0.52           1.28            104.60        -126.12       103.79         1.17        0.42        1.24         92.69          -97.48         92.53           11.92         -28.64        11.26          
32.93 -0.250 0.235  -0.024 0.31           0.12           0.33            82.57         -70.31        83.01          0.43        0.31        0.44         47.04          -21.37         48.81           35.53         -48.94        34.20          
32.97 -0.245 0.252  -0.024 0.53           0.15           0.53            74.11         -0.53         74.11          0.65        0.40        0.65         52.33          -0.20          52.33           21.78         -0.33         21.78          
33.00 -0.244 0.264  -0.025 0.38           0.04           0.38            84.84         39.78         84.86          0.47        0.29        0.47         52.88          5.67           52.96           31.96         34.11         31.90          
33.03 -0.250 0.285  -0.025 0.64           0.19           0.64            107.22        -179.24       107.22         0.62        0.06        0.62         84.38          -2.39          84.38           22.85         -176.85       22.85          
33.07 -0.250 0.309  -0.029 0.74           0.11           0.74            89.57         87.12         89.57          0.78        0.28        0.79         70.84          23.35          71.04           18.72         63.77         18.53          
33.10 -0.250 0.319  -0.038 0.29           0.27           0.40            90.22         90.23         90.16          0.38        0.37        0.47         49.40          47.60          58.00           40.82         42.64         32.16          
33.13 -0.258 0.321  -0.041 0.24           0.25           0.26            162.21        157.96        152.67         0.08        0.10        0.12         73.76          77.00          79.75           88.44         80.95         72.93          
33.17 -0.267 0.318  -0.056 0.28           0.53           0.54            -156.43       119.00        118.31         0.11        0.47        0.48         -94.11         91.00          90.97           -62.32        28.00         27.35          
33.20 -0.276 0.311  -0.067 0.36           0.43           0.48            -144.98       132.72        127.79         0.21        0.32        0.38         -101.61        97.57          96.37           -43.37        35.15         31.42          
33.23 -0.284 0.297  -0.081 0.48           0.49           0.64            -118.85       118.50        111.14         0.42        0.43        0.60         -87.57         87.60          88.29           -31.28        30.90         22.85          
33.27 -0.284 0.284  -0.092 0.39           0.32           0.51            -89.54        89.45         89.65          0.47        0.41        0.57         -57.11         51.92          63.49           -32.43        37.53         26.16          
33.30 -0.290 0.272  -0.117 0.39           0.76           0.83            -116.78       103.46        102.20         0.36        0.74        0.82         -78.10         84.29          84.84           -38.68        19.17         17.36          
33.33 -0.293 0.274  -0.136 0.12           0.60           0.60            152.80        99.89         99.86          0.16        0.61        0.61         19.72          75.96          76.01           133.07        23.93         23.84          
33.37 -0.297 0.274  -0.162 0.11           0.77           0.77            -178.91       97.99         97.99          0.14        0.78        0.78         -0.82          79.47          79.47           -178.09       18.52         18.52          
33.40 -0.297 0.273  -0.193 0.02           0.95           0.95            -134.19       91.01         91.01          0.23        0.98        0.98         -4.22          76.18          76.18           -129.97       14.84         14.83          
33.43 -0.298 0.270  -0.230 0.09           1.09           1.09            -108.97       91.49         91.49          0.24        1.11        1.11         -20.39         78.45          78.49           -88.59        13.04         13.00          
33.47 -0.312 0.271  -0.250 0.41           0.74           0.75            175.69        123.11        123.08         0.16        0.64        0.64         168.95         104.11         104.10          6.74          19.00         18.98          
33.50 -0.312 0.268  -0.283 0.09           0.98           0.99            -90.33        90.03         90.03          0.27        1.01        1.02         -20.68         75.74          75.80           -69.65        14.29         14.23          
33.53 -0.316 0.268  -0.305 0.13           0.66           0.66            179.40        100.89        100.89         0.12        0.66        0.66         0.61           79.20          79.20           178.79        21.69         21.69          
33.57 -0.322 0.285  -0.328 0.54           0.73           0.89            108.60        103.53        101.08         0.51        0.71        0.88         81.12          83.63          84.81           27.48         19.91         16.27          
33.60 -0.325 0.283  -0.352 0.12           0.73           0.73            -141.46       97.74         97.70          0.17        0.73        0.74         -27.07         78.03          78.10           -114.40       19.71         19.60          
33.63 -0.320 0.279  -0.367 0.18           0.45           0.46            -33.21        69.96         70.47          0.42        0.59        0.59         -14.03         46.32          47.11           -19.17        23.65         23.36          
33.67 -0.322 0.291  -0.390 0.35           0.72           0.80            100.59        95.20         94.68          0.39        0.74        0.82         62.04          75.50          76.91           38.55         19.70         17.76          
33.70 -0.316 0.292  -0.406 0.18           0.50           0.50            12.80         70.01         70.07          0.42        0.63        0.63         5.29           48.25          48.35           7.51          21.76         21.73          
33.73 -0.312 0.282  -0.428 0.34           0.68           0.75            -70.20        80.17         81.13          0.49        0.76        0.82         -41.27         61.25          63.70           -28.93        18.92         17.43          
33.77 -0.303 0.261  -0.440 0.68           0.45           0.77            -64.99        50.27         67.86          0.82        0.64        0.89         -48.99         32.85          52.83           -16.00        17.43         15.03          
33.80 -0.297 0.250  -0.445 0.36           0.24           0.40            -60.34        42.10         63.14          0.53        0.46        0.56         -36.36         20.75          39.62           -23.98        21.35         23.52          
33.83 -0.282 0.228  -0.460 0.79           0.64           0.91            -55.54        44.99         60.50          0.96        0.83        1.06         -43.11         32.71          48.63           -12.43        12.28         11.87          
33.87 -0.276 0.208  -0.464 0.64           0.21           0.65            -73.11        28.81         73.33          0.75        0.45        0.76         -54.55         13.20          54.92           -18.56        15.61         18.41          
33.90 -0.272 0.200  -0.465 0.27           0.12           0.27            -64.55        15.66         64.75          0.44        0.37        0.44         -33.66         5.08           33.90           -30.89        10.59         30.85          
33.93 -0.265 0.184  -0.464 0.51           0.20           0.51            -67.67        -10.83        67.73          0.65        0.45        0.65         -46.74         -4.77          46.83           -20.93        -6.06         20.90          
33.97 -0.260 0.181  -0.457 0.19           0.26           0.28            -30.00        -50.47        53.31          0.43        0.46        0.47         -13.02         -25.89         28.27           -16.97        -24.57        25.04          
34.00 -0.266 0.185  -0.438 0.23           0.58           0.60            147.19        -109.01       108.59         0.14        0.56        0.57         64.10          -83.84         83.99           83.09         -25.17        24.60          
34.03 -0.268 0.191  -0.423 0.18           0.46           0.49            108.58        -97.03        96.61          0.26        0.50        0.53         41.18          -67.24         68.50           67.41         -29.79        28.10          
34.07 -0.272 0.194  -0.411 0.15           0.37           0.38            138.58        -108.23       107.55         0.17        0.37        0.39         36.95          -68.88         69.64           101.64        -39.36        37.91          
34.10 -0.279 0.210  -0.413 0.51           0.23           0.52            115.35        164.55        115.16         0.46        0.07        0.47         86.22          63.25          86.25           29.13         101.30        28.91          
34.13 -0.287 0.233  -0.406 0.74           0.33           0.77            108.82        -135.54       107.91         0.70        0.23        0.73         88.96          -86.88         89.01           19.86         -48.66        18.90          
34.17 -0.294 0.242  -0.382 0.34           0.74           0.78            127.89        -106.50       105.47         0.27        0.71        0.76         81.31          -86.67         86.89           46.58         -19.83        18.58          
34.20 -0.292 0.254  -0.361 0.38           0.64           0.74            83.07         -85.93        86.49          0.48        0.70        0.80         51.69          -65.21         68.26           31.38         -20.73        18.23          
34.23 -0.299 0.275  -0.352 0.64           0.33           0.70            107.31        -125.41       105.93         0.62        0.27        0.67         84.48          -77.56         84.94           22.83         -47.85        20.99          
34.27 -0.294 0.291  -0.335 0.53           0.54           0.74            72.62         -73.20        77.74          0.65        0.66        0.83         50.94          -51.96         60.61           21.68         -21.25        17.13          
34.30 -0.295 0.311  -0.333 0.59           0.08           0.59            95.20         -133.79       95.18          0.62        0.20        0.62         71.56          -15.89         71.63           23.65         -117.90       23.55          
34.33 -0.289 0.320  -0.320 0.34           0.43           0.51            55.51         -63.48        68.01          0.52        0.59        0.65         32.33          -41.06         47.12           23.18         -22.41        20.89          
34.37 -0.296 0.345  -0.316 0.78           0.23           0.79            104.96        -149.62       104.79         0.76        0.13        0.77         86.36          -67.92         86.41           18.60         -81.70        18.38          
34.40 -0.296 0.356  -0.300 0.30           0.48           0.57            93.80         -92.40        92.03          0.38        0.53        0.61         52.88          -64.50         68.03           40.92         -27.90        24.00          
34.43 -0.301 0.368  -0.284 0.41           0.49           0.63            108.96        -105.69       102.27         0.40        0.49        0.62         73.18          -76.12         79.17           35.79         -29.57        23.10          
34.47 -0.298 0.376  -0.272 0.23           0.37           0.43            70.55         -78.12        79.75          0.39        0.49        0.54         33.74          -48.26         52.53           36.81         -29.86        27.22          
34.50 -0.304 0.401  -0.263 0.77           0.32           0.82            103.95        -125.05       103.18         0.75        0.27        0.80         85.18          -76.60         85.45           18.77         -48.44        17.72          
34.53 -0.311 0.419  -0.251 0.56           0.39           0.66            109.32        -118.39       106.39         0.54        0.35        0.64         83.17          -79.54         84.26           26.15         -38.84        22.13          
34.57 -0.310 0.436  -0.249 0.51           0.09           0.52            86.10         -66.06        86.14          0.59        0.30        0.59         60.91          -15.43         61.19           25.19         -50.63        24.95          
34.60 -0.307 0.450  -0.246 0.44           0.13           0.45            79.78         -52.30        80.04          0.54        0.34        0.55         52.83          -17.10         53.56           26.95         -35.20        26.48          
34.63 -0.309 0.467  -0.245 0.51           0.08           0.51            98.52         -175.18       98.52          0.54        0.17        0.54         71.13          -2.12          71.13           27.39         -173.07       27.39          
34.67 -0.316 0.474  -0.246 0.30           0.20           0.30            131.95        172.46        131.75         0.23        0.06        0.23         77.70          28.62          77.78           54.25         143.84        53.96          
34.70 -0.320 0.479  -0.257 0.18           0.34           0.37            126.95        108.35        106.88         0.20        0.35        0.38         44.99          66.19          68.01           81.96         42.16         38.87          
34.73 -0.321 0.469  -0.262 0.30           0.16           0.34            -96.17        101.24        95.42          0.37        0.27        0.40         -53.40         36.24          56.89           -42.77        65.00         38.54          
34.77 -0.321 0.457  -0.270 0.37           0.23           0.43            -90.79        91.27         90.67          0.44        0.34        0.50         -56.41         43.08          60.57           -34.38        48.19         30.10          
34.80 -0.325 0.447  -0.281 0.31           0.34           0.45            -112.24       110.35        105.36         0.32        0.34        0.45         -65.46         67.50          72.95           -46.77        42.84         32.41          
34.83 -0.329 0.433  -0.288 0.45           0.25           0.50            -105.32       118.85        103.78         0.45        0.25        0.50         -73.16         58.67          74.83           -32.17        60.18         28.95          
34.87 -0.330 0.413  -0.312 0.59           0.72           0.93            -92.26        91.87         91.44          0.63        0.75        0.95         -68.99         72.42          76.26           -23.27        19.45         15.18          
34.90 -0.334 0.408  -0.326 0.19           0.44           0.46            -128.62       105.53        104.71         0.20        0.44        0.47         -48.21         72.73          73.64           -80.40        32.80         31.07          
34.93 -0.341 0.392  -0.345 0.54           0.61           0.79            -112.82       110.18        105.47         0.50        0.57        0.76         -85.45         86.02          87.00           -27.37        24.16         18.47          
34.97 -0.342 0.377  -0.374 0.45           0.89           0.99            -96.94        93.53         93.15          0.49        0.91        1.01         -66.44         77.54          78.85           -30.50        15.99         14.30          
35.00 -0.346 0.379  -0.402 0.13           0.84           0.85            154.90        98.31         98.29          0.14        0.85        0.85         24.06          81.29          81.31           130.84        17.02         16.98          
35.03 -0.353 0.374  -0.437 0.25           1.05           1.07            -140.66       100.38        100.27         0.17        1.04        1.05         -68.86         86.68          86.71           -71.80        13.70         13.55          
35.07 -0.365 0.383  -0.470 0.46           1.07           1.11            143.44        110.22        109.56         0.30        1.01        1.05         113.69         96.84          96.60           29.75         13.39         12.97          
35.10 -0.372 0.398  -0.475 0.50           0.25           0.52            114.66        145.79        113.67         0.46        0.15        0.48         84.94          74.16          85.17           29.72         71.62         28.50          
35.13 -0.378 0.403  -0.489 0.23           0.45           0.48            135.89        111.43        110.15         0.18        0.43        0.46         62.48          78.79          79.50           73.41         32.65         30.65          
35.17 -0.379 0.397  -0.526 0.20           1.12           1.14            -104.36       92.54         92.50          0.28        1.14        1.16         -44.16         79.88          80.02           -60.20        12.67         12.48          
35.20 -0.384 0.396  -0.545 0.13           0.56           0.56            -175.16       103.00        103.00         0.12        0.56        0.56         -4.90          77.18          77.18           -170.26       25.82         25.82          
35.23 -0.383 0.396  -0.549 0.03           0.13           0.13            1.20          76.85         76.85          0.28        0.31        0.31         0.13           24.63          24.63           1.07          52.22         52.22          
35.27 -0.379 0.389  -0.555 0.23           0.20           0.29            -64.71        60.27         69.99          0.41        0.39        0.44         -31.08         26.51          38.04           -33.63        33.76         31.96          
35.30 -0.386 0.394  -0.553 0.26           0.22           0.26            144.79        -166.74       143.35         0.15        0.06        0.16         75.50          -52.23         76.21           69.29         -114.52       67.14          
35.33 -0.398 0.418  -0.548 0.80           0.39           0.82            115.96        -154.68       115.38         0.73        0.19        0.75         97.96          -121.24        97.75           18.01         -33.44        17.63          
35.37 -0.421 0.441  -0.532 0.96           0.83           1.08            135.15        -145.28       129.52         0.81        0.64        0.94         122.53         -132.49        117.63          12.62         -12.80        11.89          
35.40 -0.436 0.458  -0.522 0.67           0.53           0.73            131.57        -147.61       127.70         0.54        0.35        0.61         111.35         -124.79        108.81          20.22         -22.82        18.89          
35.43 -0.438 0.463  -0.502 0.18           0.62           0.64            114.75        -96.83        96.61          0.24        0.64        0.66         42.04          -73.92         74.41           72.72         -22.91        22.20          
35.47 -0.452 0.467  -0.474 0.43           0.94           0.94            164.49        -116.45       116.24         0.20        0.85        0.86         145.29         -101.28        101.17          19.20         -15.18        15.07          
35.50 -0.460 0.466  -0.450 0.23           0.75           0.76            -172.10       -107.75       107.73         0.04        0.72        0.72         -58.10         -88.42         88.42           -114.01       -19.33        19.32          
35.53 -0.468 0.460  -0.420 0.30           0.93           0.94            -145.90       -105.48       105.23         0.17        0.89        0.91         -88.96         -89.80         89.81           -56.94        -15.68        15.42          
35.57 -0.469 0.459  -0.396 0.06           0.73           0.73            -129.19       -92.79        92.78          0.22        0.76        0.76         -11.46         -73.58         73.61           -117.72       -19.21        19.17          
35.60 -0.469 0.437  -0.368 0.65           0.84           1.06            -89.33        -89.48        89.59          0.70        0.88        1.10         -68.39         -73.01         76.40           -20.94        -16.47        13.19          
35.63 -0.480 0.448  -0.338 0.46           0.94           0.99            136.39        -110.72       109.59         0.33        0.88        0.94         104.66         -95.39         95.07           31.73         -15.34        14.52          
35.67 -0.474 0.440  -0.308 0.31           0.93           0.96            -53.12        -78.30        78.71          0.50        1.01        1.04         -29.76         -64.23         65.04           -23.36        -14.07        13.67          
35.70 -0.468 0.425  -0.271 0.49           1.12           1.21            -67.87        -80.58        81.26          0.63        1.19        1.27         -46.12         -68.58         70.04           -21.74        -12.00        11.23          
35.73 -0.467 0.423  -0.238 0.05           1.01           1.01            -58.08        -88.64        88.64          0.28        1.04        1.05         -7.99          -74.80         74.81           -50.09        -13.84        13.83          
35.77 -0.465 0.410  -0.202 0.39           1.08           1.14            -82.36        -87.23        87.39          0.49        1.12        1.18         -52.09         -74.29         75.18           -30.27        -12.94        12.21          
35.80 -0.472 0.410  -0.170 0.22           0.98           0.98            -176.38       -102.75       102.74         0.04        0.96        0.96         -22.65         -88.04         88.04           -153.72       -14.71        14.71          
35.83 -0.483 0.417  -0.157 0.39           0.51           0.54            148.50        -130.49       127.11         0.22        0.39        0.44         111.36         -101.56        100.28          37.14         -28.93        26.83          
35.87 -0.487 0.399  -0.114 0.54           1.31           1.41            -103.85       -95.60        95.20          0.53        1.31        1.41         -76.80         -84.68         85.05           -27.05        -10.92        10.15          
35.90 -0.505 0.386  -0.080 0.67           1.13           1.20            -142.80       -118.18       116.39         0.50        1.04        1.11         -125.04        -105.91        104.79          -17.76        -12.26        11.60          
35.93 -0.516 0.385  -0.052 0.32           0.91           0.91            -174.77       -110.71       110.70         0.08        0.85        0.85         -157.34        -94.74         94.74           -17.43        -15.97        15.96          
35.97 -0.516 0.353  -0.045 0.96           0.23           0.99            -89.68        -88.64        89.69          0.99        0.34        1.02         -75.09         -41.62         75.48           -14.59        -47.02        14.21          
36.00 -0.512 0.330  -0.014 0.71           0.94           1.17            -80.92        -83.19        84.53          0.78        1.00        1.22         -62.58         -68.81         72.75           -18.34        -14.38        11.78          
36.03 -0.510 0.316  -0.011 0.40           0.11           0.41            -80.70        -53.00        80.91          0.50        0.33        0.51         -51.35         -15.20         52.00           -29.35        -37.80        28.92          
36.07 -0.501 0.295  -0.014 0.70           0.29           0.70            -66.28        17.18         66.47          0.83        0.54        0.83         -50.23         9.27           50.49           -16.05        7.91          15.98          
36.10 -0.496 0.279  -0.025 0.52           0.36           0.62            -75.81        69.41         78.15          0.63        0.51        0.71         -53.08         41.84          58.06           -22.74        27.57         20.10          
36.13 -0.490 0.264  -0.044 0.49           0.62           0.77            -65.54        71.06         74.68          0.63        0.74        0.87         -44.52         52.51          58.52           -21.02        18.55         16.16          
36.17 -0.487 0.241  -0.064 0.70           0.60           0.92            -82.45        81.21         84.25          0.77        0.68        0.97         -63.71         60.05          69.44           -18.74        21.16         14.81          
36.20 -0.489 0.225  -0.085 0.49           0.64           0.80            -99.77        97.50         95.97          0.51        0.65        0.81         -70.93         75.19          78.14           -28.84        22.32         17.83          
36.23 -0.494 0.202  -0.116 0.68           0.93           1.14            -100.93       97.94         96.45          0.68        0.93        1.14         -79.64         82.48          83.89           -21.29        15.46         12.56          
36.27 -0.493 0.186  -0.142 0.50           0.78           0.92            -89.21        89.49         89.57          0.56        0.82        0.96         -62.61         71.66          74.40           -26.60        17.83         15.17          
36.30 -0.499 0.155  -0.174 0.93           0.98           1.34            -101.17       100.59        97.73          0.92        0.97        1.33         -85.63         85.86          86.99           -15.54        14.73         10.74          
36.33 -0.495 0.130  -0.206 0.79           0.98           1.25            -80.73        82.52         84.16          0.86        1.04        1.30         -64.14         68.70          73.10           -16.58        13.82         11.06          
36.37 -0.501 0.108  -0.245 0.67           1.17           1.34            -103.97       97.92         96.93          0.65        1.16        1.33         -82.23         85.64          86.19           -21.74        12.29         10.74          
36.40 -0.501 0.105  -0.275 0.08           0.92           0.92            -101.44       91.02         91.02          0.25        0.95        0.95         -19.14         75.73          75.78           -82.31        15.29         15.23          
36.43 -0.501 0.100  -0.299 0.15           0.70           0.72            -89.64        89.92         89.93          0.29        0.74        0.76         -30.53         70.32          70.71           -59.11        19.61         19.22          
36.47 -0.500 0.102  -0.317 0.06           0.53           0.53            65.31         87.49         87.50          0.28        0.60        0.60         10.50          62.76          62.87           54.81         24.72         24.63          
36.50 -0.499 0.097  -0.333 0.15           0.50           0.52            -77.51        86.20         86.36          0.32        0.58        0.60         -27.97         60.54          61.58           -49.54        25.66         24.77          
36.53 -0.481 0.088  -0.345 0.62           0.66           0.71            -25.32        32.07         38.14          0.85        0.88        0.92         -18.08         23.38          28.45           -7.24         8.69          9.69           
36.57 -0.466 0.085  -0.350 0.45           0.47           0.48            -12.94        20.82         23.95          0.70        0.71        0.72         -8.32          13.62          15.80           -4.61         7.20          8.15           
36.60 -0.452 0.073  -0.346 0.55           0.43           0.56            -41.13        -16.97        42.77          0.75        0.67        0.76         -28.49         -10.74         29.89           -12.64        -6.23         12.87          
36.63 -0.450 0.072  -0.344 0.06           0.09           0.09            -11.92        -45.59        46.19          0.31        0.32        0.32         -2.41          -11.50         11.74           -9.51         -34.09        34.45          
36.67 -0.436 0.067  -0.329 0.46           0.62           0.64            -19.86        -46.22        47.84          0.70        0.82        0.83         -12.89         -33.46         34.97           -6.98         -12.76        12.87          
36.70 -0.430 0.062  -0.315 0.24           0.46           0.49            -44.35        -68.22        69.59          0.45        0.60        0.62         -21.60         -45.39         47.42           -22.75        -22.83        22.17          
36.73 -0.424 0.065  -0.297 0.22           0.57           0.58            28.11         -70.00        70.34          0.46        0.70        0.70         13.17          -50.28         50.80           14.94         -19.72        19.54          
36.77 -0.414 0.066  -0.273 0.29           0.77           0.77            4.01          -68.35        68.36          0.54        0.89        0.89         2.14           -53.30         53.31           1.87          -15.05        15.05          
36.80 -0.404 0.069  -0.255 0.31           0.62           0.62            15.44         -61.41        61.68          0.55        0.77        0.77         8.51           -44.83         45.15           6.93          -16.58        16.53          
36.83 -0.400 0.079  -0.238 0.36           0.52           0.62            66.28         -74.05        76.53          0.51        0.64        0.72         39.69          -51.91         56.70           26.59         -22.14        19.83          
36.87 -0.389 0.089  -0.232 0.44           0.39           0.48            40.66         -31.77        46.64          0.65        0.62        0.68         26.05          -19.42         31.08           14.61         -12.35        15.56          
36.90 -0.388 0.105  -0.206 0.50           0.77           0.91            86.81         -87.94        88.27          0.57        0.82        0.95         60.68          -70.12         73.09           26.13         -17.82        15.18          
36.93 -0.376 0.115  -0.185 0.45           0.73           0.78            38.53         -61.15        63.23          0.66        0.87        0.92         24.92          -46.65         49.15           13.61         -14.50        14.08          
36.97 -0.370 0.142  -0.184 0.84           0.18           0.84            77.75         -10.88        77.76          0.93        0.43        0.93         62.46          -4.58          62.48           15.29         -6.30         15.28          
37.00 -0.363 0.162  -0.180 0.65           0.25           0.66            69.68         -27.00        70.00          0.77        0.49        0.78         51.96          -13.56         52.45           17.72         -13.44        17.56          
37.03 -0.355 0.175  -0.174 0.45           0.28           0.48            61.14         -38.55        63.22          0.61        0.50        0.63         40.03          -20.25         42.53           21.11         -18.30        20.69          
37.07 -0.358 0.206  -0.172 0.94           0.09           0.94            94.80         -149.10       94.80          0.95        0.18        0.95         79.63          -15.36         79.64           15.18         -133.74       15.16          
37.10 -0.349 0.226  -0.177 0.65           0.31           0.66            64.52         27.33         65.17          0.79        0.55        0.80         47.83          15.21          48.67           16.69         12.11         16.50          
37.13 -0.351 0.247  -0.185 0.65           0.24           0.69            96.17         106.95        95.82          0.67        0.29        0.71         74.33          51.68          75.19           21.85         55.27         20.63          
37.17 -0.351 0.273  -0.197 0.77           0.36           0.85            90.47         90.99         90.42          0.81        0.44        0.88         72.41          56.03          73.99           18.06         34.96         16.43          
37.20 -0.352 0.289  -0.225 0.49           0.85           0.98            92.42         91.39         91.21          0.54        0.88        1.00         64.77          74.85          76.79           27.66         16.54         14.42          
37.23 -0.353 0.308  -0.252 0.56           0.80           0.98            94.31         92.99         92.46          0.60        0.83        1.00         69.55          75.49          78.00           24.76         17.50         14.46          
37.27 -0.357 0.319  -0.276 0.37           0.72           0.80            109.28        99.82         98.82          0.37        0.72        0.80         69.92          79.74          80.78           39.36         20.09         18.04          
37.30 -0.360 0.324  -0.294 0.16           0.57           0.58            119.58        97.77         97.56          0.22        0.59        0.60         37.99          72.89          73.34           81.59         24.88         24.22          
37.33 -0.359 0.328  -0.324 0.12           0.88           0.89            79.26         88.57         88.58          0.30        0.92        0.93         23.05          72.85          72.99           56.20         15.72         15.60          
37.37 -0.355 0.329  -0.345 0.14           0.64           0.64            16.16         77.58         77.60          0.39        0.74        0.74         5.89           58.26          58.31           10.27         19.31         19.29          
37.40 -0.353 0.336  -0.349 0.21           0.14           0.24            73.76         64.32         76.01          0.37        0.33        0.39         33.20          21.63          37.43           40.55         42.69         38.59          
37.43 -0.343 0.339  -0.363 0.30           0.53           0.54            19.19         56.84         57.50          0.55        0.70        0.70         10.55          39.32          40.03           8.64          17.52         17.47          
37.47 -0.343 0.339  -0.364 0.01           0.03           0.03            -10.02        70.96         70.99          0.26        0.26        0.26         -0.41          6.68           6.69            -9.61         64.28         64.30          
37.50 -0.339 0.346  -0.368 0.23           0.15           0.25            61.82         44.10         64.57          0.41        0.37        0.42         29.27          16.23          32.27           32.55         27.87         32.29          
37.53 -0.340 0.355  -0.367 0.29           0.04           0.29            93.37         -117.25       93.35          0.37        0.24        0.37         50.98          -8.04          51.16           42.40         -109.21       42.19          
37.57 -0.341 0.356  -0.364 0.03           0.10           0.10            169.92        -109.15       109.12         0.22        0.24        0.24         1.47           -22.59         22.63           168.45        -86.57        86.49          
37.60 -0.342 0.356  -0.357 0.04           0.20           0.20            163.76        -99.66        99.65          0.22        0.29        0.29         2.62           -42.74         42.77           161.14        -56.93        56.88          
37.63 -0.347 0.354  -0.344 0.15           0.43           0.43            -162.05       -109.50       109.39         0.12        0.42        0.42         -23.24         -75.04         75.13           -138.80       -34.47        34.25          
37.67 -0.347 0.338  -0.319 0.48           0.73           0.87            -92.23        -91.46        91.22          0.53        0.77        0.90         -64.15         -72.43         75.16           -28.08        -19.02        16.06          
37.70 -0.350 0.339  -0.304 0.08           0.47           0.48            161.58        -98.71        98.70          0.18        0.50        0.50         7.65           -69.22         69.24           153.92        -29.49        29.45          
37.73 -0.350 0.345  -0.279 0.16           0.75           0.77            88.70         -89.72        89.73          0.30        0.79        0.81         32.37          -71.32         71.70           56.32         -18.40        18.02          
37.77 -0.353 0.355  -0.256 0.34           0.68           0.75            110.80        -100.05       99.13          0.34        0.68        0.75         67.36          -78.99         80.00           43.44         -21.07        19.13          
37.80 -0.345 0.357  -0.231 0.26           0.78           0.79            14.61         -71.63        71.69          0.50        0.90        0.90         7.38           -56.26         56.36           7.22          -15.37        15.34          
37.83 -0.338 0.359  -0.214 0.24           0.56           0.56            16.66         -65.74        65.93          0.48        0.70        0.70         8.16           -46.75         47.01           8.50          -18.99        18.93          
37.87 -0.327 0.369  -0.192 0.43           0.74           0.79            39.77         -63.67        65.42          0.64        0.88        0.92         25.32          -48.96         51.17           14.45         -14.71        14.24          
37.90 -0.315 0.377  -0.168 0.44           0.81           0.85            37.18         -64.45        65.80          0.65        0.94        0.98         23.84          -50.63         52.36           13.34         -13.82        13.45          
37.93 -0.302 0.384  -0.155 0.45           0.56           0.60            27.31         -44.18        47.74          0.69        0.76        0.79         17.68          -30.96         34.18           9.63          -13.23        13.56          
37.97 -0.288 0.408  -0.151 0.82           0.43           0.83            59.26         -14.32        59.54          0.98        0.68        0.98         46.53          -9.10          46.85           12.73         -5.22         12.69          
38.00 -0.279 0.432  -0.140 0.77           0.41           0.84            70.97         -52.33        72.52          0.88        0.60        0.94         55.47          -33.00         57.87           15.49         -19.33        14.65          
38.03 -0.266 0.442  -0.130 0.48           0.50           0.58            35.42         -38.44        46.82          0.70        0.72        0.77         23.52          -25.91         33.11           11.90         -12.53        13.71          
38.07 -0.256 0.458  -0.133 0.57           0.30           0.58            59.76         19.45         60.27          0.73        0.54        0.73         42.43          10.65          43.02           17.33         8.79          17.25          
38.10 -0.248 0.468  -0.149 0.39           0.53           0.61            47.83         60.75         64.53          0.59        0.69        0.75         29.39          42.33          46.96           18.44         18.42         17.56          
38.13 -0.241 0.484  -0.146 0.54           0.22           0.54            67.91         -24.89        68.26          0.67        0.46        0.68         47.75          -11.71         48.24           20.17         -13.18        20.02          
38.17 -0.227 0.473  -0.158 0.54           0.56           0.65            -37.71        40.38         48.98          0.76        0.77        0.84         -26.04         28.26          35.99           -11.67        12.12         12.98          
38.20 -0.221 0.465  -0.175 0.29           0.54           0.59            -54.39        71.45         73.10          0.48        0.66        0.70         -29.59         50.47          53.23           -24.80        20.98         19.87          
38.23 -0.218 0.454  -0.192 0.34           0.51           0.61            -73.84        79.14         80.91          0.48        0.61        0.69         -43.72         55.30          60.00           -30.12        23.84         20.91          
38.27 -0.213 0.431  -0.208 0.72           0.53           0.88            -78.14        73.79         80.34          0.81        0.65        0.96         -60.56         51.99          65.41           -17.59        21.80         14.93          
38.30 -0.210 0.422  -0.220 0.27           0.35           0.43            -72.74        77.00         79.50          0.42        0.47        0.54         -37.64         46.06          52.28           -35.10        30.93         27.22          
38.33 -0.205 0.398  -0.244 0.73           0.75           1.04            -76.88        77.27         80.78          0.82        0.84        1.10         -59.70         60.47          67.87           -17.18        16.80         12.92          
38.37 -0.195 0.377  -0.275 0.71           0.96           1.16            -66.54        72.91         75.91          0.84        1.06        1.24         -50.66         59.85          64.64           -15.88        13.06         11.27          
38.40 -0.184 0.357  -0.308 0.68           1.06           1.21            -59.84        71.24         73.66          0.83        1.16        1.30         -44.74         59.47          63.01           -15.10        11.77         10.64          
38.43 -0.170 0.332  -0.351 0.87           1.36           1.56            -60.50        71.69         74.06          1.02        1.46        1.65         -48.13         62.35          65.66           -12.36        9.35          8.40           
38.47 -0.150 0.316  -0.382 0.76           1.10           1.20            -37.96        56.88         59.82          0.97        1.26        1.34         -28.88         47.29          50.56           -9.09         9.59          9.27           
38.50 -0.144 0.318  -0.400 0.18           0.56           0.57            15.34         71.65         71.72          0.43        0.68        0.69         6.50           51.38          51.50           8.84          20.27         20.22          
38.53 -0.131 0.319  -0.418 0.37           0.65           0.65            3.39          54.86         54.89          0.62        0.82        0.82         2.03           40.40          40.42           1.36          14.47         14.46          
38.57 -0.124 0.320  -0.425 0.23           0.33           0.33            12.02         45.90         46.49          0.48        0.53        0.53         5.79           26.17          26.65           6.23          19.72         19.84          
38.60 -0.124 0.325  -0.432 0.15           0.21           0.26            92.20         91.53         91.25          0.29        0.32        0.35         31.01          40.88          46.50           61.19         50.65         44.75          
38.63 -0.126 0.336  -0.430 0.32           0.10           0.33            99.30         -121.94       99.00          0.37        0.21        0.38         58.09          -22.87         58.94           41.21         -99.07        40.06          
38.67 -0.134 0.342  -0.426 0.31           0.28           0.33            144.42        -156.12       139.93         0.18        0.11        0.21         90.83          -91.35         90.71           53.59         -64.77        49.22          
38.70 -0.133 0.319  -0.410 0.68           0.48           0.84            -88.27        -87.54        88.58          0.74        0.55        0.88         -68.41         -60.64         72.07           -19.86        -26.90        16.52          
38.73 -0.134 0.307  -0.392 0.37           0.54           0.65            -93.56        -92.46        92.03          0.43        0.58        0.69         -58.41         -67.00         70.74           -35.15        -25.46        21.28          
38.77 -0.137 0.297  -0.375 0.30           0.52           0.60            -106.90       -99.55        98.37          0.33        0.54        0.61         -60.35         -72.50         74.58           -46.55        -27.05        23.79          
38.80 -0.144 0.291  -0.360 0.28           0.49           0.53            -134.22       -113.15       111.38         0.21        0.45        0.50         -73.89         -82.77         83.37           -60.33        -30.39        28.01          
38.83 -0.144 0.283  -0.341 0.22           0.57           0.61            -95.56        -92.10        91.96          0.31        0.61        0.65         -43.14         -68.13         69.41           -52.43        -23.97        22.56          
38.87 -0.146 0.282  -0.321 0.07           0.58           0.58            -125.44       -93.86        93.85          0.22        0.62        0.62         -14.66         -70.06         70.15           -110.78       -23.80        23.70          
38.90 -0.146 0.280  -0.302 0.06           0.59           0.60            -113.35       -92.36        92.35          0.23        0.63        0.64         -14.08         -69.16         69.24           -99.26        -23.20        23.11          
38.93 -0.140 0.277  -0.277 0.20           0.76           0.76            -25.38        -76.44        76.53          0.44        0.85        0.86         -11.17         -59.91         60.07           -14.21        -16.53        16.46          
38.97 -0.143 0.293  -0.256 0.49           0.64           0.80            97.44         -95.76        94.56          0.52        0.66        0.82         69.15          -73.62         76.90           28.29         -22.14        17.66          
39.00 -0.142 0.307  -0.242 0.41           0.41           0.58            86.07         -86.16        87.25          0.49        0.50        0.64         55.51          -56.14         64.36           30.55         -30.02        22.89          
39.03 -0.134 0.311  -0.215 0.28           0.85           0.86            30.63         -73.56        73.79          0.51        0.95        0.96         16.16          -58.92         59.30           14.47         -14.64        14.50          
39.07 -0.135 0.330  -0.204 0.57           0.34           0.66            92.96         -95.01        92.55          0.61        0.40        0.69         68.74          -56.55         71.46           24.22         -38.46        21.08          
