time  x      y      z      groundspeedxy  groundspeedxz  groundspeedxyz  trackanglexy  trackanglexz  trackanglexyz  airspeedxy  airspeedxz  airspeedxyz  courseanglexy  courseanglexz  courseanglexyz  driftanglexy  driftanglexz  driftanglexyz  
0.00  -1.172 0.341  -0.340 
0.03  -1.148 0.335  -0.331 0.75           0.78           0.80            -15.31        -21.29        25.47          0.99        1.01        1.03         -11.50         -16.15         19.49           -3.81         -5.14         5.98           
0.07  -1.113 0.327  -0.313 1.08           1.19           1.21            -12.80        -27.87        29.92          1.32        1.42        1.44         -10.40         -23.13         24.94           -2.40         -4.74         4.98           
0.10  -1.089 0.323  -0.304 0.71           0.74           0.75            -8.52         -19.50        21.04          0.96        0.98        0.99         -6.30          -14.63         15.83           -2.22         -4.87         5.21           
0.13  -1.058 0.317  -0.287 0.96           1.07           1.09            -11.36        -29.29        30.79          1.20        1.30        1.31         -9.01          -23.89         25.19           -2.35         -5.41         5.60           
0.17  -1.023 0.320  -0.268 1.05           1.18           1.19            5.15          -28.19        28.52          1.30        1.41        1.41         4.16           -23.38         23.67           0.99          -4.81         4.85           
0.20  -0.988 0.317  -0.254 1.06           1.14           1.15            -5.75         -22.49        23.07          1.31        1.38        1.38         -4.65          -18.51         19.01           -1.09         -3.98         4.06           
0.23  -0.946 0.326  -0.247 1.27           1.26           1.29            12.81         -9.13         15.56          1.52        1.51        1.53         10.72          -7.62          13.05           2.09          -1.51         2.51           
0.27  -0.915 0.339  -0.236 1.02           1.00           1.08            22.99         -19.72        29.05          1.26        1.24        1.30         18.54          -15.81         23.70           4.45          -3.90         5.35           
0.30  -0.879 0.346  -0.228 1.09           1.10           1.11            9.56          -12.09        15.24          1.34        1.34        1.35         7.78           -9.85          12.46           1.78          -2.23         2.78           
0.33  -0.851 0.357  -0.224 0.91           0.86           0.92            21.32         -7.84         22.48          1.15        1.10        1.15         16.77          -6.07          17.73           4.54          -1.77         4.75           
0.37  -0.819 0.379  -0.229 1.18           0.98           1.18            34.47         8.37          35.07          1.39        1.23        1.40         28.62          6.67           29.16           5.85          1.70          5.91           
0.40  -0.797 0.388  -0.227 0.70           0.65           0.70            22.30         -3.90         22.58          0.94        0.90        0.94         16.48          -2.82          16.70           5.82          -1.09         5.88           
0.43  -0.778 0.385  -0.245 0.57           0.77           0.77            -6.79         42.24         42.48          0.82        0.97        0.97         -4.73          32.24          32.46           -2.06         10.00         10.02          
0.47  -0.752 0.378  -0.262 0.81           0.95           0.97            -15.48        34.38         36.43          1.06        1.16        1.18         -11.86         27.42          29.24           -3.62         6.96          7.20           
0.50  -0.740 0.376  -0.292 0.36           0.95           0.95            -9.83         68.18         68.23          0.61        1.07        1.07         -5.79          55.64          55.70           -4.03         12.54         12.52          
0.53  -0.736 0.385  -0.319 0.28           0.82           0.86            66.15         81.99         82.36          0.45        0.89        0.93         35.48          65.92          66.94           30.67         16.06         15.42          
0.57  -0.747 0.393  -0.345 0.40           0.85           0.89            142.03        111.68        110.79         0.25        0.79        0.83         104.76         94.67          94.46           37.26         17.00         16.32          
0.60  -0.754 0.397  -0.372 0.25           0.82           0.83            151.55        105.70        105.53         0.12        0.79        0.80         76.44          87.90          87.92           75.12         17.81         17.61          
0.63  -0.767 0.406  -0.386 0.47           0.58           0.64            146.61        132.56        128.15         0.30        0.45        0.52         119.11         108.62         106.08          27.50         23.94         22.07          
0.67  -0.795 0.413  -0.400 0.86           0.93           0.96            164.23        152.77        149.58         0.63        0.72        0.76         157.99         143.63         139.97          6.23          9.13          9.61           
0.70  -0.818 0.424  -0.413 0.77           0.79           0.85            154.68        152.22        144.70         0.56        0.58        0.67         143.59         140.61         132.18          11.09         11.61         12.52          
0.73  -0.849 0.430  -0.417 0.92           0.91           0.93            168.73        171.75        166.16         0.68        0.67        0.69         164.60         168.67         161.19          4.13          3.09          4.97           
0.77  -0.876 0.440  -0.419 0.87           0.82           0.87            160.98        175.12        160.45         0.64        0.57        0.64         153.63         173.00         152.94          7.36          2.12          7.51           
0.80  -0.911 0.450  -0.423 1.09           1.06           1.10            164.24        173.18        162.96         0.85        0.81        0.86         159.68         171.09         158.10          4.56          2.10          4.86           
0.83  -0.946 0.463  -0.424 1.12           1.05           1.12            159.32        179.78        159.31         0.89        0.80        0.89         153.62         179.70         153.62          5.69          0.07          5.69           
0.87  -0.980 0.476  -0.425 1.10           1.03           1.10            159.82        178.33        159.76         0.87        0.78        0.87         154.13         177.80         154.06          5.68          0.53          5.70           
0.90  -1.009 0.485  -0.425 0.91           0.86           0.91            160.86        178.67        160.82         0.68        0.61        0.68         153.92         178.13         153.87          6.93          0.54          6.94           
0.93  -1.034 0.490  -0.429 0.78           0.77           0.78            169.55        172.01        166.95         0.53        0.52        0.54         164.66         168.20         160.98          4.89          3.81          5.98           
0.97  -1.061 0.501  -0.437 0.86           0.82           0.89            157.14        163.59        152.78         0.63        0.59        0.67         148.31         156.67         143.02          8.83          6.92          9.76           
1.00  -1.084 0.504  -0.435 0.71           0.70           0.71            173.21        -177.46       172.76         0.46        0.45        0.46         169.52         -176.05        168.83          3.69          -1.40         3.92           
1.03  -1.104 0.516  -0.438 0.70           0.61           0.71            149.46        172.19        148.79         0.50        0.36        0.51         134.81         166.82         134.06          14.65         5.36          14.74          
1.07  -1.120 0.524  -0.439 0.54           0.47           0.54            151.58        177.90        151.53         0.34        0.22        0.34         130.98         175.54         130.92          20.60         2.36          20.61          
1.10  -1.136 0.536  -0.442 0.60           0.50           0.61            144.77        169.66        143.89         0.42        0.26        0.43         124.91         159.69         124.04          19.86         9.97          19.85          
1.13  -1.144 0.536  -0.444 0.22           0.23           0.23            -178.14       160.72        160.64         0.03        0.08        0.08         -12.95         68.04          68.12           -165.19       92.68         92.52          
1.17  -1.148 0.532  -0.444 0.18           0.12           0.18            -133.77       -172.90       133.57         0.18        0.13        0.18         -44.79         -6.76          44.99           -88.98        -166.14       88.58          
1.20  -1.152 0.510  -0.442 0.67           0.15           0.67            -102.09       -155.52       102.03         0.66        0.13        0.66         -80.38         -29.91         80.43           -21.70        -125.61       21.60          
1.23  -1.151 0.485  -0.434 0.74           0.23           0.78            -87.67        -82.37        87.77          0.80        0.36        0.83         -69.36         -38.83         70.18           -18.31        -43.53        17.59          
1.27  -1.135 0.458  -0.433 0.95           0.49           0.95            -59.22        -4.08         59.24          1.10        0.74        1.10         -47.96         -2.70          47.99           -11.25        -1.38         11.25          
1.30  -1.125 0.436  -0.419 0.73           0.51           0.84            -65.52        -53.65        68.84          0.86        0.69        0.96         -50.23         -36.62         54.71           -15.30        -17.03        14.13          
1.33  -1.116 0.400  -0.407 1.10           0.45           1.16            -76.03        -54.36        76.77          1.18        0.63        1.24         -64.20         -35.67         65.45           -11.83        -18.69        11.32          
1.37  -1.096 0.370  -0.392 1.11           0.76           1.19            -56.08        -35.80        58.83          1.26        0.98        1.34         -46.64         -27.18         49.64           -9.45         -8.62         9.18           
1.40  -1.071 0.341  -0.376 1.14           0.88           1.24            -49.68        -32.97        53.37          1.32        1.10        1.40         -41.36         -25.85         45.14           -8.32         -7.11         8.23           
1.43  -1.046 0.313  -0.352 1.12           1.04           1.33            -47.80        -43.73        55.59          1.30        1.23        1.48         -39.59         -35.65         47.59           -8.21         -8.08         8.00           
1.47  -1.024 0.300  -0.332 0.78           0.90           0.98            -29.94        -41.50        46.55          1.00        1.10        1.17         -22.80         -32.85         37.61           -7.14         -8.65         8.94           
1.50  -0.994 0.289  -0.312 0.94           1.06           1.11            -20.98        -34.50        38.20          1.17        1.27        1.32         -16.60         -28.12         31.46           -4.38         -6.38         6.74           
1.53  -0.972 0.279  -0.291 0.74           0.92           0.97            -24.37        -43.16        46.17          0.97        1.12        1.16         -18.28         -34.36         37.21           -6.10         -8.81         8.96           
1.57  -0.953 0.283  -0.275 0.58           0.75           0.76            12.18         -41.04        41.89          0.83        0.96        0.96         8.52           -31.15         31.91           3.66          -9.90         9.98           
1.60  -0.934 0.280  -0.260 0.59           0.73           0.74            -8.73         -37.68        38.22          0.83        0.94        0.95         -6.12          -28.34         28.80           -2.61         -9.35         9.42           
1.63  -0.919 0.292  -0.252 0.56           0.49           0.61            39.62         -29.21        44.97          0.77        0.72        0.81         27.66          -19.49         32.31           11.97         -9.72         12.67          
1.67  -0.903 0.291  -0.243 0.49           0.57           0.57            -2.44         -29.55        29.62          0.74        0.79        0.79         -1.62          -20.62         20.68           -0.82         -8.93         8.95           
1.70  -0.881 0.286  -0.239 0.67           0.66           0.68            -13.74        -8.77         16.13          0.91        0.90        0.92         -10.01         -6.36          11.79           -3.73         -2.41         4.33           
1.73  -0.869 0.291  -0.240 0.40           0.37           0.40            23.37         2.73          23.50          0.64        0.62        0.64         14.39          1.62           14.47           8.98          1.11          9.02           
1.77  -0.849 0.280  -0.242 0.68           0.61           0.69            -28.07        6.97          28.69          0.91        0.86        0.92         -20.66         4.94           21.15           -7.41         2.03          7.53           
1.80  -0.829 0.267  -0.250 0.71           0.64           0.75            -32.62        21.03         36.75          0.93        0.88        0.96         -24.31         15.18          27.79           -8.31         5.85          8.95           
1.83  -0.813 0.264  -0.257 0.49           0.52           0.53            -10.54        22.71         24.61          0.73        0.76        0.76         -6.97          15.38          16.75           -3.57         7.33          7.86           
1.87  -0.799 0.259  -0.282 0.45           0.88           0.89            -19.56        60.97         61.43          0.69        1.02        1.03         -12.61         48.60          49.14           -6.95         12.37         12.29          
1.90  -0.785 0.258  -0.301 0.42           0.69           0.69            -4.18         53.15         53.20          0.67        0.87        0.87         -2.61          39.79          39.83           -1.57         13.37         13.37          
1.93  -0.776 0.266  -0.328 0.36           0.85           0.88            37.07         70.37         71.00          0.58        0.97        0.99         21.97          56.26          57.18           15.10         14.11         13.82          
1.97  -0.774 0.268  -0.359 0.09           0.95           0.96            56.05         86.82         86.83          0.31        1.00        1.00         14.54          72.33          72.39           41.51         14.48         14.44          
2.00  -0.773 0.285  -0.381 0.50           0.66           0.83            87.78         88.34         88.67          0.56        0.72        0.87         61.53          67.89          71.99           26.26         20.45         16.68          
2.03  -0.773 0.299  -0.403 0.44           0.66           0.79            89.57         89.72         89.76          0.51        0.71        0.83         59.98          69.04          72.29           29.59         20.68         17.47          
2.07  -0.782 0.318  -0.418 0.61           0.51           0.75            115.61        120.98        110.54         0.55        0.44        0.70         91.29          91.61          91.01           24.32         29.37         19.53          
2.10  -0.783 0.335  -0.430 0.52           0.36           0.63            93.49         95.07         92.87          0.56        0.42        0.67         67.20          58.55          70.89           26.29         36.51         21.98          
2.13  -0.772 0.350  -0.444 0.57           0.55           0.71            53.73         52.40         62.02          0.74        0.73        0.86         37.97          36.64          47.15           15.76         15.77         14.87          
2.17  -0.768 0.367  -0.451 0.51           0.22           0.55            76.84         58.77         77.69          0.62        0.41        0.65         53.65          27.67          55.53           23.18         31.11         22.16          
2.20  -0.769 0.377  -0.455 0.30           0.14           0.33            97.81         106.59        97.10          0.36        0.25        0.39         54.97          33.29          57.51           42.84         73.30         39.59          
2.23  -0.749 0.377  -0.438 0.61           0.81           0.81            0.92          -41.32        41.32          0.86        1.01        1.01         0.65           -31.91         31.92           0.27          -9.41         9.41           
2.27  -0.736 0.376  -0.426 0.39           0.51           0.51            -5.21         -40.72        40.87          0.64        0.72        0.72         -3.18          -27.66         27.79           -2.03         -13.06        13.08          
2.30  -0.729 0.362  -0.409 0.47           0.56           0.70            -62.62        -66.95        71.80          0.63        0.69        0.81         -41.95         -47.58         54.77           -20.67        -19.37        17.03          
2.33  -0.713 0.343  -0.393 0.73           0.68           0.89            -51.21        -47.53        58.87          0.91        0.87        1.04         -38.84         -35.26         46.98           -12.37        -12.27        11.89          
2.37  -0.708 0.329  -0.368 0.46           0.76           0.87            -67.47        -76.67        78.37          0.60        0.85        0.95         -44.83         -60.12         63.48           -22.64        -16.55        14.89          
2.40  -0.700 0.316  -0.349 0.43           0.61           0.72            -60.41        -69.60        72.72          0.60        0.74        0.83         -39.00         -51.03         55.91           -21.41        -18.57        16.81          
2.43  -0.694 0.294  -0.317 0.69           0.97           1.17            -73.20        -78.22        80.26          0.79        1.05        1.24         -55.67         -64.75         68.79           -17.53        -13.47        11.48          
2.47  -0.690 0.287  -0.286 0.25           0.93           0.96            -65.64        -83.78        83.95          0.42        0.99        1.02         -32.49         -69.29         69.82           -33.14        -14.48        14.13          
2.50  -0.681 0.278  -0.250 0.39           1.11           1.14            -41.32        -74.78        75.18          0.60        1.20        1.23         -25.33         -63.19         63.82           -15.99        -11.59        11.35          
2.53  -0.663 0.268  -0.211 0.60           1.29           1.32            -29.77        -66.14        66.79          0.83        1.41        1.44         -21.15         -56.81         57.62           -8.63         -9.33         9.17           
2.57  -0.649 0.271  -0.203 0.44           0.51           0.51            10.60         -30.60        31.81          0.69        0.73        0.74         6.78           -20.61         21.53           3.81          -9.99         10.28          
2.60  -0.625 0.278  -0.167 0.74           1.27           1.29            16.74         -56.11        56.64          0.98        1.43        1.44         12.54          -47.75         48.32           4.20          -8.36         8.32           
2.63  -0.602 0.292  -0.138 0.79           1.10           1.17            30.55         -51.80        54.48          1.01        1.27        1.33         23.36          -42.91         45.71           7.20          -8.89         8.77           
2.67  -0.577 0.299  -0.121 0.79           0.93           0.95            16.18         -34.90        37.07          1.03        1.14        1.16         12.31          -27.69         29.62           3.86          -7.21         7.46           
2.70  -0.546 0.309  -0.112 0.98           0.96           1.01            18.12         -15.34        23.12          1.22        1.21        1.24         14.46          -12.20         18.59           3.66          -3.14         4.53           
2.73  -0.518 0.337  -0.090 1.19           1.09           1.36            43.79         -38.20        51.12          1.38        1.30        1.53         36.57          -31.35         43.83           7.22          -6.86         7.29           
2.77  -0.494 0.348  -0.062 0.78           1.10           1.15            25.43         -50.18        52.22          1.01        1.27        1.31         19.32          -41.49         43.58           6.11          -8.69         8.65           
2.80  -0.470 0.364  -0.040 0.88           0.99           1.10            33.22         -41.68        47.86          1.10        1.18        1.28         26.05          -33.61         39.52           7.17          -8.07         8.34           
2.83  -0.436 0.347  0.002  1.13           1.62           1.69            -26.22        -51.18        53.20          1.36        1.78        1.85         -21.55         -44.91         47.00           -4.67         -6.27         6.21           
2.87  -0.412 0.347  0.019  0.71           0.88           0.88            0.53          -35.86        35.86          0.96        1.09        1.09         0.40           -28.14         28.14           0.14          -7.72         7.72           
2.90  -0.385 0.343  0.050  0.81           1.22           1.23            -9.55         -49.08        49.38          1.06        1.40        1.41         -7.31          -41.33         41.63           -2.24         -7.75         7.75           
2.93  -0.368 0.319  0.070  0.89           0.80           1.07            -53.97        -49.17        60.91          1.05        0.98        1.21         -42.90         -38.04         50.54           -11.07        -11.14        10.37          
2.97  -0.348 0.287  0.105  1.12           1.19           1.53            -58.14        -60.13        67.13          1.27        1.33        1.64         -48.54         -50.77         59.05           -9.60         -9.36         8.08           
3.00  -0.324 0.261  0.119  1.08           0.86           1.17            -47.12        -31.40        51.07          1.26        1.08        1.34         -38.77         -24.48         42.71           -8.35         -6.92         8.35           
3.03  -0.298 0.232  0.122  1.17           0.79           1.17            -47.64        -5.80         47.76          1.35        1.04        1.35         -39.78         -4.41          39.90           -7.86         -1.39         7.86           
3.07  -0.275 0.226  0.130  0.71           0.72           0.75            -15.42        -18.70        23.59          0.95        0.96        0.98         -11.42         -13.92         17.73           -4.00         -4.78         5.86           
3.10  -0.262 0.222  0.115  0.40           0.59           0.61            -17.75        49.97         50.95          0.64        0.78        0.79         -10.94         35.72          36.67           -6.81         14.26         14.29          
3.13  -0.238 0.199  0.105  0.99           0.78           1.03            -43.20        21.81         45.59          1.19        1.02        1.22         -34.91         16.57          37.19           -8.28         5.24          8.40           
3.17  -0.223 0.187  0.089  0.58           0.67           0.76            -37.58        46.45         52.51          0.79        0.86        0.93         -26.51         34.29          40.19           -11.07        12.16         12.31          
3.20  -0.226 0.187  0.067  0.11           0.68           0.68            -173.45       99.58         99.57          0.14        0.68        0.68         -5.35          78.32          78.32           -168.10       21.26         21.25          
3.23  -0.226 0.174  0.037  0.39           0.91           0.99            -87.54        88.93         89.02          0.48        0.94        1.02         -55.86         73.59          74.88           -31.68        15.35         14.14          
3.27  -0.242 0.179  0.011  0.53           0.91           0.93            162.71        123.25        122.72         0.30        0.81        0.82         148.17         108.21         107.86          14.53         15.05         14.86          
3.30  -0.256 0.166  -0.015 0.56           0.88           0.96            -136.58       117.80        115.26         0.42        0.79        0.88         -112.39        101.61         100.42          -24.19        16.19         14.84          
3.33  -0.267 0.169  -0.032 0.33           0.62           0.62            161.93        120.96        120.48         0.12        0.53        0.54         122.77         97.18          97.05           39.16         23.78         23.44          
3.37  -0.278 0.164  -0.050 0.37           0.63           0.65            -153.76       122.30        121.12         0.19        0.54        0.56         -117.27        99.13          98.72           -36.49        23.18         22.40          
3.40  -0.284 0.160  -0.061 0.22           0.38           0.40            -147.43       119.79        118.26         0.14        0.34        0.36         -63.43         79.64          80.26           -84.00        40.15         38.00          
3.43  -0.289 0.160  -0.076 0.14           0.47           0.47            174.82        107.22        107.21         0.11        0.46        0.46         6.48           76.10          76.10           168.34        31.12         31.11          
3.47  -0.298 0.159  -0.096 0.28           0.65           0.65            -171.60       114.96        114.91         0.05        0.59        0.59         -122.31        92.49          92.48           -49.29        22.47         22.43          
3.50  -0.299 0.147  -0.114 0.37           0.54           0.65            -95.53        93.71         93.08          0.42        0.58        0.69         -59.43         68.41          71.80           -36.09        25.30         21.28          
3.53  -0.301 0.130  -0.133 0.51           0.57           0.76            -97.18        96.50         94.83          0.54        0.59        0.78         -70.02         71.78          76.28           -27.16        24.72         18.54          
3.57  -0.311 0.117  -0.152 0.48           0.65           0.76            -126.17       115.69        111.89         0.39        0.59        0.70         -94.80         93.16          92.64           -31.37        22.53         19.25          
3.60  -0.322 0.102  -0.184 0.56           1.02           1.12            -127.41       109.61        107.90         0.46        0.97        1.07         -101.74        95.53          95.01           -25.68        14.09         12.89          
3.63  -0.325 0.090  -0.215 0.38           0.92           0.99            -104.53       95.91         95.49          0.40        0.93        1.00         -66.89         80.33          81.01           -37.64        15.58         14.48          
3.67  -0.322 0.076  -0.239 0.42           0.72           0.83            -75.18        81.40         82.52          0.54        0.80        0.90         -48.69         63.34          66.44           -26.49        18.07         16.08          
3.70  -0.344 0.083  -0.268 0.71           1.12           1.13            163.95        127.38        126.73         0.47        0.99        1.01         155.52         115.76         115.23          8.44          11.62         11.49          
3.73  -0.341 0.076  -0.299 0.22           0.93           0.95            -58.86        82.87         83.01          0.41        0.99        1.01         -27.63         68.41          68.82           -31.24        14.46         14.20          
3.77  -0.348 0.084  -0.329 0.33           0.94           0.97            134.47        104.37        103.93         0.24        0.91        0.94         86.04          88.97          89.00           48.42         15.41         14.93          
3.80  -0.346 0.078  -0.360 0.20           0.91           0.93            -67.88        85.31         85.40          0.37        0.96        0.98         -29.38         70.28          70.64           -38.51        15.03         14.76          
3.83  -0.352 0.079  -0.389 0.19           0.90           0.90            174.66        102.41        102.41         0.06        0.88        0.88         17.41          86.25          86.25           157.25        16.16         16.16          
3.87  -0.354 0.088  -0.409 0.28           0.60           0.66            100.59        94.89         94.45          0.34        0.63        0.68         53.84          71.50          73.08           46.75         23.39         21.37          
3.90  -0.352 0.080  -0.417 0.25           0.28           0.36            -72.68        74.65         78.36          0.40        0.42        0.48         -35.92         39.46          47.63           -36.76        35.19         30.72          
3.93  -0.354 0.085  -0.415 0.16           0.09           0.18            111.49        -129.75       109.59         0.24        0.20        0.25         38.97          -20.95         41.82           72.53         -108.80       67.77          
3.97  -0.358 0.086  -0.411 0.13           0.17           0.17            167.69        -139.10       138.23         0.13        0.17        0.17         12.44          -41.20         42.07           155.25        -97.91        96.16          
4.00  -0.366 0.083  -0.402 0.26           0.37           0.38            -162.27       -131.94       130.82         0.08        0.27        0.29         -87.35         -89.24         89.27           -74.92        -42.70        41.55          
4.03  -0.375 0.084  -0.378 0.26           0.77           0.77            177.57        -109.94       109.94         0.02        0.73        0.73         140.99         -91.09         91.09           36.58         -18.85        18.84          
4.07  -0.393 0.086  -0.360 0.55           0.77           0.77            173.25        -135.04       134.84         0.30        0.62        0.62         167.67         -118.48        118.32          5.58          -16.56        16.53          
4.10  -0.412 0.072  -0.337 0.69           0.88           0.97            -144.04       -129.60       125.35         0.51        0.75        0.85         -127.39        -114.64        111.47          -16.65        -14.96        13.88          
4.13  -0.426 0.056  -0.312 0.66           0.87           1.00            -131.29       -119.78       115.62         0.53        0.78        0.92         -110.37        -103.60        101.46          -20.92        -16.18        14.16          
4.17  -0.440 0.044  -0.297 0.56           0.61           0.71            -139.72       -133.78       126.64         0.40        0.48        0.60         -115.85        -111.47        106.98          -23.87        -22.30        19.66          
4.20  -0.453 0.032  -0.278 0.53           0.69           0.77            -137.37       -124.71       120.29         0.39        0.58        0.68         -111.36        -104.00        101.87          -26.01        -20.71        18.41          
4.23  -0.463 0.017  -0.256 0.53           0.73           0.86            -124.47       -114.30       110.67         0.44        0.67        0.80         -96.77         -94.46         93.73           -27.70        -19.83        16.93          
4.27  -0.465 0.003  -0.238 0.44           0.55           0.71            -96.09        -94.84        93.80          0.48        0.59        0.73         -65.13         -69.81         73.93           -30.96        -25.04        19.87          
4.30  -0.477 0.000  -0.212 0.39           0.86           0.86            -168.41       -116.09       115.98         0.15        0.78        0.79         -148.81        -99.42         99.37           -19.60        -16.67        16.60          
4.33  -0.488 0.002  -0.194 0.33           0.63           0.63            172.35        -121.21       121.13         0.09        0.54        0.55         150.25         -98.10         98.08           22.10         -23.11        23.05          
4.37  -0.495 0.002  -0.167 0.21           0.83           0.83            177.70        -104.59       104.59         0.04        0.80        0.80         11.24          -87.00         87.00           166.46        -17.60        17.60          
4.40  -0.505 0.001  -0.149 0.30           0.62           0.62            -174.53       -119.36       119.32         0.06        0.54        0.54         -151.02        -95.56         95.55           -23.50        -23.80        23.77          
4.43  -0.525 -0.002 -0.132 0.58           0.78           0.79            -172.83       -137.31       137.05         0.33        0.62        0.63         -167.45        -121.49        121.26          -5.38         -15.82        15.79          
4.47  -0.533 0.008  -0.110 0.38           0.71           0.77            131.86        -110.85       109.32         0.28        0.66        0.72         90.64          -90.27         90.25           41.22         -20.58        19.07          
4.50  -0.549 0.010  -0.084 0.47           0.91           0.91            171.40        -121.02       120.92         0.23        0.81        0.81         161.97         -105.61        105.55          9.43          -15.42        15.37          
4.53  -0.564 0.011  -0.061 0.47           0.84           0.84            177.90        -124.24       124.23         0.22        0.73        0.73         175.55         -107.80        107.80          2.35          -16.44        16.44          
4.57  -0.584 0.015  -0.043 0.60           0.79           0.80            167.94        -137.45       136.70         0.35        0.63        0.64         159.48         -121.86        121.19          8.47          -15.59        15.51          
4.60  -0.597 0.017  -0.024 0.40           0.70           0.70            170.33        -124.43       124.25         0.16        0.59        0.60         154.98         -104.06        103.96          15.34         -20.37        20.28          
4.63  -0.616 0.029  -0.004 0.69           0.83           0.90            148.74        -135.31       130.75         0.49        0.67        0.76         133.42         -120.14        116.33          15.32         -15.17        14.42          
4.67  -0.639 0.038  0.014  0.72           0.86           0.90            157.95        -141.47       138.22         0.50        0.68        0.73         147.15         -128.23        125.07          10.80         -13.24        13.15          
4.70  -0.654 0.045  0.029  0.51           0.67           0.70            157.41        -134.77       132.52         0.30        0.52        0.56         138.47         -114.99        113.31          18.93         -19.78        19.21          
4.73  -0.668 0.056  0.048  0.53           0.69           0.78            139.05        -125.37       121.15         0.38        0.59        0.68         113.49         -104.99        102.84          25.55         -20.38        18.30          
4.77  -0.670 0.073  0.062  0.52           0.41           0.65            98.64         -101.05       96.84          0.54        0.43        0.67         71.40          -66.62         75.13           27.25         -34.43        21.71          
4.80  -0.689 0.086  0.071  0.68           0.62           0.73            144.99        -154.08       139.55         0.49        0.41        0.56         128.10         -138.49        122.79          16.90         -15.59        16.77          
4.83  -0.696 0.099  0.076  0.43           0.27           0.46            120.11        -144.10       118.14         0.37        0.16        0.40         84.58          -77.25         85.00           35.54         -66.85        33.14          
4.87  -0.702 0.123  0.088  0.75           0.40           0.84            102.63        -114.21       101.34         0.74        0.38        0.83         83.42          -76.96         84.10           19.21         -37.24        17.24          
4.90  -0.709 0.142  0.091  0.60           0.25           0.61            112.04        -156.02       111.72         0.56        0.10        0.56         87.37          -75.70         87.41           24.67         -80.32        24.31          
4.93  -0.724 0.159  0.091  0.70           0.45           0.70            130.24        178.15        130.23         0.57        0.20        0.57         110.57         175.84         110.56          19.68         2.31          19.67          
4.97  -0.737 0.186  0.087  0.88           0.39           0.89            115.20        161.11        114.92         0.80        0.18        0.81         98.85          134.05         98.74           16.34         27.06         16.17          
5.00  -0.743 0.211  0.081  0.79           0.27           0.81            105.24        139.15        104.85         0.76        0.18        0.78         86.76          76.49          86.85           18.48         62.65         18.01          
5.03  -0.758 0.250  0.077  1.25           0.46           1.25            111.23        168.36        111.17         1.18        0.22        1.18         99.83          155.20         99.80           11.41         13.16         11.38          
5.07  -0.770 0.278  0.070  0.90           0.40           0.93            111.79        147.25        111.17         0.84        0.23        0.87         95.82          111.62         95.64           15.97         35.62         15.53          
5.10  -0.783 0.298  0.069  0.73           0.40           0.73            123.22        174.04        123.16         0.63        0.16        0.63         103.82         164.46         103.79          19.41         9.58          19.38          
5.13  -0.808 0.323  0.054  1.06           0.86           1.15            134.17        148.67        129.90         0.90        0.66        1.01         122.72         137.37         118.94          11.45         11.30         10.96          
5.17  -0.814 0.335  0.032  0.40           0.68           0.77            117.63        105.93        104.07         0.36        0.66        0.75         80.15          84.59          85.25           37.48         21.34         18.82          
5.20  -0.827 0.344  0.014  0.47           0.66           0.71            147.60        127.24        124.40         0.30        0.55        0.60         120.68         105.97         104.45          26.93         21.27         19.95          
5.23  -0.840 0.345  -0.003 0.40           0.65           0.65            174.06        127.86        127.77         0.15        0.53        0.53         164.27         106.02         105.97          9.79          21.84         21.80          
5.27  -0.851 0.337  -0.020 0.40           0.60           0.65            -140.82       121.53        118.76         0.26        0.51        0.57         -103.72        96.96          96.23           -37.10        24.57         22.53          
5.30  -0.861 0.327  -0.042 0.43           0.73           0.79            -137.50       115.42        113.55         0.30        0.67        0.73         -102.69        95.60          95.14           -34.81        19.82         18.41          
5.33  -0.869 0.312  -0.067 0.52           0.80           0.93            -116.80       107.11        104.73         0.47        0.77        0.90         -88.28         88.95          89.11           -28.52        18.15         15.62          
5.37  -0.865 0.305  -0.078 0.23           0.33           0.39            -60.55        69.85         72.90          0.42        0.48        0.52         -29.17         40.67          45.70           -31.38        29.18         27.20          
5.40  -0.867 0.290  -0.095 0.44           0.53           0.68            -94.81        94.01         93.08          0.49        0.57        0.72         -64.02         67.92          72.68           -30.80        26.09         20.40          
5.43  -0.863 0.283  -0.115 0.25           0.61           0.65            -68.10        81.22         81.79          0.41        0.69        0.73         -33.96         60.28          61.95           -34.14        20.94         19.84          
5.47  -0.863 0.294  -0.131 0.33           0.48           0.58            89.62         89.74         89.78          0.42        0.54        0.63         52.73          62.12          66.52           36.89         27.62         23.26          
5.50  -0.862 0.300  -0.138 0.20           0.22           0.30            82.22         82.87         84.73          0.34        0.35        0.41         35.92          38.33          47.00           46.30         44.54         37.73          
5.53  -0.861 0.301  -0.141 0.05           0.09           0.10            47.82         70.22         71.52          0.28        0.29        0.30         7.05           17.31          18.54           40.77         52.91         52.98          
5.57  -0.864 0.311  -0.149 0.29           0.23           0.36            102.60        105.52        99.88          0.34        0.29        0.40         56.12          50.15          62.39           46.47         55.37         37.49          
5.60  -0.864 0.314  -0.157 0.11           0.25           0.27            90.34         90.15         90.14          0.27        0.35        0.37         23.93          45.11          47.66           66.41         45.04         42.48          
5.63  -0.860 0.323  -0.165 0.27           0.27           0.37            68.33         68.50         74.37          0.43        0.43        0.50         35.48          35.72          45.36           32.84         32.78         29.01          
5.67  -0.859 0.317  -0.177 0.18           0.36           0.40            -80.46        85.14         85.66          0.33        0.45        0.49         -32.70         51.79          54.91           -47.76        33.36         30.76          
5.70  -0.859 0.307  -0.183 0.28           0.17           0.33            -85.92        83.24         86.50          0.39        0.32        0.43         -46.43         32.29          50.81           -39.49        50.95         35.69          
5.73  -0.853 0.279  -0.192 0.88           0.33           0.92            -78.68        58.26         79.22          0.96        0.51        1.00         -63.85         33.40          64.96           -14.83        24.87         14.25          
5.77  -0.846 0.255  -0.197 0.73           0.26           0.74            -72.76        32.43         73.07          0.84        0.49        0.85         -56.24         16.43          56.74           -16.53        16.00         16.33          
5.80  -0.838 0.234  -0.189 0.68           0.32           0.72            -71.01        -46.51        72.08          0.80        0.53        0.83         -53.80         -26.36         55.47           -17.21        -20.15        16.61          
5.83  -0.836 0.219  -0.176 0.45           0.39           0.59            -82.41        -81.30        84.26          0.54        0.50        0.67         -55.21         -51.39         62.34           -27.20        -29.90        21.92          
5.87  -0.829 0.192  -0.150 0.85           0.81           1.15            -74.58        -73.91        78.73          0.94        0.91        1.22         -59.79         -58.66         67.17           -14.79        -15.25        11.55          
5.90  -0.814 0.178  -0.136 0.61           0.61           0.74            -43.38        -43.91        53.45          0.81        0.81        0.91         -31.09         -31.56         40.72           -12.30        -12.35        12.73          
5.93  -0.808 0.174  -0.117 0.22           0.60           0.62            -35.05        -72.26        72.66          0.45        0.72        0.73         -16.54         -52.93         53.60           -18.50        -19.33        19.06          
5.97  -0.798 0.172  -0.101 0.29           0.56           0.56            -9.99         -59.36        59.50          0.54        0.72        0.72         -5.36          -41.95         42.11           -4.63         -17.41        17.39          
6.00  -0.791 0.172  -0.101 0.23           0.23           0.23            3.39          -0.30         3.41           0.48        0.48        0.48         1.61           -0.14          1.62            1.78          -0.16         1.79           
6.03  -0.781 0.168  -0.089 0.33           0.48           0.49            -21.93        -49.50        51.07          0.57        0.67        0.68         -12.57         -32.96         34.43           -9.36         -16.54        16.64          
6.07  -0.763 0.169  -0.072 0.52           0.71           0.71            1.43          -43.38        43.39          0.77        0.91        0.91         0.97           -32.54         32.55           0.47          -10.84        10.84          
6.10  -0.754 0.182  -0.061 0.49           0.44           0.60            55.65         -50.98        62.41          0.66        0.63        0.75         37.54          -32.95         45.15           18.11         -18.03        17.26          
6.13  -0.737 0.189  -0.054 0.55           0.55           0.59            20.54         -20.77        28.06          0.79        0.79        0.82         14.18          -14.34         19.77           6.36          -6.42         8.29           
6.17  -0.722 0.193  -0.045 0.47           0.53           0.55            16.70         -30.75        33.67          0.72        0.75        0.77         10.95          -20.99         23.25           5.75          -9.76         10.42          
6.20  -0.707 0.197  -0.037 0.45           0.51           0.52            13.41         -31.44        33.28          0.69        0.74        0.74         8.62           -21.24         22.65           4.79          -10.20        10.63          
6.23  -0.692 0.196  -0.025 0.45           0.56           0.56            -2.19         -37.63        37.66          0.70        0.78        0.78         -1.40          -26.28         26.31           -0.79         -11.35        11.35          
6.27  -0.681 0.204  -0.015 0.42           0.45           0.51            35.14         -40.25        47.76          0.64        0.66        0.71         22.22          -26.17         32.58           12.92         -14.08        15.17          
6.30  -0.670 0.213  -0.000 0.42           0.56           0.62            39.12         -54.32        58.20          0.63        0.73        0.78         24.68          -38.20         42.34           14.44         -16.12        15.86          
6.33  -0.648 0.237  0.022  0.99           0.95           1.20            48.12         -45.95        56.67          1.17        1.13        1.35         38.95          -36.84         47.78           9.17          -9.11         8.89           
6.37  -0.630 0.249  0.040  0.64           0.75           0.83            33.58         -44.73        50.01          0.86        0.95        1.01         24.35          -34.03         39.11           9.22          -10.69        10.90          
6.40  -0.615 0.268  0.048  0.72           0.50           0.76            51.96         -28.67        54.27          0.89        0.73        0.93         39.23          -19.25         41.60           12.73         -9.42         12.67          
6.43  -0.598 0.265  0.070  0.52           0.83           0.84            -10.43        -51.83        52.11          0.77        1.01        1.01         -7.06          -40.56         40.86           -3.37         -11.26        11.26          
6.47  -0.580 0.259  0.079  0.57           0.61           0.64            -19.19        -27.24        31.85          0.81        0.84        0.86         -13.40         -19.41         23.04           -5.79         -7.82         8.81           
6.50  -0.553 0.250  0.078  0.85           0.81           0.85            -17.20        1.79          17.29          1.09        1.06        1.09         -13.32         1.37           13.39           -3.88         0.42          3.90           
6.53  -0.537 0.236  0.069  0.63           0.55           0.70            -42.59        32.08         48.05          0.84        0.77        0.89         -30.92         22.21          35.94           -11.67        9.87          12.11          
6.57  -0.513 0.207  0.062  1.14           0.76           1.16            -50.17        15.87         50.94          1.31        1.00        1.33         -41.77         11.96          42.55           -8.40         3.91          8.39           
6.60  -0.487 0.201  0.048  0.79           0.88           0.90            -11.72        28.22         29.91          1.04        1.11        1.12         -8.92          22.10          23.53           -2.80         6.12          6.39           
6.63  -0.479 0.196  0.021  0.29           0.84           0.85            -31.01        72.44         72.73          0.52        0.94        0.95         -16.81         57.79          58.25           -14.21        14.65         14.48          
6.67  -0.472 0.186  -0.017 0.37           1.16           1.20            -56.78        79.95         80.29          0.55        1.23        1.27         -34.32         68.38          69.06           -22.46        11.57         11.23          
6.70  -0.467 0.173  -0.050 0.41           1.00           1.07            -70.01        81.95         82.49          0.55        1.06        1.13         -44.64         68.50          69.84           -25.37        13.45         12.65          
6.73  -0.471 0.175  -0.082 0.14           0.97           0.97            150.32        96.98         96.96          0.15        0.97        0.97         26.86          82.15          82.17           123.45        14.83         14.79          
6.77  -0.481 0.192  -0.106 0.57           0.78           0.92            119.93        111.33        107.91         0.49        0.73        0.88         93.95          92.68          92.22           25.98         18.65         15.69          
6.80  -0.505 0.202  -0.119 0.80           0.84           0.89            157.07        151.46        145.43         0.58        0.63        0.70         147.34         140.51         133.77          9.73          10.95         11.66          
6.83  -0.532 0.207  -0.130 0.81           0.87           0.88            170.18        157.58        155.90         0.57        0.64        0.66         165.89         149.05         146.97          4.30          8.53          8.93           
6.87  -0.563 0.223  -0.137 1.04           0.95           1.06            152.70        167.93        150.81         0.83        0.71        0.85         144.75         163.68         142.59          7.95          4.25          8.23           
6.90  -0.597 0.234  -0.144 1.08           1.04           1.10            161.26        168.44        158.39         0.85        0.80        0.87         155.82         164.85         152.33          5.44          3.59          6.06           
6.93  -0.636 0.235  -0.146 1.17           1.17           1.17            179.04        177.77        177.57         0.92        0.92        0.92         178.78         177.16         176.91          0.26          0.60          0.66           
6.97  -0.669 0.238  -0.149 1.00           1.00           1.00            174.20        174.31        171.90         0.75        0.75        0.75         172.26         172.41         169.22          1.94          1.90          2.68           
7.00  -0.701 0.246  -0.151 0.97           0.95           0.97            166.58        175.26        165.82         0.73        0.70        0.73         162.02         173.56         161.03          4.56          1.70          4.79           
7.03  -0.723 0.252  -0.161 0.71           0.75           0.77            165.88        156.53        153.35         0.47        0.53        0.56         158.42         145.68         141.73          7.46          10.85         11.62          
7.07  -0.748 0.255  -0.172 0.73           0.79           0.80            171.40        156.61        155.38         0.49        0.57        0.58         167.01         146.59         145.06          4.38          10.01         10.32          
7.10  -0.767 0.255  -0.182 0.59           0.66           0.66            -177.84       151.92        151.86         0.34        0.46        0.46         -176.24        137.02         136.95          -1.61         14.90         14.91          
7.13  -0.778 0.243  -0.190 0.49           0.41           0.54            -133.39       144.85        128.20         0.36        0.25        0.43         -103.30        109.55         101.13          -30.10        35.30         27.07          
7.17  -0.794 0.244  -0.212 0.46           0.81           0.81            177.63        124.63        124.62         0.21        0.69        0.69         174.79         107.39         107.39          2.84          17.24         17.23          
7.20  -0.797 0.242  -0.228 0.11           0.48           0.48            -151.26       102.21        102.13         0.16        0.49        0.49         -20.25         72.16          72.28           -131.01       30.06         29.86          
7.23  -0.792 0.252  -0.245 0.33           0.53           0.61            65.77         75.14         77.13          0.49        0.64        0.70         37.91          52.87          56.89           27.87         22.27         20.24          
7.27  -0.792 0.249  -0.262 0.08           0.54           0.54            -72.31        87.48         87.50          0.28        0.60        0.61         -15.15         62.97          63.19           -57.15        24.51         24.31          
7.30  -0.781 0.251  -0.282 0.33           0.67           0.67            7.24          60.84         60.90          0.58        0.82        0.82         4.11           45.40          45.47           3.13          15.44         15.43          
7.33  -0.772 0.249  -0.298 0.28           0.56           0.56            -12.68        60.33         60.53          0.53        0.71        0.72         -6.73          42.65          42.88           -5.95         17.69         17.66          
7.37  -0.763 0.241  -0.321 0.35           0.73           0.77            -43.38        69.71         70.76          0.56        0.85        0.88         -25.40         53.66          55.22           -17.98        16.06         15.55          
7.40  -0.751 0.235  -0.324 0.40           0.37           0.41            -27.06        17.11         30.81          0.63        0.62        0.64         -16.71         10.25          19.31           -10.36        6.86          11.50          
7.43  -0.740 0.219  -0.321 0.57           0.35           0.58            -54.98        -19.08        55.74          0.74        0.59        0.75         -38.95         -11.09         39.75           -16.03        -7.99         15.99          
7.47  -0.707 0.201  -0.319 1.15           1.01           1.15            -28.49        -2.24         28.55          1.37        1.26        1.37         -23.50         -1.79          23.55           -4.99         -0.45         5.00           
7.50  -0.690 0.184  -0.300 0.72           0.77           0.92            -44.31        -48.16        56.01          0.92        0.96        1.08         -33.32         -36.95         44.97           -10.98        -11.21        11.04          
7.53  -0.668 0.176  -0.283 0.70           0.85           0.88            -19.84        -38.62        41.24          0.94        1.05        1.08         -14.67         -30.10         32.46           -5.17         -8.52         8.77           
7.57  -0.648 0.177  -0.260 0.59           0.90           0.90            2.20          -48.96        48.98          0.84        1.08        1.08         1.55           -38.89         38.91           0.66          -10.07        10.07          
7.60  -0.633 0.170  -0.239 0.49           0.77           0.80            -23.43        -54.13        55.39          0.73        0.94        0.96         -15.59         -41.69         43.02           -7.84         -12.44        12.37          
7.63  -0.613 0.177  -0.225 0.62           0.72           0.75            19.07         -35.52        38.42          0.86        0.94        0.96         13.64          -26.61         29.10           5.43          -8.91         9.31           
7.67  -0.592 0.184  -0.215 0.68           0.72           0.75            17.25         -25.85        29.92          0.92        0.95        0.97         12.62          -19.26         22.54           4.63          -6.59         7.38           
7.70  -0.575 0.193  -0.212 0.58           0.51           0.59            29.55         -9.45         30.58          0.81        0.76        0.81         20.78          -6.36          21.58           8.77          -3.09         9.00           
7.73  -0.555 0.204  -0.222 0.69           0.67           0.75            28.33         25.62         35.82          0.92        0.90        0.96         20.89          18.75          27.05           7.45          6.88          8.76           
7.77  -0.534 0.215  -0.235 0.70           0.73           0.80            28.14         32.44         39.72          0.92        0.95        1.00         20.82          24.31          30.56           7.32          8.13          9.16           
7.80  -0.522 0.219  -0.254 0.37           0.68           0.69            17.86         58.69         59.17          0.62        0.84        0.85         10.71          43.97          44.51           7.15          14.72         14.66          
7.83  -0.509 0.229  -0.282 0.50           0.93           0.98            37.80         65.03         66.35          0.71        1.06        1.10         25.35          52.67          54.35           12.45         12.35         11.99          
7.87  -0.511 0.240  -0.311 0.32           0.86           0.91            101.45        94.27         94.00          0.37        0.87        0.93         59.40          77.71          78.44           42.05         16.56         15.56          
7.90  -0.510 0.258  -0.347 0.56           1.10           1.23            84.81         87.39         87.67          0.63        1.14        1.27         61.50          74.76          76.32           23.30         12.62         11.35          
7.93  -0.518 0.282  -0.373 0.78           0.83           1.11            109.79        108.66        103.83         0.73        0.78        1.07         91.12          91.05          90.77           18.67         17.61         13.07          
7.97  -0.531 0.286  -0.399 0.37           0.84           0.85            165.74        115.37        115.21         0.14        0.77        0.78         140.58         98.34          98.28           25.15         17.02         16.92          
8.00  -0.533 0.290  -0.408 0.17           0.28           0.32            120.54        107.51        105.55         0.22        0.32        0.35         40.92          58.33          61.46           79.61         49.18         44.09          
8.03  -0.542 0.300  -0.422 0.37           0.48           0.56            131.05        120.35        115.92         0.28        0.42        0.50         88.91          89.27          89.39           42.14         31.09         26.53          
8.07  -0.540 0.312  -0.434 0.38           0.37           0.52            83.61         83.45         85.42          0.47        0.47        0.60         52.04          51.32          60.81           31.57         32.13         24.61          
8.10  -0.547 0.325  -0.454 0.44           0.62           0.73            116.61        108.44        105.51         0.40        0.59        0.71         82.19          84.79          85.66           34.42         23.65         19.86          
8.13  -0.554 0.339  -0.464 0.45           0.38           0.55            117.63        123.62        112.36         0.40        0.32        0.51         84.07          82.49          85.34           33.55         41.14         27.02          
8.17  -0.569 0.364  -0.469 0.89           0.49           0.90            122.14        163.52        121.71         0.78        0.26        0.80         106.48         147.85         106.22          15.66         15.66         15.49          
8.20  -0.585 0.371  -0.472 0.53           0.49           0.54            154.03        169.33        152.42         0.33        0.25        0.34         134.41         158.46         132.42          19.61         10.87         20.00          
8.23  -0.602 0.382  -0.465 0.59           0.54           0.63            147.18        -157.52       142.54         0.40        0.32        0.45         127.63         -140.23        122.98          19.55         -17.29        19.56          
8.27  -0.620 0.386  -0.465 0.57           0.56           0.57            169.28        -179.77       169.28         0.32        0.31        0.32         161.04         -179.58        161.04          8.24          -0.19         8.24           
8.30  -0.635 0.374  -0.459 0.55           0.47           0.58            -142.54       -157.53       138.95         0.38        0.26        0.42         -118.96        -135.71        115.97          -23.58        -21.82        22.99          
8.33  -0.646 0.368  -0.448 0.39           0.46           0.50            -148.93       -135.58       131.00         0.21        0.33        0.39         -111.89        -103.88        101.88          -37.04        -31.71        29.12          
8.37  -0.656 0.365  -0.431 0.31           0.59           0.60            -165.97       -120.38       120.12         0.09        0.51        0.52         -123.27        -95.49         95.43           -42.70        -24.89        24.68          
8.40  -0.658 0.362  -0.415 0.12           0.50           0.51            -126.52       -98.33        98.17          0.20        0.52        0.53         -28.73         -70.17         70.52           -97.79        -28.15        27.65          
8.43  -0.657 0.350  -0.401 0.37           0.40           0.54            -83.59        -84.03        85.62          0.47        0.49        0.61         -51.64         -53.63         61.67           -31.95        -30.40        23.95          
8.47  -0.642 0.347  -0.374 0.46           0.95           0.95            -11.40        -61.57        61.71          0.71        1.09        1.10         -7.40          -49.95         50.12           -4.00         -11.62        11.59          
8.50  -0.652 0.343  -0.346 0.33           0.89           0.90            -157.98       -110.11       109.91         0.14        0.84        0.85         -114.34        -93.83         93.79           -43.63        -16.28        16.12          
8.53  -0.646 0.328  -0.326 0.47           0.61           0.75            -67.82        -73.19        76.36          0.61        0.73        0.85         -45.54         -53.97         59.70           -22.28        -19.22        16.66          
8.57  -0.642 0.332  -0.301 0.18           0.77           0.78            44.90         -80.42        80.55          0.40        0.85        0.85         18.62          -63.46         63.78           26.28         -16.96        16.77          
8.60  -0.640 0.345  -0.281 0.38           0.60           0.71            83.34         -85.76        86.42          0.48        0.67        0.77         52.31          -63.91         67.53           31.02         -21.86        18.89          
8.63  -0.638 0.360  -0.266 0.44           0.45           0.63            80.45         -80.72        83.32          0.54        0.55        0.70         53.34          -54.13         62.59           27.11         -26.59        20.73          
8.67  -0.637 0.368  -0.263 0.25           0.08           0.26            86.62         -79.63        86.78          0.36        0.28        0.37         43.38          -16.97         44.80           43.24         -62.66        41.98          
8.70  -0.627 0.387  -0.260 0.66           0.32           0.67            62.52         -16.20        62.78          0.81        0.56        0.81         46.56          -9.07          46.89           15.96         -7.13         15.90          
8.73  -0.615 0.390  -0.267 0.38           0.42           0.43            12.39         28.05         29.95          0.63        0.65        0.66         7.49           17.69          19.03           4.90          10.36         10.92          
8.77  -0.595 0.388  -0.275 0.59           0.64           0.64            -5.93         22.85         23.46          0.84        0.87        0.88         -4.17          16.48          16.94           -1.76         6.37          6.52           
8.80  -0.583 0.378  -0.288 0.47           0.54           0.61            -39.38        47.41         53.73          0.68        0.73        0.79         -25.93         32.80          38.91           -13.45        14.61         14.82          
8.83  -0.569 0.372  -0.302 0.47           0.59           0.61            -22.67        42.49         45.19          0.71        0.79        0.81         -14.83         30.14          32.55           -7.84         12.35         12.64          
8.87  -0.540 0.360  -0.315 0.94           0.96           1.02            -22.21        24.64         31.55          1.18        1.19        1.24         -17.60         19.62          25.51           -4.60         5.02          6.04           
8.90  -0.526 0.354  -0.329 0.45           0.59           0.62            -23.90        45.35         47.86          0.69        0.79        0.81         -15.47         32.30          34.61           -8.43         13.05         13.25          
8.93  -0.507 0.352  -0.342 0.58           0.69           0.69            -6.99         33.69         34.13          0.83        0.91        0.91         -4.88          24.89          25.25           -2.11         8.80          8.87           
8.97  -0.488 0.349  -0.355 0.55           0.68           0.68            -7.15         36.19         36.59          0.80        0.89        0.89         -4.92          26.66          26.99           -2.23         9.53          9.60           
9.00  -0.470 0.356  -0.374 0.59           0.81           0.83            18.79         46.13         47.58          0.83        1.00        1.02         13.24          35.73          37.12           5.55          10.40         10.46          
9.03  -0.468 0.375  -0.385 0.59           0.34           0.68            84.84         80.91         85.50          0.66        0.45        0.74         62.72          47.61          65.82           22.12         33.30         19.68          
9.07  -0.472 0.389  -0.384 0.44           0.13           0.44            107.08        -166.73       107.04         0.43        0.13        0.43         73.63          -13.86         73.67           33.45         -152.87       33.37          
9.10  -0.472 0.407  -0.394 0.52           0.29           0.60            88.68         87.62         88.85          0.58        0.39        0.65         63.32          47.66          66.25           25.36         39.95         22.60          
9.13  -0.481 0.417  -0.391 0.41           0.29           0.42            132.93        -160.68       131.48         0.30        0.10        0.32         95.38          -106.11        95.12           37.55         -54.57        36.37          
9.17  -0.491 0.448  -0.401 0.98           0.43           1.03            107.76        134.51        106.94         0.93        0.31        0.98         93.00          99.15          92.86           14.75         35.36         14.08          
9.20  -0.508 0.455  -0.399 0.57           0.53           0.57            156.55        -172.59       155.63         0.35        0.28        0.36         140.15         -165.95        138.94          16.39         -6.64         16.70          
9.23  -0.522 0.463  -0.389 0.47           0.50           0.55            150.01        -143.55       136.86         0.28        0.34        0.41         123.55         -117.39        112.21          26.47         -26.17        24.65          
9.27  -0.545 0.456  -0.387 0.73           0.69           0.73            -162.19       -176.03       161.80         0.49        0.44        0.50         -153.28        -173.80        152.75          -8.91         -2.24         9.06           
9.30  -0.561 0.459  -0.375 0.49           0.61           0.62            167.46        -141.67       140.60         0.25        0.44        0.46         155.06         -121.18        120.22          12.40         -20.49        20.38          
9.33  -0.572 0.460  -0.367 0.33           0.40           0.40            176.30        -146.04       145.92         0.08        0.24        0.24         165.12         -109.89        109.80          11.18         -36.16        36.12          
9.37  -0.585 0.470  -0.346 0.48           0.73           0.79            142.53        -121.48       119.00         0.32        0.64        0.70         114.43         -102.04        100.93          28.10         -19.45        18.08          
9.40  -0.598 0.465  -0.329 0.42           0.64           0.66            -157.91       -127.36       126.10         0.21        0.53        0.55         -131.23        -105.19        104.54          -26.68        -22.17        21.56          
9.43  -0.608 0.463  -0.313 0.31           0.58           0.58            -173.76       -121.82       121.76         0.06        0.49        0.49         -148.44        -96.30         96.29           -25.32        -25.52        25.47          
9.47  -0.619 0.465  -0.296 0.34           0.61           0.61            174.33        -123.42       123.36         0.09        0.51        0.52         158.60         -99.49         99.47           15.73         -23.93        23.89          
9.50  -0.624 0.470  -0.274 0.21           0.68           0.69            133.41        -102.16       101.87         0.19        0.67        0.69         54.49          -80.76         80.99           78.91         -21.40        20.88          
9.53  -0.627 0.444  -0.246 0.78           0.85           1.15            -96.49        -95.99        94.41          0.79        0.86        1.16         -78.28         -79.16         81.99           -18.21        -16.83        12.42          
9.57  -0.625 0.419  -0.222 0.73           0.72           1.03            -86.13        -86.09        87.25          0.79        0.78        1.07         -67.66         -67.43         73.71           -18.47        -18.66        13.54          
9.60  -0.630 0.388  -0.194 0.96           0.84           1.27            -99.05        -100.36       96.85          0.96        0.83        1.27         -84.10         -83.23         85.54           -14.96        -17.13        11.31          
9.63  -0.621 0.354  -0.164 1.05           0.95           1.39            -75.44        -73.82        79.05          1.14        1.04        1.46         -63.16         -60.51         69.34           -12.28        -13.30        9.71           
9.67  -0.613 0.341  -0.167 0.46           0.27           0.47            -57.90        23.38         58.81          0.63        0.51        0.64         -38.21         12.06          39.21           -19.68        11.33         19.60          
9.70  -0.598 0.318  -0.161 0.80           0.48           0.83            -56.62        -22.76        57.58          0.97        0.72        0.98         -44.13         -15.01         45.18           -12.49        -7.75         12.40          
9.73  -0.579 0.303  -0.151 0.75           0.67           0.81            -37.81        -26.79        42.79          0.96        0.90        1.01         -28.64         -19.56         33.08           -9.17         -7.23         9.71           
9.77  -0.554 0.289  -0.154 0.86           0.75           0.86            -29.50        6.16          29.94          1.09        1.00        1.09         -22.99         4.63           23.36           -6.51         1.53          6.58           
9.80  -0.534 0.289  -0.166 0.60           0.70           0.70            -1.13         31.08         31.09          0.85        0.92        0.92         -0.79          23.00          23.01           -0.33         8.08          8.08           
9.83  -0.513 0.285  -0.170 0.64           0.64           0.65            -8.19         12.06         14.45          0.88        0.89        0.89         -5.88          8.69           10.45           -2.31         3.37          4.00           
9.87  -0.505 0.302  -0.172 0.54           0.23           0.54            65.50         12.20         65.60          0.68        0.48        0.68         45.95          5.82           46.09           19.55         6.39          19.51          
9.90  -0.483 0.307  -0.165 0.68           0.70           0.72            14.33         -18.46        22.80          0.93        0.94        0.95         10.51          -13.62         16.97           3.82          -4.84         5.83           
9.93  -0.485 0.325  -0.166 0.54           0.04           0.54            93.92         144.99        93.91          0.58        0.21        0.58         68.32          6.88           68.34           25.60         138.11        25.57          
9.97  -0.486 0.345  -0.171 0.60           0.17           0.62            93.66         103.34        93.53          0.63        0.27        0.65         70.47          37.25          71.09           23.19         66.10         22.44          
10.00 -0.482 0.354  -0.170 0.27           0.10           0.27            68.50         -15.92        68.62          0.43        0.35        0.43         35.84          -4.64          36.01           32.66         -11.28        32.61          
10.03 -0.498 0.373  -0.181 0.73           0.56           0.80            129.04        144.78        125.14         0.61        0.39        0.69         110.33         122.91         107.83          18.71         21.87         17.31          
10.07 -0.503 0.379  -0.197 0.26           0.51           0.55            128.49        108.59        107.21         0.22        0.49        0.53         66.55          79.60          80.41           61.94         28.99         26.80          
10.10 -0.512 0.382  -0.211 0.28           0.51           0.51            163.98        122.19        121.78         0.08        0.43        0.43         103.92         92.57          92.53           60.06         29.63         29.25          
10.13 -0.511 0.375  -0.212 0.21           0.03           0.22            -84.14        40.43         84.16          0.35        0.27        0.35         -38.13         3.93           38.23           -46.02        36.51         45.93          
10.17 -0.518 0.358  -0.239 0.54           0.84           0.98            -109.93       102.75        100.87         0.52        0.82        0.97         -82.84         85.52          86.20           -27.08        17.24         14.67          
10.20 -0.516 0.327  -0.257 0.93           0.53           1.07            -87.27        85.19         87.63          0.98        0.60        1.11         -72.44         60.78          74.60           -14.84        24.41         13.03          
10.23 -0.509 0.295  -0.271 0.97           0.47           1.06            -78.00        64.64         79.03          1.05        0.62        1.14         -64.60         43.35          66.57           -13.41        21.29         12.45          
10.27 -0.502 0.276  -0.284 0.61           0.46           0.73            -69.28        61.98         72.86          0.73        0.61        0.84         -50.65         40.93          56.25           -18.63        21.06         16.62          
10.30 -0.495 0.257  -0.306 0.62           0.69           0.90            -67.90        70.36         74.99          0.75        0.81        0.99         -49.88         53.48          60.91           -18.02        16.88         14.08          
10.33 -0.484 0.235  -0.311 0.73           0.36           0.75            -63.65        26.71         64.33          0.87        0.60        0.88         -48.72         15.84          49.57           -14.94        10.87         14.76          
10.37 -0.462 0.218  -0.317 0.82           0.67           0.84            -38.13        14.30         39.53          1.03        0.91        1.05         -29.53         10.42          30.78           -8.60         3.88          8.75           
10.40 -0.446 0.209  -0.322 0.55           0.50           0.57            -31.14        17.99         34.45          0.78        0.74        0.79         -21.55         11.98          24.15           -9.59         6.01          10.30          
10.43 -0.434 0.216  -0.318 0.44           0.40           0.45            28.48         -15.74        31.44          0.67        0.64        0.68         18.20          -9.69          20.33           10.28         -6.05         11.11          
10.47 -0.405 0.236  -0.318 1.05           0.85           1.05            35.92         -1.21         35.94          1.26        1.10        1.26         29.26          -0.94          29.27           6.67          -0.27         6.67           
10.50 -0.390 0.236  -0.315 0.44           0.45           0.45            0.63          -10.10        10.12          0.69        0.70        0.70         0.40           -6.51          6.52            0.23          -3.60         3.60           
10.53 -0.374 0.244  -0.297 0.55           0.74           0.77            23.07         -46.96        49.05          0.78        0.92        0.95         15.88          -35.56         37.58           7.20          -11.40        11.48          
10.57 -0.354 0.243  -0.276 0.60           0.87           0.87            -0.30         -46.68        46.68          0.85        1.06        1.06         -0.21          -36.80         36.80           -0.09         -9.88         9.88           
10.60 -0.352 0.258  -0.256 0.44           0.62           0.76            82.81         -84.91        85.84          0.53        0.69        0.81         54.93          -63.64         67.96           27.87         -21.27        17.87          
10.63 -0.348 0.267  -0.234 0.31           0.64           0.70            67.66         -79.56        80.46          0.46        0.73        0.78         37.70          -59.89         62.11           29.96         -19.68        18.35          
10.67 -0.341 0.274  -0.211 0.30           0.74           0.77            42.36         -72.90        73.50          0.51        0.85        0.87         23.04          -56.60         57.59           19.32         -16.30        15.92          
10.70 -0.346 0.273  -0.191 0.16           0.61           0.61            -165.40       -105.05       105.02         0.10        0.60        0.60         -24.49         -81.26         81.28           -140.91       -23.80        23.74          
10.73 -0.334 0.271  -0.188 0.37           0.38           0.38            -6.04         -13.43        14.63          0.62        0.63        0.63         -3.61          -8.11          8.86            -2.43         -5.32         5.78           
10.77 -0.321 0.270  -0.184 0.38           0.39           0.40            -5.99         -19.03        19.83          0.62        0.64        0.64         -3.60          -11.67         12.18           -2.40         -7.36         7.65           
10.80 -0.313 0.276  -0.187 0.31           0.27           0.32            35.73         19.13         38.61          0.54        0.51        0.54         19.91          9.91           21.91           15.82         9.22          16.70          
10.83 -0.301 0.274  -0.194 0.36           0.41           0.41            -9.30         30.17         31.13          0.60        0.63        0.64         -5.46          18.74          19.42           -3.84         11.42         11.71          
10.87 -0.282 0.279  -0.195 0.60           0.59           0.60            13.31         3.96          13.85          0.85        0.83        0.85         9.41           2.78           9.79            3.90          1.19          4.05           
10.90 -0.259 0.281  -0.200 0.69           0.70           0.71            4.56          12.47         13.23          0.94        0.95        0.95         3.35           9.21           9.78            1.21          3.26          3.45           
10.93 -0.232 0.284  -0.207 0.80           0.83           0.83            7.20          15.73         17.15          1.05        1.07        1.07         5.49           12.09          13.21           1.71          3.64          3.94           
10.97 -0.214 0.286  -0.226 0.56           0.78           0.79            6.83          45.06         45.27          0.81        0.98        0.98         4.72           34.63          34.82           2.11          10.44         10.45          
11.00 -0.194 0.293  -0.247 0.62           0.86           0.89            19.91         47.30         48.81          0.86        1.05        1.07         14.25          37.22          38.70           5.66          10.07         10.11          
11.03 -0.184 0.294  -0.262 0.32           0.56           0.56            5.02          55.01         55.06          0.57        0.73        0.73         2.82           38.68          38.73           2.20          16.33         16.33          
11.07 -0.176 0.298  -0.286 0.26           0.74           0.75            23.41         71.13         71.32          0.50        0.86        0.86         11.99          55.13          55.42           11.42         16.00         15.90          
11.10 -0.165 0.299  -0.304 0.31           0.63           0.63            5.51          60.56         60.59          0.56        0.78        0.78         3.05           44.35          44.40           2.46          16.20         16.20          
11.13 -0.153 0.289  -0.315 0.47           0.49           0.57            -37.10        40.83         48.95          0.68        0.70        0.76         -24.37         27.37          34.53           -12.72        13.46         14.42          
11.17 -0.151 0.286  -0.324 0.12           0.29           0.31            -53.45        76.29         76.95          0.33        0.43        0.44         -16.27         41.57          43.03           -37.18        34.72         33.92          
11.20 -0.142 0.275  -0.336 0.43           0.43           0.55            -53.09        53.19         62.07          0.61        0.61        0.70         -34.01         34.10          43.71           -19.08        19.09         18.36          
11.23 -0.132 0.268  -0.348 0.37           0.48           0.52            -33.02        50.03         53.64          0.59        0.67        0.70         -19.69         33.31          36.81           -13.33        16.72         16.84          
11.27 -0.109 0.232  -0.341 1.29           0.71           1.30            -58.00        -16.96        58.45          1.43        0.95        1.45         -49.50         -12.58         50.00           -8.50         -4.38         8.45           
11.30 -0.107 0.239  -0.340 0.23           0.07           0.24            73.98         -24.00        74.10          0.39        0.32        0.39         35.59          -5.23          35.81           38.38         -18.77        38.29          
11.33 -0.107 0.245  -0.331 0.16           0.27           0.31            87.96         -88.77        88.94          0.30        0.37        0.40         32.24          -46.33         50.73           55.71         -42.44        38.22          
11.37 -0.107 0.242  -0.321 0.07           0.29           0.29            -100.60       -92.48        92.42          0.25        0.37        0.38         -15.61         -50.33         51.07           -84.98        -42.15        41.35          
11.40 -0.110 0.241  -0.301 0.09           0.63           0.63            -145.93       -97.10        97.07          0.18        0.65        0.65         -17.04         -74.64         74.69           -128.88       -22.46        22.39          
11.43 -0.117 0.250  -0.294 0.35           0.30           0.41            129.17        -137.27       123.06         0.27        0.21        0.34         83.97          -82.01         85.18           45.20         -55.26        37.89          
11.47 -0.127 0.256  -0.286 0.37           0.39           0.44            147.39        -141.78       134.59         0.21        0.25        0.32         106.90         -103.87        100.85          40.49         -37.92        33.74          
11.50 -0.153 0.275  -0.283 0.94           0.77           0.95            143.74        -173.93       143.45         0.76        0.52        0.76         132.47         -170.99        132.17          11.27         -2.93         11.28          
11.53 -0.174 0.283  -0.279 0.69           0.66           0.70            159.98        -170.41       158.12         0.46        0.41        0.48         149.35         -164.64        146.85          10.63         -5.77         11.27          
11.57 -0.187 0.279  -0.272 0.40           0.44           0.45            -164.33       -151.84       148.86         0.17        0.25        0.27         -141.58        -123.45        120.34          -22.75        -28.39        28.52          
11.60 -0.211 0.287  -0.278 0.76           0.74           0.77            161.69        167.33        158.20         0.52        0.49        0.55         153.08         160.96         148.45          8.62          6.37          9.75           
11.63 -0.230 0.287  -0.275 0.55           0.56           0.56            -179.61       -171.99       171.98         0.30        0.31        0.31         -179.28        -165.58        165.56          -0.32         -6.41         6.42           
11.67 -0.251 0.287  -0.270 0.62           0.65           0.65            179.44        -165.42       165.41         0.37        0.41        0.41         179.07         -156.56        156.54          0.37          -8.87         8.87           
11.70 -0.266 0.275  -0.278 0.59           0.51           0.64            -140.23       152.31        135.46         0.43        0.31        0.49         -118.44        130.66         114.61          -21.79        21.65         20.85          
11.73 -0.266 0.248  -0.274 0.80           0.12           0.81            -89.98        -89.85        89.98          0.84        0.28        0.85         -72.59         -26.08         72.78           -17.39        -63.77        17.20          
11.77 -0.264 0.226  -0.263 0.66           0.32           0.73            -86.89        -83.57        87.20          0.72        0.43        0.78         -66.46         -47.86         68.57           -20.43        -35.70        18.63          
11.80 -0.273 0.228  -0.239 0.26           0.78           0.78            169.31        -109.04       109.00         0.05        0.73        0.74         94.25          -90.28         90.28           75.06         -18.76        18.72          
11.83 -0.269 0.208  -0.237 0.60           0.14           0.60            -77.89        -21.58        77.94          0.70        0.38        0.70         -57.41         -7.56          57.51           -20.48        -14.02        20.43          
11.87 -0.265 0.203  -0.227 0.18           0.31           0.34            -56.93        -71.39        73.35          0.38        0.45        0.48         -23.34         -39.85         43.22           -33.59        -31.54        30.13          
11.90 -0.258 0.187  -0.216 0.52           0.40           0.62            -64.54        -55.30        68.58          0.67        0.58        0.74         -44.85         -34.37         50.37           -19.69        -20.93        18.21          
11.93 -0.249 0.183  -0.210 0.30           0.34           0.36            -22.92        -35.26        39.48          0.54        0.56        0.57         -12.51         -20.35         23.37           -10.42        -14.91        16.11          
11.97 -0.241 0.185  -0.206 0.23           0.25           0.25            9.65          -26.06        27.37          0.48        0.49        0.49         4.62           -13.08         13.82           5.03          -12.98        13.55          
12.00 -0.230 0.176  -0.203 0.43           0.34           0.44            -40.00        -14.55        41.29          0.64        0.58        0.65         -25.45         -8.38          26.49           -14.54        -6.17         14.80          
12.03 -0.224 0.180  -0.212 0.22           0.32           0.34            35.09         56.05         58.68          0.45        0.50        0.52         16.31          31.75          34.40           18.78         24.30         24.28          
12.07 -0.216 0.178  -0.221 0.26           0.38           0.38            -9.97         46.81         47.20          0.51        0.58        0.58         -5.11          28.47          28.79           -4.86         18.35         18.41          
12.10 -0.201 0.170  -0.226 0.49           0.45           0.51            -28.32        16.86         31.73          0.72        0.69        0.73         -18.84         10.86          21.37           -9.48         6.00          10.35          
12.13 -0.192 0.171  -0.229 0.28           0.29           0.29            3.59          18.19         18.50          0.53        0.53        0.53         1.89           9.79           9.96            1.70          8.40          8.54           
12.17 -0.180 0.171  -0.241 0.35           0.52           0.52            0.85          46.94         46.95          0.60        0.71        0.71         0.50           32.09          32.09           0.35          14.85         14.85          
12.20 -0.176 0.170  -0.255 0.14           0.43           0.43            -14.87        71.95         72.01          0.38        0.56        0.56         -5.26          46.76          46.86           -9.62         25.19         25.15          
12.23 -0.168 0.191  -0.273 0.67           0.59           0.86            69.97         67.12         74.58          0.79        0.73        0.96         52.71          48.61          60.05           17.25         18.51         14.52          
12.27 -0.169 0.198  -0.293 0.22           0.60           0.63            95.62         92.03         91.91          0.31        0.64        0.67         43.07          68.96          70.10           52.54         23.07         21.80          
12.30 -0.165 0.208  -0.300 0.31           0.25           0.38            65.34         59.55         70.11          0.47        0.44        0.52         36.56          30.08          43.25           28.78         29.48         26.85          
12.33 -0.169 0.218  -0.301 0.34           0.12           0.34            110.58        175.94        110.57         0.35        0.13        0.35         68.19          3.81           68.20           42.39         172.14        42.38          
12.37 -0.178 0.229  -0.308 0.43           0.35           0.48            128.33        139.74        123.30         0.34        0.22        0.40         92.55          93.81          92.12           35.78         45.93         31.18          
12.40 -0.173 0.244  -0.312 0.45           0.18           0.47            73.03         44.94         73.73          0.57        0.40        0.59         48.38          18.92          49.64           24.65         26.02         24.09          
12.43 -0.201 0.272  -0.319 1.20           0.86           1.22            134.30        165.87        133.46         1.04        0.62        1.06         124.37         160.25         123.60          9.93          5.62          9.87           
12.47 -0.212 0.273  -0.332 0.33           0.51           0.51            174.15        130.82        130.71         0.09        0.39        0.39         157.18         101.88         101.84          16.97         28.94         28.87          
12.50 -0.226 0.287  -0.334 0.59           0.42           0.60            135.01        174.41        134.87         0.45        0.18        0.46         112.06         166.41         111.97          22.95         7.99          22.90          
12.53 -0.242 0.292  -0.346 0.50           0.62           0.63            165.84        141.21        139.89         0.26        0.45        0.47         152.38         120.97         119.79          13.46         20.24         20.10          
12.57 -0.254 0.300  -0.343 0.45           0.38           0.46            143.80        -162.72       141.51         0.29        0.16        0.31         112.95         -134.90        111.29          30.85         -27.82        30.21          
12.60 -0.271 0.305  -0.350 0.53           0.56           0.57            166.07        156.84        153.68         0.29        0.34        0.37         154.24         140.23         136.11          11.83         16.61         17.58          
12.63 -0.291 0.321  -0.357 0.76           0.62           0.79            139.60        159.27        137.03         0.59        0.40        0.63         123.78         146.38         121.44          15.82         12.88         15.60          
12.67 -0.314 0.331  -0.360 0.76           0.71           0.77            157.65        172.56        156.66         0.54        0.46        0.55         147.46         168.55         146.20          10.19         4.02          10.47          
12.70 -0.332 0.340  -0.363 0.61           0.56           0.62            153.86        171.20        152.77         0.40        0.31        0.41         138.00         164.15         136.65          15.86         7.05          16.12          
12.73 -0.355 0.351  -0.371 0.75           0.71           0.79            152.70        159.83        147.65         0.54        0.48        0.59         140.48         149.58         134.64          12.23         10.25         13.01          
12.77 -0.376 0.360  -0.369 0.70           0.65           0.70            157.02        -173.97       156.39         0.48        0.40        0.48         145.23         -170.19        144.42          11.78         -3.78         11.97          
12.80 -0.391 0.364  -0.361 0.46           0.51           0.52            165.09        -151.80       149.09         0.23        0.31        0.33         148.98         -129.56        126.50          16.11         -22.24        22.60          
12.83 -0.409 0.351  -0.338 0.67           0.87           0.96            -141.69       -126.79       122.78         0.49        0.75        0.85         -123.40        -111.29        108.54          -18.29        -15.50        14.23          
12.87 -0.422 0.348  -0.323 0.40           0.60           0.61            -167.75       -130.69       130.20         0.16        0.48        0.48         -148.94        -107.23        106.95          -18.80        -23.46        23.25          
12.90 -0.428 0.342  -0.313 0.27           0.35           0.39            -139.33       -126.04       121.67         0.18        0.28        0.33         -75.32         -80.70         82.09           -64.01        -45.34        39.58          
12.93 -0.434 0.338  -0.301 0.21           0.41           0.42            -149.19       -115.69       114.82         0.13        0.37        0.39         -54.90         -78.60         79.03           -94.29        -37.09        35.78          
12.97 -0.436 0.328  -0.287 0.32           0.44           0.54            -101.38       -98.37        96.77          0.37        0.47        0.57         -59.39         -66.62         70.76           -41.99        -31.75        26.01          
13.00 -0.453 0.319  -0.264 0.55           0.84           0.88            -151.44       -125.41       123.54         0.35        0.72        0.77         -131.77        -109.06        107.86          -19.67        -16.34        15.68          
13.03 -0.454 0.309  -0.236 0.31           0.84           0.90            -98.81        -93.27        93.07          0.37        0.87        0.92         -56.94         -76.50         77.31           -41.87        -16.76        15.76          
13.07 -0.445 0.270  -0.217 1.19           0.62           1.31            -77.17        -64.92        78.43          1.27        0.76        1.39         -66.06         -47.63         68.24           -11.11        -17.29        10.18          
13.10 -0.438 0.245  -0.194 0.79           0.73           1.05            -74.39        -72.98        78.34          0.89        0.83        1.13         -58.68         -56.31         65.80           -15.71        -16.67        12.54          
13.13 -0.429 0.223  -0.183 0.70           0.44           0.78            -66.80        -50.63        69.20          0.83        0.62        0.90         -50.77         -32.60         54.11           -16.03        -18.02        15.09          
13.17 -0.427 0.210  -0.170 0.42           0.38           0.56            -79.75        -78.67        82.35          0.53        0.49        0.64         -51.84         -48.95         59.74           -27.91        -29.72        22.61          
13.20 -0.406 0.195  -0.162 0.77           0.68           0.81            -34.83        -22.37        38.95          0.98        0.92        1.02         -26.47         -16.41         30.04           -8.36         -5.96         8.91           
13.23 -0.394 0.173  -0.175 0.76           0.54           0.86            -61.63        48.47         65.25          0.91        0.73        0.99         -47.57         33.70          52.03           -14.06        14.77         13.22          
13.27 -0.388 0.157  -0.172 0.50           0.20           0.51            -70.16        -29.10        70.52          0.63        0.43        0.64         -48.32         -12.71         48.89           -21.83        -16.39        21.63          
13.30 -0.370 0.140  -0.190 0.75           0.77           0.93            -44.34        45.80         54.82          0.94        0.96        1.09         -33.64         35.00          44.01           -10.70        10.80         10.81          
13.33 -0.361 0.132  -0.206 0.35           0.53           0.57            -38.31        59.05         61.54          0.56        0.69        0.72         -22.37         40.97          43.86           -15.94        18.08         17.68          
13.37 -0.346 0.110  -0.236 0.80           1.02           1.22            -56.44        64.21         68.66          0.97        1.15        1.33         -43.97         52.95          58.61           -12.46        11.26         10.06          
13.40 -0.334 0.100  -0.261 0.49           0.83           0.89            -39.58        62.91         64.77          0.70        0.97        1.02         -26.44         49.62          51.93           -13.14        13.29         12.84          
13.43 -0.323 0.099  -0.293 0.33           1.02           1.02            -4.74         71.04         71.04          0.58        1.13        1.13         -2.71          58.93          58.94           -2.03         12.11         12.10          
13.47 -0.320 0.105  -0.314 0.20           0.64           0.66            62.38         81.67         81.98          0.38        0.72        0.74         27.21          61.45          62.35           35.16         20.22         19.62          
13.50 -0.305 0.115  -0.337 0.54           0.82           0.88            36.95         58.45         60.86          0.75        0.98        1.03         25.44          45.85          48.61           11.50         12.59         12.25          
13.53 -0.303 0.127  -0.340 0.35           0.10           0.36            80.94         57.07         81.20          0.46        0.32        0.47         48.51          15.56          49.35           32.43         41.51         31.85          
13.57 -0.283 0.113  -0.349 0.73           0.66           0.78            -34.28        23.18         38.84          0.95        0.89        0.98         -25.76         16.86          29.68           -8.52         6.32          9.16           
13.60 -0.284 0.145  -0.350 0.94           0.05           0.95            91.69         121.40        91.69          0.97        0.23        0.97         76.77          11.64          76.78           14.93         109.76        14.91          
13.63 -0.272 0.140  -0.346 0.39           0.39           0.41            -20.44        -20.53        27.85          0.63        0.63        0.64         -12.44         -12.49         17.36           -8.01         -8.04         10.49          
13.67 -0.255 0.127  -0.334 0.65           0.64           0.74            -35.96        -35.14        45.30          0.86        0.86        0.94         -26.13         -25.45         34.35           -9.83         -9.68         10.95          
13.70 -0.261 0.144  -0.315 0.52           0.59           0.77            110.34        -107.77       103.63         0.49        0.57        0.75         81.91          -82.99         84.69           28.43         -24.78        18.94          
13.73 -0.266 0.165  -0.298 0.65           0.53           0.82            105.06        -108.84       101.93         0.64        0.50        0.81         82.77          -80.87         84.31           22.29         -27.97        17.62          
13.77 -0.269 0.151  -0.277 0.41           0.65           0.77            -99.66        -96.10        95.17          0.45        0.67        0.79         -66.14         -74.48         76.76           -33.52        -21.63        18.41          
13.80 -0.269 0.137  -0.253 0.41           0.71           0.83            -91.39        -90.81        90.70          0.48        0.75        0.86         -59.91         -71.44         73.80           -31.48        -19.37        16.90          
13.83 -0.293 0.133  -0.232 0.74           0.96           0.97            -169.17       -139.48       138.79         0.50        0.78        0.80         -163.74        -127.52        126.85          -5.42         -11.96        11.94          
13.87 -0.300 0.130  -0.216 0.21           0.51           0.52            -154.58       -111.69       111.34         0.11        0.48        0.49         -55.83         -82.69         82.82           -98.75        -29.00        28.53          
13.90 -0.322 0.132  -0.206 0.69           0.75           0.76            174.51        -155.87       155.38         0.44        0.53        0.54         171.41         -144.85        144.24          3.10          -11.02        11.14          
13.93 -0.341 0.127  -0.201 0.59           0.59           0.61            -164.26       -166.08       159.42         0.36        0.35        0.39         -153.34        -156.18        146.24          -10.91        -9.90         13.18          
13.97 -0.375 0.150  -0.190 1.21           1.05           1.26            145.41        -162.17       142.73         1.02        0.82        1.07         137.39         -156.78        134.58          8.02          -5.39         8.15           
14.00 -0.401 0.155  -0.179 0.81           0.87           0.89            168.50        -155.78       153.72         0.57        0.65        0.67         163.47         -146.75        144.26          5.02          -9.04         9.47           
14.03 -0.423 0.164  -0.168 0.70           0.72           0.76            157.56        -153.79       147.27         0.47        0.50        0.57         145.96         -141.16        133.57          11.60         -12.63        13.70          
14.07 -0.452 0.160  -0.166 0.89           0.88           0.89            -173.60       -175.38       172.13         0.64        0.63        0.64         -171.10        -173.56        169.07          -2.50         -1.82         3.06           
14.10 -0.478 0.166  -0.156 0.78           0.82           0.83            168.87        -159.80       157.35         0.54        0.59        0.61         163.72         -151.35        148.22          5.16          -8.45         9.14           
14.13 -0.508 0.167  -0.149 0.91           0.93           0.93            176.96        -167.19       166.86         0.66        0.69        0.69         175.81         -162.58        162.14          1.15          -4.62         4.72           
14.17 -0.532 0.159  -0.135 0.76           0.83           0.87            -162.12       -149.91       146.45         0.53        0.63        0.67         -153.72        -138.43        134.57          -8.40         -11.48        11.87          
14.20 -0.554 0.160  -0.118 0.66           0.84           0.84            179.51        -141.57       141.57         0.41        0.66        0.66         179.20         -128.02        128.02          0.30          -13.55        13.55          
14.23 -0.574 0.162  -0.110 0.60           0.64           0.64            173.57        -159.24       158.43         0.35        0.41        0.42         169.01         -146.85        145.73          4.56          -12.39        12.70          
14.27 -0.587 0.156  -0.105 0.43           0.43           0.46            -157.93       -157.08       149.64         0.22        0.22        0.28         -132.59        -131.40        122.47          -25.34        -25.68        27.17          
14.30 -0.596 0.161  -0.090 0.31           0.52           0.53            155.20        -123.46       122.30         0.14        0.43        0.45         105.16         -94.73         94.52           50.04         -28.73        27.77          
14.33 -0.608 0.161  -0.079 0.35           0.48           0.48            177.13        -136.19       136.16         0.10        0.34        0.34         169.70         -106.05        106.03          7.43          -30.15        30.13          
14.37 -0.613 0.152  -0.071 0.31           0.29           0.40            -116.30       -118.94       110.23         0.30        0.27        0.39         -68.16         -65.86         73.37           -48.14        -53.08        36.86          
14.40 -0.618 0.143  -0.063 0.30           0.29           0.39            -120.93       -122.93       113.74         0.28        0.26        0.37         -70.28         -68.82         75.26           -50.65        -54.11        38.48          
14.43 -0.609 0.136  -0.061 0.34           0.26           0.34            -41.87        -10.42        42.46          0.55        0.51        0.55         -24.27         -5.28          24.72           -17.60        -5.13         17.74          
14.47 -0.589 0.129  -0.058 0.64           0.62           0.65            -19.03        -9.71         21.05          0.88        0.86        0.89         -13.73         -6.91          15.26           -5.29         -2.80         5.80           
14.50 -0.567 0.122  -0.063 0.70           0.69           0.72            -16.50        12.68         20.40          0.94        0.94        0.96         -12.19         9.32           15.17           -4.31         3.36          5.23           
14.53 -0.539 0.120  -0.075 0.84           0.91           0.91            -3.76         23.56         23.80          1.09        1.15        1.15         -2.89          18.56          18.76           -0.86         5.00          5.04           
14.57 -0.509 0.115  -0.085 0.92           0.95           0.97            -10.45        18.82         21.18          1.16        1.19        1.20         -8.21          14.94          16.87           -2.23         3.88          4.31           
14.60 -0.480 0.110  -0.105 0.89           1.05           1.06            -8.72         33.70         34.38          1.13        1.27        1.28         -6.80          27.42          28.03           -1.91         6.28          6.35           
14.63 -0.459 0.127  -0.122 0.80           0.79           0.94            40.15         39.66         49.79          1.00        1.00        1.12         30.87          30.44          39.97           9.27          9.22          9.81           
14.67 -0.440 0.134  -0.143 0.61           0.87           0.89            18.53         47.76         49.02          0.86        1.05        1.07         13.20          37.62          38.85           5.33          10.14         10.17          
14.70 -0.413 0.142  -0.159 0.83           0.92           0.95            16.79         30.98         33.90          1.07        1.15        1.17         12.91          24.53          27.06           3.87          6.45          6.84           
14.73 -0.398 0.150  -0.171 0.53           0.59           0.64            26.94         37.78         42.82          0.76        0.81        0.84         18.33          26.81          31.14           8.60          10.97         11.68          
14.77 -0.378 0.150  -0.191 0.59           0.84           0.84            1.20          44.67         44.68          0.84        1.03        1.03         0.85           34.83          34.84           0.36          9.84          9.84           
14.80 -0.375 0.163  -0.207 0.40           0.49           0.63            75.56         78.43         80.89          0.52        0.60        0.71         47.80          54.21          60.57           27.75         24.21         20.33          
14.83 -0.361 0.165  -0.209 0.42           0.42           0.43            7.36          8.71          11.33          0.67        0.67        0.67         4.62           5.48           7.16            2.73          3.23          4.18           
14.87 -0.350 0.167  -0.214 0.34           0.36           0.37            12.56         23.37         25.93          0.58        0.60        0.60         7.21           13.79          15.43           5.35          9.58          10.49          
14.90 -0.338 0.172  -0.215 0.39           0.37           0.40            22.07         7.68          23.14          0.63        0.62        0.63         13.51          4.57           14.21           8.56          3.11          8.93           
14.93 -0.329 0.178  -0.208 0.31           0.33           0.37            34.13         -38.68        46.37          0.54        0.55        0.58         19.00          -22.14         28.06           15.12         -16.54        18.31          
14.97 -0.317 0.181  -0.194 0.37           0.57           0.58            13.74         -50.54        51.10          0.62        0.75        0.76         8.23           -35.72         36.26           5.50          -14.82        14.84          
15.00 -0.307 0.173  -0.188 0.38           0.34           0.42            -41.57        -32.10        47.36          0.59        0.57        0.62         -25.32         -18.50         30.09           -16.25        -13.60        17.28          
15.03 -0.308 0.173  -0.173 0.01           0.46           0.46            147.22        -90.94        90.94          0.24        0.52        0.52         1.14           -62.12         62.12           146.08        -28.82        28.82          
15.07 -0.305 0.156  -0.159 0.50           0.41           0.64            -80.93        -78.89        82.94          0.59        0.52        0.71         -56.21         -50.54         62.56           -24.72        -28.35        20.38          
15.10 -0.305 0.154  -0.142 0.06           0.53           0.53            -97.42        -90.85        90.84          0.25        0.58        0.58         -13.85         -65.25         65.39           -83.57        -25.60        25.45          
15.13 -0.310 0.156  -0.130 0.14           0.38           0.38            161.50        -110.73       110.58         0.13        0.37        0.37         20.81          -71.57         71.71           140.69        -39.16        38.88          
15.17 -0.318 0.163  -0.117 0.31           0.46           0.50            140.56        -121.69       118.83         0.20        0.39        0.44         87.63          -88.80         88.93           52.93         -32.89        29.90          
15.20 -0.335 0.175  -0.113 0.65           0.53           0.66            143.57        -167.60       142.40         0.47        0.30        0.49         125.24         -157.13        124.10          18.33         -10.47        18.30          
15.23 -0.336 0.180  -0.101 0.15           0.38           0.40            105.06        -95.86        95.48          0.26        0.43        0.45         34.15          -60.64         62.27           70.91         -35.23        33.21          
15.27 -0.347 0.191  -0.095 0.47           0.37           0.50            134.36        -152.20       130.99         0.34        0.19        0.38         102.75         -113.70        101.37          31.61         -38.51        29.62          
15.30 -0.360 0.210  -0.095 0.67           0.38           0.67            124.47        -179.79       124.47         0.57        0.13        0.57         103.22         -179.39        103.22          21.24         -0.40         21.24          
15.33 -0.367 0.232  -0.107 0.69           0.42           0.78            108.69        121.60        106.51         0.66        0.36        0.75         87.51          85.47          87.81           21.19         36.13         18.70          
15.37 -0.378 0.243  -0.116 0.48           0.42           0.54            134.19        141.72        127.64         0.35        0.27        0.44         103.48         107.36         100.77          30.70         34.36         26.87          
15.40 -0.381 0.258  -0.122 0.47           0.21           0.51            98.16         108.24        97.49          0.50        0.27        0.54         68.51          47.84          70.15           29.65         60.40         27.34          
15.43 -0.388 0.271  -0.133 0.42           0.40           0.54            120.82        123.26        113.81         0.37        0.33        0.49         84.95          84.45          86.26           35.87         38.81         27.56          
15.47 -0.390 0.259  -0.150 0.34           0.50           0.61            -100.18       96.94         95.75          0.39        0.53        0.63         -60.79         69.23          72.57           -39.39        27.71         23.18          
15.50 -0.401 0.254  -0.166 0.37           0.57           0.60            -153.86       125.68        124.11         0.18        0.47        0.50         -117.15        100.24         99.67           -36.71        25.44         24.43          
15.53 -0.400 0.233  -0.175 0.64           0.28           0.70            -87.31        83.87         87.53          0.70        0.40        0.75         -66.35         45.01          68.14           -20.96        38.86         19.39          
15.57 -0.393 0.215  -0.184 0.56           0.34           0.62            -68.08        52.62         70.40          0.69        0.53        0.74         -48.53         30.79          51.97           -19.56        21.83         18.43          
15.60 -0.388 0.195  -0.200 0.62           0.51           0.78            -74.32        71.06         77.74          0.72        0.64        0.87         -54.91         49.34          61.46           -19.41        21.72         16.28          
15.63 -0.377 0.177  -0.210 0.64           0.44           0.71            -60.00        43.78         63.20          0.79        0.65        0.85         -44.15         28.23          47.96           -15.86        15.55         15.24          
15.67 -0.358 0.155  -0.226 0.86           0.74           0.99            -49.98        41.11         55.89          1.04        0.94        1.15         -39.39         31.04          45.51           -10.58        10.07         10.37          
15.70 -0.351 0.151  -0.233 0.27           0.31           0.34            -28.46        40.63         45.42          0.50        0.53        0.54         -14.74         22.61          26.23           -13.71        18.01         19.19          
15.73 -0.332 0.147  -0.235 0.57           0.56           0.57            -11.47        6.09          12.91          0.81        0.81        0.82         -7.96          4.21           8.98            -3.50         1.88          3.93           
15.77 -0.308 0.147  -0.225 0.72           0.78           0.78            1.07          -21.83        21.86          0.97        1.02        1.02         0.79           -16.59         16.60           0.27          -5.25         5.25           
15.80 -0.294 0.157  -0.235 0.50           0.50           0.57            34.78         35.28         44.76          0.72        0.72        0.77         23.29          23.67          31.56           11.50         11.61         13.19          
15.83 -0.276 0.170  -0.237 0.68           0.55           0.68            36.74         5.34          36.95          0.89        0.80        0.90         27.11          3.67           27.29           9.63          1.67          9.66           
15.87 -0.264 0.191  -0.229 0.71           0.43           0.74            58.74         -32.29        60.45          0.86        0.66        0.89         44.38          -20.57         46.34           14.36         -11.71        14.11          
15.90 -0.252 0.203  -0.219 0.53           0.47           0.61            46.18         -38.84        52.78          0.73        0.68        0.78         31.80          -25.60         38.08           14.38         -13.24        14.70          
15.93 -0.254 0.209  -0.211 0.17           0.26           0.31            111.18        -103.79       101.71         0.25        0.32        0.36         41.01          -53.93         58.39           70.16         -49.86        43.32          
15.97 -0.240 0.222  -0.199 0.57           0.55           0.67            42.30         -40.36        51.23          0.77        0.76        0.85         29.76          -28.10         38.04           12.54         -12.26        13.20          
16.00 -0.230 0.228  -0.186 0.36           0.49           0.53            32.83         -52.23        55.28          0.58        0.67        0.70         19.38          -35.13         38.19           13.45         -17.10        17.09          
16.03 -0.220 0.239  -0.168 0.44           0.60           0.69            49.84         -62.07        65.82          0.63        0.75        0.82         32.11          -44.96         49.71           17.73         -17.10        16.12          
16.07 -0.221 0.252  -0.154 0.39           0.41           0.57            91.22         -91.16        90.84          0.46        0.48        0.62         58.25          -59.65         66.96           32.97         -31.51        23.88          
16.10 -0.216 0.259  -0.144 0.26           0.34           0.41            58.06         -66.51        70.38          0.44        0.50        0.54         29.51          -39.07         44.70           28.55         -27.44        25.68          
16.13 -0.225 0.278  -0.131 0.62           0.48           0.73            115.89        -124.45       111.62         0.56        0.39        0.68         92.04          -92.89         91.67           23.85         -31.57        19.95          
16.17 -0.243 0.285  -0.125 0.58           0.57           0.61            158.24        -162.27       152.91         0.36        0.34        0.40         143.39         -149.23        136.41          14.85         -13.03        16.51          
16.20 -0.246 0.283  -0.113 0.10           0.38           0.38            -144.37       -102.02       101.89         0.18        0.41        0.41         -18.29         -65.21         65.46           -126.08       -36.82        36.43          
16.23 -0.264 0.293  -0.112 0.63           0.56           0.63            152.55        -178.80       152.53         0.42        0.31        0.42         136.65         -177.83        136.63          15.90         -0.98         15.91          
16.27 -0.283 0.300  -0.114 0.60           0.55           0.60            157.56        174.94        157.10         0.38        0.30        0.38         142.88         170.79         142.26          14.68         4.15          14.84          
16.30 -0.296 0.302  -0.116 0.39           0.40           0.40            173.81        168.86        167.33         0.14        0.16        0.16         163.06         151.04         147.72          10.75         17.81         19.60          
16.33 -0.318 0.317  -0.113 0.82           0.69           0.82            146.59        -172.28       146.05         0.63        0.44        0.63         133.90         -167.94        133.31          12.70         -4.34         12.74          
16.37 -0.328 0.333  -0.120 0.55           0.35           0.59            122.03        146.60        120.04         0.47        0.20        0.51         95.33          102.75         94.93           26.69         43.85         25.11          
16.40 -0.345 0.347  -0.115 0.66           0.53           0.68            140.54        -165.31       139.18         0.50        0.29        0.51         121.84         -152.85        120.61          18.70         -12.46        18.57          
16.43 -0.360 0.359  -0.107 0.58           0.52           0.64            140.45        -149.25       134.50         0.42        0.33        0.50         118.11         -126.56        113.43          22.34         -22.70        21.06          
16.47 -0.372 0.376  -0.094 0.64           0.52           0.74            125.44        -135.84       120.35         0.54        0.38        0.65         103.14         -108.66        100.87          22.30         -27.18        19.48          
16.50 -0.388 0.389  -0.094 0.61           0.47           0.61            140.33        -179.71       140.33         0.45        0.22        0.45         119.33         -179.39        119.33          21.00         -0.33         21.00          
16.53 -0.407 0.405  -0.095 0.73           0.56           0.73            140.28        178.59        140.27         0.56        0.31        0.56         123.69         177.45         123.68          16.59         1.14          16.59          
16.57 -0.417 0.424  -0.089 0.64           0.34           0.66            117.29        -150.48       116.35         0.57        0.17        0.60         94.48          -105.03        94.30           22.81         -45.45        22.04          
16.60 -0.443 0.431  -0.084 0.80           0.80           0.82            165.46        -168.18       161.57         0.57        0.55        0.59         159.09         -162.86        153.85          6.37          -5.32         7.72           
16.63 -0.456 0.447  -0.076 0.63           0.47           0.68            129.22        -147.92       126.01         0.51        0.29        0.57         106.86         -120.64        105.10          22.36         -27.28        20.91          
16.67 -0.467 0.452  -0.065 0.37           0.46           0.49            154.79        -136.22       133.12         0.18        0.33        0.37         118.04         -104.66        103.21          36.76         -31.56        29.91          
16.70 -0.479 0.462  -0.056 0.46           0.45           0.54            141.13        -143.07       132.22         0.31        0.29        0.41         110.82         -112.18        105.54          30.31         -30.88        26.67          
16.73 -0.487 0.445  -0.052 0.56           0.28           0.57            -117.00       -156.16       116.43         0.50        0.11        0.51         -90.64         -92.82         90.62           -26.36        -63.34        25.81          
16.77 -0.486 0.434  -0.042 0.33           0.29           0.44            -81.01        -79.87        83.24          0.45        0.42        0.53         -47.34         -43.86         55.40           -33.67        -36.01        27.85          
16.80 -0.488 0.401  -0.035 1.00           0.24           1.03            -94.27        -108.46       94.17          1.02        0.28        1.04         -80.05         -51.90         80.29           -14.22        -56.56        13.88          
16.83 -0.478 0.380  -0.044 0.69           0.41           0.75            -64.73        43.66         66.71          0.83        0.62        0.88         -48.96         27.36          51.56           -15.77        16.30         15.15          
16.87 -0.465 0.355  -0.063 0.85           0.68           1.01            -62.51        54.59         67.22          0.99        0.85        1.13         -49.55         40.64          55.47           -12.96        13.95         11.75          
16.90 -0.454 0.330  -0.071 0.81           0.43           0.85            -64.83        37.15         66.12          0.95        0.65        0.98         -50.99         23.72          52.65           -13.85        13.43         13.48          
16.93 -0.437 0.309  -0.092 0.81           0.79           1.02            -51.33        50.06         59.95          0.99        0.97        1.16         -39.96         38.69          49.21           -11.37        11.37         10.74          
16.97 -0.416 0.283  -0.118 1.00           0.99           1.26            -51.52        51.40         60.61          1.17        1.17        1.40         -41.87         41.75          51.67           -9.65         9.65          8.94           
17.00 -0.402 0.265  -0.154 0.70           1.18           1.31            -52.39        68.78         70.88          0.88        1.30        1.41         -39.35         58.42          61.24           -13.05        10.36         9.64           
17.03 -0.380 0.245  -0.196 0.90           1.41           1.53            -41.87        61.65         64.09          1.10        1.54        1.65         -33.12         53.45          56.28           -8.75         8.20          7.81           
17.07 -0.369 0.240  -0.223 0.35           0.88           0.89            -23.10        68.53         68.80          0.59        1.00        1.01         -13.50         55.05          55.43           -9.60         13.48         13.37          
17.10 -0.363 0.241  -0.249 0.18           0.79           0.79            9.51          77.21         77.21          0.43        0.88        0.88         3.95           61.12          61.14           5.56          16.08         16.07          
17.13 -0.358 0.242  -0.261 0.17           0.40           0.40            12.51         65.61         65.72          0.42        0.55        0.55         5.05           41.29          41.43           7.46          24.32         24.28          
17.17 -0.347 0.259  -0.265 0.61           0.35           0.62            57.72         22.70         58.59          0.77        0.59        0.78         41.83          13.31          42.79           15.89         9.40          15.79          
17.20 -0.334 0.279  -0.268 0.69           0.37           0.70            57.95         10.70         58.13          0.85        0.62        0.86         43.57          6.42           43.77           14.38         4.28          14.36          
17.23 -0.325 0.290  -0.255 0.43           0.48           0.58            49.54         -54.10        61.11          0.62        0.66        0.73         31.77          -36.11         43.74           17.77         -17.99        17.37          
17.27 -0.318 0.297  -0.238 0.30           0.54           0.57            42.19         -65.80        67.40          0.51        0.68        0.71         23.03          -46.22         48.41           19.15         -19.57        18.99          
17.30 -0.302 0.288  -0.209 0.53           0.99           1.02            -29.99        -62.30        63.33          0.76        1.12        1.15         -20.47         -50.94         52.17           -9.52         -11.36        11.16          
17.33 -0.297 0.288  -0.188 0.18           0.66           0.66            -0.51         -74.33        74.33          0.43        0.76        0.76         -0.21          -55.97         55.97           -0.30         -18.36        18.36          
17.37 -0.284 0.272  -0.175 0.60           0.55           0.72            -49.59        -44.49        56.85          0.79        0.75        0.88         -35.62         -30.93         43.04           -13.97        -13.56        13.81          
17.40 -0.283 0.258  -0.154 0.42           0.63           0.76            -88.87        -89.25        89.38          0.49        0.68        0.80         -58.27         -67.82         71.21           -30.60        -21.43        18.17          
17.43 -0.265 0.254  -0.129 0.57           0.94           0.95            -13.75        -53.54        53.98          0.82        1.10        1.11         -9.58          -43.04         43.50           -4.17         -10.51        10.49          
17.47 -0.255 0.253  -0.119 0.29           0.43           0.43            -4.57         -47.89        47.96          0.54        0.63        0.63         -2.46          -30.72         30.79           -2.11         -17.16        17.17          
17.50 -0.246 0.262  -0.112 0.39           0.33           0.43            45.44         -34.18        50.69          0.59        0.56        0.62         27.94          -19.53         32.54           17.49         -14.65        18.15          
17.53 -0.237 0.269  -0.112 0.32           0.25           0.32            36.23         1.13          36.24          0.54        0.50        0.54         20.29          0.57           20.30           15.94         0.56          15.95          
17.57 -0.235 0.285  -0.115 0.51           0.10           0.51            81.62         39.70         81.68          0.60        0.33        0.60         57.28          10.78          57.48           24.33         28.92         24.20          
17.60 -0.222 0.288  -0.102 0.39           0.55           0.55            11.24         -45.34        45.88          0.64        0.74        0.75         6.86           -31.50         31.99           4.38          -13.84        13.90          
17.63 -0.205 0.291  -0.110 0.53           0.58           0.59            9.59          27.15         28.37          0.77        0.81        0.82         6.50           19.09          20.02           3.09          8.06          8.35           
17.67 -0.202 0.290  -0.126 0.10           0.47           0.47            -8.47         78.07         78.08          0.35        0.57        0.57         -2.37          52.77          52.78           -6.10         25.30         25.29          
17.70 -0.200 0.287  -0.145 0.12           0.59           0.60            -56.38        83.69         83.77          0.33        0.67        0.67         -17.21         61.77          62.09           -39.16        21.92         21.68          
17.73 -0.178 0.266  -0.156 0.90           0.72           0.95            -44.26        26.33         47.54          1.09        0.95        1.13         -35.04         19.60          38.18           -9.22         6.73          9.36           
17.77 -0.170 0.262  -0.173 0.29           0.59           0.60            -27.44        64.02         64.71          0.52        0.73        0.74         -14.74         46.11          47.00           -12.70        17.90         17.71          
17.80 -0.158 0.263  -0.195 0.34           0.73           0.73            3.29          62.29         62.30          0.59        0.87        0.87         1.89           47.60          47.61           1.40          14.70         14.69          
17.83 -0.150 0.266  -0.219 0.26           0.76           0.77            24.44         72.05         72.23          0.50        0.87        0.88         12.39          56.17          56.45           12.05         15.88         15.78          
17.87 -0.139 0.261  -0.235 0.37           0.60           0.62            -22.27        55.06         56.11          0.61        0.77        0.79         -13.36         39.70          40.81           -8.91         15.36         15.30          
17.90 -0.130 0.262  -0.254 0.26           0.62           0.62            6.47          65.28         65.31          0.51        0.76        0.76         3.31           47.96          48.00           3.16          17.32         17.32          
17.93 -0.117 0.263  -0.272 0.39           0.65           0.65            3.00          53.36         53.38          0.64        0.83        0.83         1.83           39.32          39.34           1.17          14.05         14.05          
17.97 -0.115 0.278  -0.280 0.46           0.25           0.52            81.04         73.60         82.08          0.55        0.40        0.60         54.53          36.96          57.87           26.50         36.64         24.21          
18.00 -0.100 0.287  -0.281 0.52           0.46           0.52            29.31         5.82          29.71          0.75        0.71        0.75         19.91          3.76           20.21           9.40          2.06          9.50           
18.03 -0.093 0.291  -0.283 0.23           0.19           0.23            34.78         11.06         35.81          0.46        0.44        0.46         16.70          4.82           17.31           18.09         6.24          18.51          
18.07 -0.089 0.291  -0.274 0.15           0.30           0.30            -3.87         -61.02        61.03          0.40        0.47        0.47         -1.43          -33.59         33.61           -2.44         -27.43        27.43          
18.10 -0.089 0.293  -0.265 0.09           0.25           0.26            106.10        -95.42        95.15          0.24        0.34        0.35         19.97          -47.89         49.34           86.14         -47.53        45.81          
18.13 -0.083 0.296  -0.260 0.20           0.26           0.26            18.86         -42.84        44.66          0.44        0.47        0.47         8.32           -21.65         22.93           10.54         -21.19        21.73          
18.17 -0.083 0.293  -0.245 0.07           0.43           0.44            -77.53        -87.87        87.90          0.28        0.51        0.51         -15.23         -58.28         58.64           -62.30        -29.59        29.26          
18.20 -0.070 0.279  -0.233 0.58           0.53           0.68            -47.62        -42.08        54.85          0.77        0.74        0.85         -33.83         -28.91         40.97           -13.79        -13.17        13.88          
18.23 -0.066 0.271  -0.224 0.25           0.31           0.38            -65.31        -70.38        74.27          0.42        0.46        0.51         -32.50         -39.41         46.12           -32.81        -30.97        28.15          
18.27 -0.060 0.263  -0.214 0.31           0.34           0.42            -55.22        -58.24        65.19          0.50        0.51        0.57         -30.84         -33.81         41.89           -24.38        -24.43        23.30          
18.30 -0.061 0.268  -0.215 0.15           0.04           0.15            97.89         119.41        97.66          0.27        0.23        0.27         32.54          8.91           33.31           65.35         110.49        64.36          
