time  x      y      z      groundspeedxy  groundspeedxz  groundspeedxyz  trackanglexy  trackanglexz  trackanglexyz  airspeedxy  airspeedxz  airspeedxyz  courseanglexy  courseanglexz  courseanglexyz  driftanglexy  driftanglexz  driftanglexyz  
0.00  -1.174 0.507  -0.350 
0.03  -1.168 0.511  -0.366 0.22           0.53           0.54            28.79         68.55         68.99          0.46        0.66        0.67         13.45          47.94          48.59           15.33         20.61         20.41          
0.07  -1.149 0.507  -0.388 0.56           0.87           0.87            -9.71         50.52         50.79          0.81        1.04        1.05         -6.71          39.85          40.13           -3.00         10.66         10.66          
0.10  -1.143 0.502  -0.407 0.27           0.59           0.62            -39.08        69.49         70.31          0.49        0.72        0.74         -20.22         50.47          51.71           -18.87        19.02         18.60          
0.13  -1.118 0.498  -0.428 0.73           0.96           0.96            -8.90         40.87         41.33          0.98        1.16        1.16         -6.64          32.74          33.16           -2.26         8.13          8.17           
0.17  -1.113 0.484  -0.453 0.46           0.77           0.88            -68.79        77.56         79.15          0.59        0.86        0.96         -45.71         61.00          64.27           -23.08        16.57         14.88          
0.20  -1.097 0.484  -0.478 0.49           0.89           0.89            1.34          56.93         56.93          0.74        1.05        1.05         0.88           45.38          45.38           0.46          11.55         11.55          
0.23  -1.104 0.479  -0.491 0.27           0.46           0.48            -145.29       118.62        117.04         0.15        0.40        0.43         -78.36         85.55          85.83           -66.92        33.08         31.21          
0.27  -1.081 0.474  -0.516 0.71           1.03           1.05            -13.41        47.73         48.38          0.96        1.21        1.23         -9.94          38.97          39.61           -3.47         8.76          8.77           
0.30  -1.071 0.469  -0.539 0.33           0.75           0.76            -23.74        65.93         66.33          0.57        0.88        0.89         -13.57         50.87          51.40           -10.16        15.06         14.93          
0.33  -1.064 0.465  -0.558 0.25           0.60           0.61            -33.30        69.83         70.35          0.48        0.72        0.73         -16.51         50.85          51.65           -16.79        18.97         18.70          
0.37  -1.050 0.475  -0.576 0.51           0.69           0.76            37.38         53.90         57.50          0.73        0.86        0.92         25.34          40.36          44.21           12.04         13.54         13.29          
0.40  -1.044 0.480  -0.590 0.24           0.46           0.48            39.61         65.66         67.04          0.47        0.61        0.62         19.59          43.55          45.43           20.03         22.11         21.62          
0.43  -1.040 0.485  -0.603 0.20           0.40           0.43            47.96         70.63         71.86          0.41        0.54        0.56         21.04          44.61          46.63           26.92         26.02         25.23          
0.47  -1.034 0.494  -0.613 0.31           0.33           0.42            58.76         61.69         68.06          0.48        0.50        0.57         32.61          35.77          43.94           26.15         25.92         24.13          
0.50  -1.014 0.501  -0.626 0.65           0.75           0.78            18.25         33.75         36.69          0.90        0.97        0.99         13.23          25.48          27.99           5.02          8.27          8.70           
0.53  -1.009 0.502  -0.633 0.13           0.23           0.23            13.79         56.53         56.87          0.38        0.42        0.42         4.71           26.91          27.21           9.08          29.62         29.66          
0.57  -1.013 0.508  -0.627 0.20           0.20           0.26            120.69        -121.82       113.21         0.23        0.22        0.28         50.29          -49.03         59.03           70.40         -72.78        54.18          
0.60  -1.009 0.510  -0.629 0.15           0.13           0.15            35.79         22.10         39.61          0.38        0.37        0.38         13.09          7.46           14.94           22.71         14.64         24.67          
0.63  -1.008 0.511  -0.629 0.03           0.02           0.03            56.82         18.11         57.40          0.27        0.27        0.27         5.72           1.23           5.85            51.10         16.88         51.55          
0.67  -1.007 0.508  -0.628 0.12           0.05           0.13            -76.48        -57.50        77.32          0.30        0.28        0.30         -22.60         -8.93          23.99           -53.88        -48.57        53.33          
0.70  -0.989 0.507  -0.627 0.55           0.55           0.55            -1.60         -0.91         1.84           0.80        0.80        0.80         -1.09          -0.63          1.26            -0.50         -0.29         0.58           
0.73  -0.985 0.506  -0.618 0.14           0.31           0.32            -16.36        -64.20        64.42          0.39        0.48        0.48         -5.93          -36.20         36.47           -10.43        -28.00        27.95          
0.77  -0.970 0.504  -0.611 0.45           0.49           0.49            -5.15         -24.80        25.21          0.69        0.72        0.72         -3.30          -16.47         16.76           -1.85         -8.33         8.45           
0.80  -0.970 0.499  -0.604 0.15           0.22           0.27            -94.40        -92.92        92.44          0.28        0.33        0.36         -31.76         -43.04         48.25           -62.64        -49.88        44.19          
0.83  -0.963 0.499  -0.587 0.23           0.55           0.55            -0.39         -64.97        64.97          0.48        0.69        0.69         -0.19          -45.88         45.88           -0.20         -19.09        19.09          
0.87  -0.960 0.503  -0.572 0.14           0.45           0.46            49.09         -78.57        78.86          0.35        0.56        0.56         16.84          -52.39         53.12           32.24         -26.18        25.74          
0.90  -0.957 0.494  -0.555 0.27           0.52           0.58            -72.14        -80.81        81.77          0.42        0.62        0.67         -37.88         -57.16         60.02           -34.26        -23.65        21.75          
0.93  -0.950 0.488  -0.535 0.27           0.62           0.65            -46.24        -72.50        73.33          0.48        0.74        0.76         -24.13         -53.68         55.08           -22.11        -18.82        18.25          
0.97  -0.952 0.482  -0.512 0.17           0.71           0.73            -108.90       -94.56        94.44          0.25        0.74        0.75         -40.53         -74.75         75.13           -68.37        -19.81        19.31          
1.00  -0.939 0.478  -0.494 0.41           0.65           0.66            -15.58        -52.94        53.54          0.65        0.82        0.83         -9.66          -38.95         39.55           -5.92         -14.00        13.98          
1.03  -0.934 0.477  -0.480 0.17           0.46           0.47            -19.86        -70.15        70.30          0.41        0.60        0.60         -7.94          -46.93         47.17           -11.92        -23.21        23.13          
1.07  -0.936 0.467  -0.465 0.30           0.44           0.53            -100.90       -97.31        96.09          0.35        0.48        0.56         -56.59         -66.28         69.91           -44.30        -31.04        26.18          
1.10  -0.940 0.468  -0.443 0.13           0.67           0.67            161.12        -100.25       100.23         0.14        0.67        0.67         17.11          -78.64         78.66           144.01        -21.61        21.57          
1.13  -0.946 0.462  -0.425 0.28           0.57           0.60            -135.46       -110.13       109.02         0.20        0.54        0.57         -74.44         -84.27         84.60           -61.03        -25.86        24.42          
1.17  -0.950 0.448  -0.414 0.42           0.37           0.55            -103.76       -105.79       100.49         0.44        0.38        0.56         -69.87         -67.06         74.51           -33.89        -38.73        25.97          
1.20  -0.947 0.446  -0.397 0.10           0.51           0.52            -30.44        -80.20        80.25          0.34        0.61        0.61         -8.67          -56.36         56.50           -21.77        -23.84        23.75          
1.23  -0.941 0.441  -0.383 0.25           0.46           0.48            -41.23        -65.90        67.39          0.47        0.60        0.62         -20.51         -43.65         45.70           -20.73        -22.25        21.69          
1.27  -0.927 0.441  -0.361 0.41           0.78           0.78            -1.64         -58.07        58.07          0.66        0.94        0.94         -1.02          -45.01         45.01           -0.62         -13.06        13.06          
1.30  -0.930 0.441  -0.347 0.10           0.43           0.43            169.87        -103.20       103.19         0.15        0.44        0.44         6.49           -69.77         69.79           163.39        -33.43        33.41          
1.33  -0.922 0.446  -0.331 0.28           0.53           0.55            32.36         -63.16        64.27          0.51        0.68        0.70         17.23          -44.03         45.43           15.14         -19.13        18.84          
1.37  -0.922 0.445  -0.314 0.04           0.50           0.50            -80.27        -89.23        89.23          0.26        0.56        0.56         -8.68          -62.88         62.95           -71.59        -26.35        26.28          
1.40  -0.909 0.448  -0.292 0.39           0.78           0.78            13.53         -60.51        60.74          0.64        0.93        0.93         8.28           -46.94         47.20           5.24          -13.57        13.53          
1.43  -0.903 0.451  -0.280 0.20           0.40           0.42            31.02         -64.97        65.79          0.43        0.56        0.57         13.74          -41.04         42.12           17.28         -23.93        23.67          
1.47  -0.901 0.448  -0.268 0.14           0.35           0.37            -50.87        -75.69        76.32          0.35        0.48        0.49         -17.68         -45.47         46.81           -33.19        -30.22        29.51          
1.50  -0.891 0.447  -0.252 0.29           0.57           0.57            -2.82         -60.13        60.14          0.54        0.73        0.73         -1.50          -42.84         42.85           -1.32         -17.29        17.29          
1.53  -0.880 0.441  -0.243 0.37           0.41           0.45            -30.19        -38.48        44.57          0.60        0.62        0.65         -18.07         -24.03         28.92           -12.12        -14.45        15.65          
1.57  -0.872 0.426  -0.224 0.52           0.62           0.77            -61.34        -66.38        71.15          0.67        0.75        0.88         -42.31         -48.69         55.54           -19.03        -17.69        15.61          
1.60  -0.855 0.430  -0.224 0.53           0.51           0.53            14.28         0.43          14.29          0.77        0.76        0.77         9.69           0.29           9.69            4.59          0.14          4.59           
1.63  -0.852 0.417  -0.216 0.42           0.28           0.49            -75.55        -68.08        77.76          0.54        0.44        0.60         -48.82         -36.20         53.62           -26.74        -31.88        24.14          
1.67  -0.835 0.408  -0.219 0.56           0.50           0.57            -29.10        11.61         30.68          0.79        0.75        0.80         -20.28         7.77           21.50           -8.82         3.85          9.18           
1.70  -0.821 0.406  -0.224 0.42           0.44           0.44            -5.87         18.16         18.97          0.67        0.68        0.68         -3.68          11.61          12.15           -2.18         6.55          6.82           
1.73  -0.809 0.401  -0.229 0.40           0.41           0.43            -22.88        23.16         31.00          0.64        0.64        0.66         -14.18         14.36          19.78           -8.70         8.80          11.22          
1.77  -0.803 0.392  -0.246 0.30           0.52           0.58            -57.93        72.08         73.97          0.48        0.64        0.69         -31.93         50.37          53.65           -26.00        21.71         20.32          
1.80  -0.795 0.399  -0.257 0.32           0.43           0.47            37.51         53.91         57.54          0.54        0.61        0.64         21.02          34.48          38.21           16.49         19.43         19.33          
1.83  -0.788 0.405  -0.273 0.30           0.53           0.56            41.20         64.58         66.31          0.52        0.67        0.70         22.57          44.97          47.26           18.63         19.61         19.05          
1.87  -0.788 0.407  -0.297 0.05           0.74           0.74            121.61        92.07         92.07          0.23        0.77        0.77         10.93          73.09          73.12           110.68        18.98         18.95          
1.90  -0.781 0.406  -0.316 0.23           0.61           0.62            -9.13         68.61         68.65          0.48        0.74        0.74         -4.34          50.35          50.41           -4.79         18.26         18.24          
1.93  -0.788 0.406  -0.339 0.20           0.71           0.71            178.11        106.48        106.48         0.05        0.68        0.68         7.88           85.96          85.96           170.23        20.52         20.52          
1.97  -0.802 0.405  -0.355 0.44           0.65           0.65            -177.27       132.17        132.15         0.19        0.52        0.52         -173.64        111.21         111.19          -3.63         20.97         20.96          
2.00  -0.811 0.412  -0.365 0.33           0.39           0.43            143.89        133.11        127.71         0.19        0.28        0.34         94.55          93.11          92.57           49.34         40.00         35.14          
2.03  -0.823 0.414  -0.400 0.36           1.11           1.11            171.17        108.88        108.85         0.12        1.05        1.05         152.75         95.89          95.88           18.42         12.99         12.97          
2.07  -0.841 0.426  -0.415 0.66           0.71           0.80            144.94        139.62        132.21         0.48        0.54        0.66         127.41         122.26         115.96          17.52         17.36         16.24          
2.10  -0.854 0.427  -0.428 0.39           0.55           0.55            176.11        135.98        135.91         0.14        0.41        0.41         169.38         110.59         110.54          6.72          25.39         25.37          
2.13  -0.867 0.430  -0.444 0.39           0.62           0.63            167.97        127.45        127.09         0.15        0.51        0.52         147.86         104.56         104.38          20.11         22.89         22.71          
2.17  -0.885 0.438  -0.455 0.61           0.64           0.69            155.21        149.77        143.36         0.40        0.44        0.51         139.90         133.27         126.41          15.31         16.50         16.95          
2.20  -0.905 0.443  -0.471 0.60           0.76           0.77            167.63        139.59        138.68         0.36        0.60        0.61         158.97         123.82         122.98          8.66          15.77         15.71          
2.23  -0.920 0.453  -0.490 0.56           0.74           0.80            146.82        129.36        125.86         0.38        0.61        0.68         125.51         110.94         108.64          21.31         18.42         17.22          
2.27  -0.923 0.456  -0.505 0.14           0.46           0.47            130.05        101.63        101.30         0.19        0.47        0.49         34.78          70.59          71.10           95.27         31.04         30.20          
2.30  -0.946 0.459  -0.516 0.70           0.76           0.77            173.06        156.03        155.26         0.45        0.54        0.55         169.25         145.24         144.26          3.82          10.80         10.99          
2.33  -0.956 0.466  -0.523 0.34           0.35           0.40            145.76        143.07        134.60         0.19        0.21        0.28         98.60          97.80          95.80           47.16         45.27         38.80          
2.37  -0.954 0.476  -0.529 0.32           0.20           0.38            82.58         78.10         83.68          0.43        0.35        0.47         47.48          33.98          52.04           35.11         44.12         31.64          
2.40  -0.949 0.483  -0.531 0.27           0.17           0.27            51.84         15.26         52.47          0.46        0.42        0.47         26.79          6.18           27.31           25.05         9.08          25.15          
2.43  -0.938 0.490  -0.540 0.38           0.44           0.48            32.01         42.66         48.08          0.60        0.64        0.67         19.35          27.37          32.03           12.66         15.30         16.05          
2.47  -0.938 0.500  -0.537 0.30           0.12           0.32            87.32         -82.99        87.50          0.40        0.29        0.42         48.66          -23.39         50.57           38.66         -59.60        36.93          
2.50  -0.934 0.504  -0.533 0.18           0.17           0.22            46.13         -43.45        54.60          0.40        0.39        0.41         19.16          -17.56         25.18           26.96         -25.89        29.42          
2.53  -0.941 0.504  -0.525 0.23           0.33           0.33            -175.60       -133.86       133.78         0.03        0.24        0.24         -41.79         -85.26         85.28           -133.81       -48.59        48.50          
2.57  -0.939 0.503  -0.524 0.08           0.08           0.08            -17.96        -7.35         19.23          0.33        0.33        0.33         -4.28          -1.71          4.61            -13.68        -5.64         14.62          
2.60  -0.938 0.499  -0.517 0.11           0.22           0.25            -72.18        -80.95        81.88          0.30        0.36        0.38         -20.86         -37.56         40.64           -51.32        -43.39        41.24          
2.63  -0.935 0.488  -0.508 0.34           0.27           0.43            -77.89        -74.98        80.49          0.46        0.42        0.53         -45.86         -39.49         52.84           -32.03        -35.49        27.64          
2.67  -0.937 0.480  -0.501 0.26           0.22           0.33            -103.89       -106.67       100.79         0.31        0.28        0.38         -53.21         -47.85         60.04           -50.68        -58.82        40.76          
2.70  -0.929 0.470  -0.498 0.38           0.27           0.39            -48.82        -22.68        50.60          0.57        0.51        0.58         -29.67         -11.76         31.24           -19.15        -10.92        19.36          
2.73  -0.926 0.467  -0.487 0.12           0.35           0.36            -49.70        -76.80        77.27          0.34        0.47        0.48         -15.86         -45.77         46.82           -33.85        -31.03        30.44          
2.77  -0.926 0.460  -0.471 0.21           0.48           0.53            -85.98        -88.26        88.40          0.34        0.55        0.59         -38.34         -61.33         63.35           -47.64        -26.93        25.06          
2.80  -0.939 0.451  -0.456 0.48           0.58           0.64            -145.90       -132.96       128.23         0.31        0.45        0.53         -118.71        -109.05        106.28          -27.20        -23.92        21.95          
2.83  -0.948 0.440  -0.440 0.41           0.56           0.65            -128.48       -117.52       113.55         0.32        0.49        0.59         -91.36         -90.89         90.75           -37.12        -26.63        22.80          
2.87  -0.949 0.435  -0.415 0.15           0.75           0.76            -99.90        -92.02        91.98          0.27        0.78        0.79         -34.04         -73.35         73.66           -65.87        -18.67        18.32          
2.90  -0.954 0.433  -0.392 0.17           0.70           0.70            -155.99       -102.94       102.87         0.12        0.69        0.69         -36.80         -82.21         82.25           -119.18       -20.73        20.62          
2.93  -0.957 0.430  -0.374 0.14           0.57           0.57            -142.89       -101.11       100.99         0.16        0.58        0.58         -30.55         -75.87         76.02           -112.34       -25.23        24.97          
2.97  -0.959 0.420  -0.356 0.30           0.53           0.61            -97.40        -94.25        93.69          0.37        0.57        0.64         -54.87         -68.07         70.74           -42.54        -26.18        22.95          
3.00  -0.950 0.418  -0.338 0.27           0.59           0.59            -13.81        -64.01        64.17          0.51        0.73        0.74         -7.12          -46.17         46.37           -6.69         -17.84        17.79          
3.03  -0.947 0.415  -0.316 0.14           0.67           0.67            -46.53        -81.86        81.95          0.36        0.74        0.75         -16.14         -62.45         62.72           -30.39        -19.40        19.23          
3.07  -0.945 0.424  -0.295 0.28           0.64           0.69            77.65         -84.53        84.98          0.42        0.70        0.76         41.71          -63.86         65.79           35.94         -20.67        19.20          
3.10  -0.941 0.417  -0.274 0.24           0.65           0.68            -61.78        -80.01        80.50          0.42        0.73        0.76         -30.02         -60.41         61.65           -31.76        -19.60        18.85          
3.13  -0.938 0.414  -0.260 0.14           0.44           0.45            -48.16        -77.59        77.94          0.36        0.55        0.56         -17.10         -51.38         52.19           -31.06        -26.21        25.74          
3.17  -0.939 0.418  -0.241 0.13           0.55           0.57            105.66        -93.62        93.53          0.25        0.59        0.61         30.06          -68.71         69.18           75.59         -24.91        24.35          
3.20  -0.936 0.421  -0.228 0.15           0.41           0.43            43.91         -74.43        74.94          0.38        0.54        0.55         16.52          -47.87         48.86           27.39         -26.56        26.08          
3.23  -0.931 0.425  -0.222 0.16           0.21           0.23            39.47         -53.47        57.69          0.39        0.41        0.42         15.19          -23.99         27.54           24.28         -29.47        30.15          
3.27  -0.926 0.441  -0.199 0.50           0.71           0.85            72.22         -77.48        79.65          0.63        0.80        0.93         49.84          -59.70         64.34           22.38         -17.78        15.31          
3.30  -0.927 0.453  -0.187 0.39           0.37           0.53            91.77         -91.86        91.29          0.45        0.44        0.58         58.37          -57.09         65.95           33.41         -34.77        25.33          
3.33  -0.918 0.460  -0.181 0.33           0.33           0.39            36.27         -35.57        45.70          0.56        0.55        0.59         20.85          -20.37         28.01           15.42         -15.21        17.69          
3.37  -0.900 0.470  -0.171 0.60           0.60           0.67            29.86         -29.86        39.07          0.83        0.83        0.88         21.20          -21.20         28.74           8.66          -8.66         10.33          
3.40  -0.885 0.469  -0.166 0.46           0.48           0.48            -3.46         -16.71        17.03          0.71        0.73        0.73         -2.25          -11.04         11.25           -1.21         -5.68         5.78           
3.43  -0.880 0.472  -0.173 0.18           0.26           0.28            32.63         54.94         57.37          0.41        0.45        0.46         13.43          27.98          30.22           19.20         26.95         27.15          
3.47  -0.864 0.475  -0.187 0.49           0.65           0.66            8.34          41.28         41.67          0.74        0.86        0.86         5.54           30.16          30.50           2.80          11.12         11.17          
3.50  -0.850 0.474  -0.198 0.41           0.52           0.52            -4.26         37.12         37.25          0.66        0.73        0.73         -2.65          25.21          25.31           -1.61         11.91         11.94          
3.53  -0.838 0.474  -0.211 0.36           0.54           0.54            3.97          48.48         48.54          0.61        0.73        0.73         2.33           33.53          33.58           1.64          14.95         14.96          
3.57  -0.817 0.471  -0.224 0.64           0.74           0.74            -9.65         31.04         32.02          0.89        0.96        0.96         -6.94          23.31          24.12           -2.71         7.73          7.90           
3.60  -0.814 0.466  -0.233 0.17           0.28           0.31            -52.68        69.35         71.33          0.37        0.44        0.46         -20.58         37.22          40.27           -32.10        32.13         31.06          
3.63  -0.806 0.464  -0.247 0.24           0.49           0.49            -20.43        63.01         63.42          0.48        0.64        0.64         -9.90          42.63          43.14           -10.52        20.38         20.28          
3.67  -0.786 0.454  -0.249 0.68           0.62           0.68            -24.81        5.49          25.28          0.91        0.87        0.91         -18.20         3.91           18.56           -6.62         1.58          6.72           
3.70  -0.775 0.453  -0.252 0.33           0.34           0.34            -4.02         14.38         14.89          0.58        0.58        0.58         -2.28          8.25           8.55            -1.74         6.13          6.34           
3.73  -0.766 0.449  -0.251 0.32           0.28           0.32            -25.98        -4.56         26.28          0.55        0.53        0.55         -14.52         -2.43          14.70           -11.46        -2.13         11.58          
3.77  -0.761 0.474  -0.258 0.77           0.23           0.79            80.01         54.93         80.31          0.85        0.43        0.87         63.16          26.37          63.86           16.85         28.57         16.45          
3.80  -0.761 0.468  -0.248 0.17           0.29           0.34            -84.93        -86.93        87.37          0.32        0.39        0.43         -33.20         -47.29         51.68           -51.72        -39.64        35.69          
3.83  -0.762 0.477  -0.233 0.25           0.46           0.52            96.09         -93.27        92.88          0.33        0.51        0.57         47.84          -64.13         66.86           48.25         -29.14        26.03          
3.87  -0.766 0.485  -0.222 0.29           0.35           0.43            120.33        -114.56       109.80         0.27        0.33        0.41         66.88          -71.56         75.28           53.45         -42.99        34.53          
3.90  -0.775 0.500  -0.207 0.52           0.52           0.68            121.31        -121.09       113.18         0.44        0.44        0.63         92.32          -92.30         91.63           29.00         -28.79        21.55          
3.93  -0.780 0.492  -0.197 0.26           0.34           0.41            -119.97       -112.00       108.31         0.25        0.34        0.41         -61.61         -69.26         72.77           -58.36        -42.74        35.54          
3.97  -0.794 0.491  -0.188 0.42           0.49           0.49            -176.14       -149.33       149.16         0.17        0.30        0.30         -170.58        -124.44        124.27          -5.56         -24.89        24.90          
4.00  -0.803 0.490  -0.187 0.29           0.28           0.29            -172.53       -173.91       170.41         0.05        0.04        0.06         -131.45        -137.31        124.40          -41.09        -36.59        46.01          
4.03  -0.810 0.496  -0.176 0.28           0.40           0.44            138.79        -122.33       118.97         0.19        0.34        0.39         78.91          -83.80         84.57           59.88         -38.53        34.40          
4.07  -0.812 0.488  -0.174 0.24           0.09           0.25            -103.78       -127.72       103.15         0.30        0.21        0.31         -49.66         -20.47         51.01           -54.11        -107.25       52.14          
4.10  -0.820 0.486  -0.168 0.26           0.30           0.31            -162.08       -146.04       143.24         0.08        0.17        0.18         -88.17         -89.12         89.21           -73.91        -56.92        54.03          
4.13  -0.822 0.480  -0.156 0.18           0.35           0.39            -109.48       -99.79        98.81          0.25        0.40        0.43         -41.81         -61.40         63.89           -67.67        -38.39        34.92          
4.17  -0.830 0.473  -0.148 0.30           0.33           0.39            -136.49       -131.25       123.98         0.21        0.25        0.32         -80.83         -82.35         84.10           -55.66        -48.91        39.88          
4.20  -0.836 0.464  -0.139 0.34           0.35           0.44            -126.42       -124.74       116.81         0.28        0.29        0.40         -79.61         -80.23         82.85           -46.81        -44.51        33.96          
4.23  -0.848 0.467  -0.124 0.38           0.58           0.59            166.10        -129.37       128.81         0.15        0.46        0.47         142.16         -104.66        104.38          23.93         -24.72        24.43          
4.27  -0.854 0.464  -0.114 0.18           0.34           0.35            -150.41       -117.96       116.94         0.13        0.31        0.33         -44.53         -72.97         73.65           -105.88       -44.99        43.29          
4.30  -0.863 0.463  -0.099 0.29           0.54           0.54            -172.59       -122.09       122.00         0.05        0.46        0.46         -133.37        -94.40         94.39           -39.22        -27.68        27.61          
4.33  -0.867 0.460  -0.084 0.13           0.45           0.46            -141.80       -103.41       103.19         0.17        0.47        0.47         -29.83         -71.88         72.17           -111.97       -31.53        31.01          
4.37  -0.879 0.460  -0.071 0.36           0.53           0.53            -176.53       -133.42       133.37         0.11        0.40        0.40         -168.90        -106.32        106.29          -7.62         -27.10        27.08          
4.40  -0.891 0.472  -0.054 0.52           0.63           0.73            135.27        -126.09       120.58         0.38        0.52        0.64         108.04         -103.23        100.79          27.23         -22.86        19.79          
4.43  -0.901 0.478  -0.046 0.34           0.38           0.42            146.33        -139.34       132.61         0.19        0.25        0.31         100.82         -98.44         96.68           45.50         -40.90        35.93          
4.47  -0.919 0.483  -0.041 0.57           0.57           0.59            164.67        -164.67       158.81         0.34        0.34        0.37         153.31         -153.30        144.58          11.36         -11.36        14.22          
4.50  -0.933 0.493  -0.029 0.52           0.54           0.63            143.84        -140.67       132.33         0.35        0.39        0.49         119.07         -116.37        110.30          24.77         -24.30        22.02          
4.53  -0.947 0.505  -0.026 0.54           0.42           0.55            138.38        -165.58       137.24         0.39        0.19        0.41         113.33         -146.13        112.50          25.05         -19.45        24.73          
4.57  -0.953 0.520  -0.018 0.47           0.30           0.52            114.39        -130.03       111.75         0.43        0.24        0.49         82.44          -76.18         83.34           31.95         -53.84        28.41          
4.60  -0.968 0.538  -0.015 0.72           0.46           0.73            128.71        -169.29       128.39         0.60        0.22        0.60         109.67         -157.03        109.46          19.04         -12.26        18.93          
4.63  -0.978 0.567  -0.009 0.90           0.35           0.92            109.39        -147.32       108.95         0.85        0.20        0.87         93.24          -104.07        93.16           16.15         -43.25        15.79          
4.67  -0.989 0.576  -0.005 0.43           0.35           0.45            137.92        -158.33       135.39         0.30        0.15        0.33         103.85         -119.27        102.72          34.06         -39.06        32.67          
4.70  -0.994 0.602  -0.007 0.79           0.16           0.80            100.63        158.62        100.60         0.79        0.12        0.79         82.43          28.93          82.45           18.21         129.68        18.16          
4.73  -1.001 0.625  -0.008 0.72           0.22           0.72            107.35        171.41        107.33         0.69        0.05        0.69         87.01          42.12          87.01           20.34         129.29        20.32          
4.77  -1.002 0.640  -0.010 0.45           0.06           0.46            93.63         118.68        93.61          0.50        0.23        0.51         63.88          13.31          64.03           29.75         105.36        29.57          
4.80  -1.005 0.656  -0.017 0.50           0.23           0.54            100.31        112.50        99.46          0.51        0.27        0.56         71.72          53.05          73.17           28.59         59.45         26.28          
4.83  -1.007 0.679  -0.031 0.68           0.44           0.81            94.90         97.58         94.13          0.70        0.48        0.83         74.14          66.22          76.57           20.77         31.36         17.56          
4.87  -1.000 0.681  -0.034 0.20           0.21           0.22            20.26         24.81         30.60          0.44        0.44        0.45         8.96           11.17          14.18           11.30         13.64         16.43          
4.90  -1.011 0.684  -0.049 0.34           0.55           0.56            167.51        126.44        126.08         0.11        0.45        0.46         137.45         100.10         99.97           30.06         26.34         26.11          
4.93  -1.004 0.694  -0.057 0.37           0.33           0.45            53.53         47.91         60.23          0.56        0.53        0.61         32.51          27.55          39.48           21.01         20.36         20.75          
4.97  -1.003 0.700  -0.067 0.20           0.31           0.37            80.60         83.82         84.82          0.35        0.42        0.46         35.34          47.30          52.33           45.25         36.51         32.49          
5.00  -1.005 0.688  -0.073 0.37           0.20           0.41            -102.57       114.20        101.30         0.40        0.25        0.44         -64.89         46.64          67.23           -37.68        67.56         34.07          
5.03  -1.004 0.687  -0.092 0.06           0.55           0.55            -33.39        85.22         85.23          0.30        0.63        0.63         -5.86          61.79          61.82           -27.53        23.44         23.41          
5.07  -1.004 0.677  -0.104 0.32           0.36           0.49            -89.60        89.64         89.73          0.41        0.44        0.55         -51.94         55.19          62.53           -37.66        34.45         27.20          
5.10  -1.001 0.673  -0.129 0.14           0.77           0.78            -51.02        83.67         83.73          0.35        0.84        0.84         -17.43         66.42          66.62           -33.58        17.25         17.11          
5.13  -0.996 0.669  -0.138 0.18           0.30           0.32            -38.78        61.59         63.61          0.41        0.47        0.48         -16.13         33.65          35.97           -22.64        27.94         27.64          
5.17  -0.993 0.656  -0.150 0.42           0.37           0.55            -78.00        76.39         80.92          0.53        0.49        0.64         -50.43         46.74          58.16           -27.57        29.65         22.76          
5.20  -0.990 0.648  -0.165 0.26           0.45           0.51            -65.38        76.03         77.67          0.43        0.57        0.61         -33.46         50.61          54.18           -31.92        25.42         23.49          
5.23  -0.988 0.635  -0.181 0.38           0.49           0.62            -80.17        82.32         83.92          0.49        0.58        0.69         -50.10         56.92          62.80           -30.08        25.39         21.12          
5.27  -0.989 0.630  -0.201 0.18           0.61           0.63            -107.24       94.93         94.75          0.26        0.64        0.66         -40.44         71.95          72.57           -66.80        22.97         22.18          
5.30  -0.991 0.620  -0.215 0.28           0.43           0.51            -99.98        96.45         95.44          0.34        0.47        0.55         -53.84         64.83          68.43           -46.14        31.62         27.00          
5.33  -0.987 0.608  -0.235 0.40           0.62           0.73            -71.55        78.15         79.93          0.54        0.71        0.81         -45.29         58.10          62.22           -26.26        20.05         17.71          
5.37  -0.990 0.602  -0.256 0.20           0.61           0.64            -122.26       100.29        99.89          0.22        0.62        0.64         -50.90         76.85          77.34           -71.36        23.44         22.55          
5.40  -0.996 0.602  -0.274 0.17           0.57           0.57            -175.08       107.11        107.10         0.08        0.55        0.55         -10.04         81.48          81.49           -165.03       25.63         25.62          
5.43  -0.993 0.601  -0.295 0.09           0.65           0.65            -10.57        81.81         81.81          0.34        0.73        0.73         -2.88          61.92          61.93           -7.69         19.89         19.88          
5.47  -0.996 0.595  -0.306 0.19           0.33           0.37            -118.44       105.71        104.02         0.23        0.35        0.39         -45.45         62.92          65.60           -72.99        42.79         38.42          
5.50  -0.998 0.583  -0.321 0.38           0.46           0.60            -98.39        96.88         95.34          0.42        0.50        0.63         -62.72         67.12          71.91           -35.66        29.77         23.42          
5.53  -0.998 0.572  -0.339 0.33           0.53           0.62            -89.48        89.67         89.72          0.41        0.58        0.67         -52.32         64.27          67.76           -37.16        25.40         21.96          
5.57  -0.995 0.561  -0.357 0.34           0.56           0.65            -76.99        82.27         83.33          0.46        0.65        0.73         -45.25         59.78          63.33           -31.75        22.49         19.99          
5.60  -0.998 0.547  -0.375 0.44           0.53           0.68            -100.38       98.61         96.65          0.47        0.55        0.70         -68.46         71.93          75.88           -31.91        26.68         20.77          
5.63  -0.998 0.534  -0.392 0.38           0.53           0.65            -89.82        89.87         89.90          0.46        0.59        0.70         -56.52         64.66          68.94           -33.31        25.22         20.96          
5.67  -1.005 0.521  -0.419 0.44           0.82           0.90            -118.09       104.52        103.12         0.39        0.79        0.88         -83.32         86.75          87.07           -34.76        17.77         16.04          
5.70  -1.015 0.502  -0.434 0.65           0.57           0.80            -119.98       124.75        113.92         0.56        0.47        0.73         -97.43         98.91          95.72           -22.55        25.84         18.19          
5.73  -1.019 0.491  -0.448 0.38           0.42           0.55            -108.85       106.84        102.76         0.38        0.42        0.56         -70.45         72.53          76.74           -38.41        34.31         26.02          
5.77  -1.018 0.473  -0.473 0.52           0.76           0.93            -85.51        86.93         87.46          0.60        0.82        0.97         -60.83         69.13          72.52           -24.67        17.80         14.94          
5.80  -1.027 0.452  -0.498 0.69           0.80           1.02            -113.19       109.76        105.39         0.63        0.76        0.99         -91.97         91.65          91.27           -21.22        18.10         14.12          
5.83  -1.034 0.440  -0.511 0.41           0.42           0.55            -122.07       120.98        113.43         0.35        0.37        0.51         -84.86         85.07          86.44           -37.21        35.91         27.00          
5.87  -1.047 0.433  -0.525 0.45           0.59           0.63            -150.31       131.48        128.29         0.26        0.47        0.52         -122.44        107.76         105.96          -27.87        23.72         22.32          
5.90  -1.046 0.428  -0.544 0.16           0.57           0.59            -71.91        84.87         85.05          0.34        0.64        0.66         -27.43         62.09          62.94           -44.48        22.78         22.11          
5.93  -1.055 0.414  -0.554 0.48           0.40           0.57            -124.23       132.66        118.70         0.40        0.30        0.50         -93.21         94.35          92.59           -31.02        38.31         26.11          
5.97  -1.060 0.403  -0.566 0.38           0.40           0.53            -114.39       112.91        107.18         0.36        0.38        0.51         -74.73         75.72          79.45           -39.66        37.19         27.73          
6.00  -1.060 0.389  -0.579 0.43           0.37           0.57            -90.18        90.21         90.14          0.50        0.45        0.62         -59.88         56.10          66.29           -30.30        34.11         23.85          
6.03  -1.067 0.371  -0.594 0.56           0.49           0.72            -111.92       115.06        106.96         0.52        0.45        0.69         -85.51         84.79          86.59           -26.41        30.27         20.37          
6.07  -1.054 0.351  -0.600 0.71           0.43           0.73            -56.85        24.46         57.95          0.88        0.66        0.89         -43.02         15.49          44.23           -13.84        8.97          13.73          
6.10  -1.055 0.333  -0.604 0.54           0.13           0.55            -93.45        105.04        93.37          0.58        0.25        0.59         -68.08         29.16          68.56           -25.37        75.88         24.81          
6.13  -1.051 0.319  -0.606 0.46           0.14           0.46            -73.76        25.76         73.91          0.58        0.38        0.58         -49.35         9.30           49.63           -24.40        16.46         24.28          
6.17  -1.057 0.304  -0.604 0.48           0.20           0.48            -114.34       -165.37       114.19         0.44        0.07        0.44         -83.03         -44.02         83.08           -31.31        -121.34       31.11          
6.20  -1.057 0.277  -0.602 0.81           0.07           0.82            -88.27        -68.95        88.27          0.86        0.28        0.86         -71.32         -13.09         71.38           -16.94        -55.86        16.90          
6.23  -1.055 0.280  -0.595 0.11           0.23           0.24            56.68         -74.92        76.00          0.32        0.38        0.39         16.14          -35.23         37.35           40.54         -39.69        38.65          
6.27  -1.060 0.270  -0.589 0.35           0.24           0.38            -118.84       -135.07       115.76         0.31        0.19        0.36         -74.65         -63.44         76.47           -44.19        -71.63        39.29          
6.30  -1.057 0.260  -0.578 0.32           0.33           0.45            -74.04        -74.43        78.71          0.46        0.46        0.56         -42.46         -43.21         52.67           -31.58        -31.22        26.04          
6.33  -1.056 0.245  -0.568 0.44           0.33           0.54            -85.46        -83.92        86.36          0.52        0.43        0.61         -56.84         -48.74         62.34           -28.62        -35.18        24.02          
6.37  -1.058 0.238  -0.544 0.22           0.72           0.75            -103.92       -94.24        94.06          0.29        0.74        0.77         -47.45         -74.67         75.28           -56.47        -19.57        18.78          
6.40  -1.067 0.232  -0.521 0.31           0.72           0.74            -147.53       -111.46       110.87         0.17        0.67        0.69         -94.39         -91.10         91.07           -53.14        -20.36        19.81          
6.43  -1.063 0.227  -0.510 0.19           0.37           0.40            -57.62        -73.50        74.98          0.39        0.50        0.53         -24.90         -44.82         47.65           -32.72        -28.68        27.33          
6.47  -1.065 0.228  -0.491 0.06           0.56           0.56            161.29        -95.59        95.59          0.20        0.59        0.59         5.37           -70.56         70.57           155.92        -25.04        25.02          
6.50  -1.060 0.230  -0.482 0.17           0.33           0.33            26.88         -62.52        63.30          0.41        0.49        0.50         10.77          -35.80         36.71           16.11         -26.72        26.58          
6.53  -1.062 0.240  -0.476 0.32           0.17           0.35            101.63        -112.37       100.43         0.36        0.24        0.39         59.04          -39.83         61.78           42.60         -72.54        38.65          
6.57  -1.054 0.249  -0.476 0.34           0.24           0.35            45.42         -4.97         45.52          0.55        0.49        0.55         26.52          -2.45          26.60           18.90         -2.52         18.93          
6.60  -1.042 0.256  -0.481 0.43           0.39           0.45            32.65         21.83         37.08          0.65        0.63        0.67         20.76          13.33          24.08           11.90         8.50          13.00          
6.63  -1.037 0.275  -0.492 0.59           0.37           0.68            74.20         64.59         76.33          0.70        0.53        0.78         54.08          39.43          58.10           20.12         25.16         18.23          
6.67  -1.036 0.291  -0.496 0.48           0.14           0.50            87.80         82.34         87.89          0.55        0.30        0.57         61.00          27.22          61.94           26.81         55.13         25.95          
6.70  -1.030 0.307  -0.503 0.50           0.27           0.54            67.73         45.89         69.33          0.64        0.48        0.67         46.50          23.99          48.84           21.24         21.90         20.50          
6.73  -1.022 0.324  -0.508 0.57           0.26           0.59            67.16         33.08         67.89          0.71        0.49        0.72         48.11          17.01          49.14           19.05         16.07         18.75          
6.77  -1.010 0.336  -0.506 0.50           0.36           0.50            43.92         -5.77         44.08          0.70        0.61        0.70         29.55          -3.40          29.68           14.37         -2.36         14.40          
6.80  -1.005 0.351  -0.511 0.48           0.21           0.50            70.18         39.55         70.94          0.61        0.43        0.63         47.59          18.05          48.80           22.59         21.50         22.14          
6.83  -1.002 0.362  -0.509 0.35           0.09           0.36            77.83         -35.04        77.96          0.47        0.33        0.48         46.70          -9.12          47.03           31.13         -25.92        30.94          
6.87  -0.998 0.372  -0.503 0.33           0.24           0.38            63.16         -50.92        66.76          0.49        0.44        0.53         36.36          -24.64         40.94           26.80         -26.28        25.82          
6.90  -0.986 0.376  -0.504 0.36           0.35           0.36            17.05         3.51          17.37          0.61        0.60        0.61         10.12          2.04           10.32           6.93          1.47          7.05           
6.93  -0.977 0.378  -0.497 0.27           0.32           0.33            15.48         -36.48        38.29          0.52        0.55        0.55         8.05           -20.69         21.96           7.43          -15.79        16.33          
6.97  -0.977 0.382  -0.492 0.11           0.17           0.21            90.33         -90.21        90.17          0.27        0.30        0.32         23.81          -35.00         39.61           66.52         -55.21        50.56          
7.00  -0.975 0.382  -0.484 0.07           0.23           0.23            1.65          -71.25        71.25          0.32        0.39        0.39         0.38           -34.15         34.15           1.27          -37.10        37.10          
7.03  -0.965 0.374  -0.476 0.36           0.38           0.44            -39.09        -41.27        50.10          0.58        0.59        0.63         -23.31         -24.96         32.38           -15.78        -16.31        17.71          
7.07  -0.956 0.368  -0.471 0.33           0.32           0.37            -34.72        -31.53        42.78          0.55        0.54        0.58         -19.76         -17.64         25.63           -14.96        -13.89        17.15          
7.10  -0.942 0.359  -0.470 0.50           0.42           0.50            -31.93        -3.96         32.08          0.72        0.67        0.72         -21.37         -2.49          21.49           -10.55        -1.47         10.59          
7.13  -0.937 0.346  -0.459 0.43           0.37           0.54            -66.05        -61.91        71.15          0.58        0.53        0.66         -42.69         -37.51         50.20           -23.36        -24.40        20.95          
7.17  -0.940 0.342  -0.448 0.17           0.35           0.38            -126.79       -107.30       106.04         0.20        0.37        0.39         -43.76         -66.49         68.12           -83.03        -40.81        37.92          
7.20  -0.932 0.327  -0.439 0.50           0.35           0.56            -61.98        -48.36        65.46          0.65        0.55        0.71         -42.28         -28.56         46.66           -19.69        -19.80        18.79          
7.23  -0.935 0.317  -0.421 0.32           0.55           0.63            -106.29       -99.40        98.20          0.35        0.56        0.64         -62.33         -73.45         75.51           -43.95        -25.95        22.69          
7.27  -0.936 0.315  -0.403 0.05           0.54           0.54            -133.52       -93.56        93.56          0.22        0.58        0.58         -9.22          -68.00         68.04           -124.30       -25.57        25.52          
7.30  -0.932 0.314  -0.385 0.14           0.56           0.57            -23.74        -76.79        76.86          0.38        0.67        0.67         -8.51          -55.40         55.55           -15.23        -21.39        21.32          
7.33  -0.929 0.304  -0.368 0.29           0.51           0.57            -69.70        -78.52        79.90          0.44        0.61        0.67         -37.82         -54.72         58.20           -31.88        -23.80        21.71          
7.37  -0.914 0.295  -0.356 0.51           0.56           0.62            -32.20        -38.78        45.59          0.74        0.77        0.82         -21.79         -27.03         32.95           -10.41        -11.75        12.64          
7.40  -0.905 0.290  -0.351 0.31           0.31           0.34            -29.45        -30.58        39.26          0.54        0.54        0.56         -16.24         -16.95         22.86           -13.21        -13.63        16.40          
7.43  -0.893 0.283  -0.348 0.44           0.39           0.45            -30.48        -13.39        32.41          0.67        0.63        0.67         -19.50         -8.15          20.91           -10.98        -5.24         11.51          
7.47  -0.873 0.267  -0.349 0.76           0.59           0.76            -39.50        1.57          39.52          0.97        0.84        0.97         -30.06         1.10           30.08           -9.44         0.47          9.44           
7.50  -0.849 0.251  -0.358 0.87           0.78           0.91            -32.46        20.47         36.41          1.09        1.02        1.12         -25.36         15.54          28.79           -7.10         4.93          7.62           
7.53  -0.823 0.248  -0.367 0.76           0.81           0.82            -6.82         20.35         21.29          1.01        1.05        1.05         -5.14          15.60          16.34           -1.68         4.76          4.95           
7.57  -0.800 0.244  -0.376 0.72           0.76           0.77            -10.77        21.61         23.73          0.96        1.00        1.00         -8.00          16.31          17.98           -2.78         5.31          5.75           
7.60  -0.780 0.243  -0.394 0.61           0.81           0.81            -1.14         41.03         41.03          0.86        1.01        1.01         -0.81          31.66          31.66           -0.33         9.37          9.37           
7.63  -0.756 0.253  -0.405 0.75           0.77           0.81            21.68         24.42         31.11          0.99        1.00        1.04         16.30          18.48          23.94           5.37          5.94          7.16           
7.67  -0.729 0.263  -0.412 0.88           0.85           0.91            21.71         16.07         26.17          1.11        1.09        1.14         16.95          12.44          20.62           4.76          3.63          5.55           
7.70  -0.712 0.265  -0.426 0.52           0.65           0.65            3.62          37.17         37.26          0.77        0.87        0.87         2.45           27.11          27.19           1.17          10.06         10.07          
7.73  -0.685 0.276  -0.432 0.87           0.82           0.89            23.58         14.45         26.88          1.10        1.06        1.12         18.36          11.08          21.07           5.22          3.36          5.80           
7.77  -0.680 0.269  -0.434 0.27           0.17           0.27            -52.35        17.78         53.17          0.46        0.42        0.47         -27.03         7.20           27.73           -25.31        10.59         25.44          
7.80  -0.660 0.285  -0.428 0.77           0.64           0.79            37.84         -17.33        39.93          0.98        0.88        1.00         28.82          -12.47         30.67           9.01          -4.86         9.26           
7.83  -0.649 0.291  -0.424 0.38           0.35           0.39            29.15         -18.92        33.21          0.61        0.59        0.62         17.57          -11.01         20.39           11.58         -7.91         12.82          
7.87  -0.642 0.289  -0.403 0.21           0.65           0.66            -18.00        -72.36        72.45          0.45        0.77        0.77         -8.17          -54.26         54.40           -9.83         -18.10        18.05          
7.90  -0.640 0.282  -0.393 0.21           0.33           0.38            -67.69        -76.30        78.16          0.38        0.46        0.50         -30.11         -44.30         48.62           -37.58        -32.00        29.54          
7.93  -0.637 0.270  -0.371 0.38           0.65           0.75            -79.84        -84.16        84.92          0.49        0.72        0.81         -49.42         -63.95         67.00           -30.42        -20.21        17.92          
7.97  -0.640 0.267  -0.354 0.13           0.51           0.52            -132.35       -100.14       99.95          0.19        0.53        0.53         -31.47         -72.22         72.54           -100.88       -27.92        27.42          
8.00  -0.646 0.266  -0.340 0.18           0.47           0.47            -172.53       -112.47       112.44         0.07        0.44        0.44         -18.92         -81.02         81.03           -153.61       -31.45        31.41          
8.03  -0.656 0.260  -0.328 0.35           0.46           0.50            -147.29       -130.33       126.70         0.20        0.35        0.40         -103.74        -97.60         96.68           -43.55        -32.74        30.02          
8.07  -0.659 0.252  -0.312 0.24           0.50           0.55            -113.10       -100.65       99.77          0.27        0.52        0.56         -54.39         -72.46         73.88           -58.71        -28.19        25.89          
8.10  -0.664 0.235  -0.297 0.53           0.46           0.69            -104.50       -107.01       101.17         0.53        0.45        0.69         -77.34         -75.11         80.26           -27.16        -31.90        20.91          
8.13  -0.672 0.231  -0.286 0.29           0.43           0.45            -153.98       -127.59       125.77         0.13        0.34        0.36         -94.64         -91.75         91.63           -59.34        -35.84        34.14          
8.17  -0.674 0.236  -0.267 0.15           0.56           0.58            107.65        -94.72        94.57          0.25        0.59        0.61         35.28          -69.86         70.46           72.37         -24.85        24.11          
8.20  -0.673 0.230  -0.244 0.18           0.70           0.72            -83.31        -88.32        88.37          0.32        0.75        0.77         -32.93         -68.89         69.47           -50.38        -19.43        18.90          
8.23  -0.673 0.220  -0.229 0.30           0.44           0.53            -86.76        -87.77        88.16          0.40        0.51        0.59         -48.30         -58.49         63.21           -38.46        -29.28        24.96          
8.27  -0.680 0.224  -0.211 0.24           0.60           0.61            151.38        -110.50       110.12         0.12        0.56        0.57         70.17          -85.79         85.88           81.21         -24.71        24.24          
8.30  -0.686 0.225  -0.191 0.18           0.62           0.62            166.76        -106.62       106.59         0.08        0.60        0.60         30.23          -83.12         83.14           136.53        -23.50        23.44          
8.33  -0.689 0.212  -0.165 0.40           0.77           0.86            -104.03       -97.17        96.41          0.41        0.78        0.87         -68.17         -78.60         79.79           -35.86        -18.57        16.62          
8.37  -0.704 0.222  -0.144 0.52           0.79           0.83            148.07        -124.40       122.20         0.34        0.68        0.73         125.11         -106.69        105.42          22.97         -17.70        16.78          
8.40  -0.703 0.222  -0.127 0.03           0.52           0.52            25.13         -86.51        86.52          0.28        0.59        0.59         3.00           -61.42         61.43           22.13         -25.10        25.09          
8.43  -0.699 0.226  -0.104 0.16           0.69           0.70            42.25         -80.19        80.31          0.38        0.78        0.78         16.26          -61.71         62.00           25.99         -18.49        18.31          
8.47  -0.705 0.224  -0.086 0.20           0.55           0.56            -162.00       -110.20       110.07         0.09        0.52        0.53         -46.37         -83.50         83.55           -115.63       -26.70        26.52          
8.50  -0.701 0.215  -0.058 0.27           0.87           0.90            -62.02        -81.50        81.81          0.45        0.94        0.97         -32.62         -66.27         67.06           -29.40        -15.23        14.75          
8.53  -0.699 0.223  -0.043 0.22           0.46           0.51            74.86         -82.81        83.48          0.37        0.55        0.59         34.72          -56.07         58.63           40.13         -26.74        24.85          
8.57  -0.692 0.224  -0.029 0.21           0.45           0.45            9.23          -62.66        62.74          0.46        0.60        0.60         4.18           -41.04         41.14           5.05          -21.62        21.60          
8.60  -0.678 0.232  -0.016 0.48           0.57           0.62            29.53         -43.31        47.72          0.71        0.78        0.81         19.51          -30.53         34.53           10.02         -12.78        13.19          
8.63  -0.663 0.235  -0.002 0.45           0.61           0.61            11.49         -43.09        43.75          0.70        0.81        0.81         7.41           -30.89         31.48           4.08          -12.20        12.27          
8.67  -0.655 0.231  0.004  0.26           0.30           0.32            -24.29        -37.85        41.95          0.50        0.52        0.53         -12.36         -20.68         23.58           -11.92        -17.17        18.36          
8.70  -0.645 0.233  0.010  0.31           0.35           0.36            10.80         -31.30        32.50          0.55        0.58        0.58         5.94           -18.35         19.16           4.86          -12.95        13.34          
8.73  -0.632 0.227  0.000  0.45           0.50           0.53            -23.45        34.38         39.02          0.69        0.72        0.74         -15.12         23.09          26.78           -8.33         11.30         12.24          
8.77  -0.621 0.225  -0.013 0.34           0.51           0.52            -10.13        49.19         49.52          0.59        0.70        0.71         -5.84          33.57          33.88           -4.28         15.62         15.64          
8.80  -0.603 0.226  -0.021 0.54           0.60           0.60            4.57          25.88         26.18          0.79        0.83        0.83         3.13           18.35          18.58           1.44          7.53          7.61           
8.83  -0.599 0.224  -0.037 0.13           0.48           0.49            -37.20        77.70         77.86          0.36        0.59        0.59         -12.47         53.19          53.56           -24.73        24.51         24.30          
8.87  -0.589 0.229  -0.042 0.36           0.35           0.39            28.41         26.33         36.25          0.59        0.59        0.61         16.79          15.43          22.25           11.62         10.89         14.00          
8.90  -0.578 0.236  -0.057 0.36           0.54           0.57            32.40         55.33         57.65          0.59        0.71        0.74         19.25          38.51          40.99           13.15         16.82         16.66          
8.93  -0.588 0.254  -0.073 0.62           0.55           0.78            117.57        121.32        111.62         0.55        0.48        0.73         93.95          94.61          93.00           23.62         26.72         18.61          
8.97  -0.564 0.250  -0.086 0.74           0.83           0.84            -9.68         28.13         29.30          0.99        1.05        1.06         -7.24          21.71          22.68           -2.44         6.43          6.62           
9.00  -0.566 0.250  -0.090 0.07           0.15           0.15            175.59        116.59        116.57         0.18        0.23        0.23         1.63           36.35          36.37           173.96        80.24         80.20          
9.03  -0.563 0.256  -0.105 0.18           0.45           0.47            60.10         78.24         78.92          0.38        0.55        0.58         24.88          52.01          53.71           35.22         26.22         25.21          
9.07  -0.565 0.265  -0.114 0.30           0.28           0.40            103.02        103.77        99.55          0.34        0.33        0.44         57.70          56.18          65.31           45.31         47.60         34.24          
9.10  -0.552 0.278  -0.116 0.56           0.40           0.56            44.77         7.29          45.00          0.76        0.65        0.76         31.31          4.49           31.52           13.46         2.80          13.48          
9.13  -0.545 0.285  -0.107 0.30           0.34           0.40            42.42         -49.28        55.92          0.51        0.54        0.58         23.26          -28.67         34.82           19.15         -20.62        21.10          
9.17  -0.543 0.307  -0.107 0.65           0.05           0.65            86.05         -8.16         86.05          0.71        0.29        0.71         65.47          -1.24          65.47           20.58         -6.92         20.58          
9.20  -0.526 0.322  -0.104 0.69           0.51           0.69            43.05         -8.46         43.41          0.89        0.76        0.89         31.97          -5.68          32.29           11.09         -2.79         11.12          
9.23  -0.524 0.337  -0.099 0.46           0.17           0.48            81.85         -66.89        82.27          0.55        0.35        0.57         55.21          -25.78         56.63           26.64         -41.11        25.64          
9.27  -0.518 0.351  -0.094 0.44           0.25           0.47            64.45         -40.35        66.11          0.60        0.47        0.62         42.20          -20.22         44.38           22.25         -20.13        21.73          
9.30  -0.506 0.355  -0.079 0.38           0.56           0.57            22.04         -51.11        52.52          0.62        0.74        0.75         13.28          -35.85         37.24           8.76          -15.25        15.27          
9.33  -0.497 0.371  -0.077 0.53           0.27           0.53            60.39         -13.79        60.62          0.69        0.51        0.69         41.91          -7.14          42.18           18.48         -6.65         18.44          
9.37  -0.492 0.369  -0.081 0.16           0.19           0.20            -24.23        37.93         41.98          0.40        0.41        0.42         -9.47          16.12          18.45           -14.75        21.81         23.53          
9.40  -0.499 0.380  -0.076 0.41           0.26           0.44            121.09        -142.69       118.72         0.35        0.16        0.38         83.36          -75.79         83.96           37.72         -66.90        34.75          
9.43  -0.499 0.367  -0.081 0.40           0.15           0.43            -88.93        87.17         89.00          0.48        0.30        0.50         -57.32         30.51          59.03           -31.61        56.66         29.97          
9.47  -0.509 0.356  -0.088 0.43           0.35           0.48            -131.26       143.35        126.30         0.32        0.21        0.39         -95.74         98.75          94.81           -35.52        44.60         31.49          
9.50  -0.503 0.353  -0.092 0.19           0.21           0.23            -27.53        36.60         42.21          0.43        0.44        0.45         -11.98         16.82          20.28           -15.55        19.77         21.94          
9.53  -0.509 0.364  -0.095 0.39           0.22           0.40            119.29        151.21        118.20         0.34        0.12        0.36         79.66          59.37          80.11           39.63         91.84         38.09          
9.57  -0.509 0.355  -0.105 0.28           0.28           0.40            -88.34        88.29         88.81          0.38        0.38        0.47         -47.75         46.92          56.91           -40.59        41.37         31.90          
9.60  -0.503 0.348  -0.124 0.29           0.62           0.66            -47.94        71.96         72.96          0.49        0.74        0.77         -25.73         53.16          54.83           -22.21        18.79         18.13          
9.63  -0.502 0.336  -0.137 0.35           0.39           0.52            -87.25        87.53         88.16          0.44        0.47        0.59         -52.48         55.49          62.88           -34.77        32.04         25.28          
9.67  -0.505 0.334  -0.155 0.12           0.55           0.55            -147.17       101.02        100.93         0.16        0.56        0.56         -24.97         74.90          75.01           -122.20       26.12         25.92          
9.70  -0.499 0.329  -0.167 0.24           0.39           0.42            -40.50        62.17         64.30          0.46        0.55        0.58         -19.82         38.63          41.24           -20.69        23.54         23.06          
9.73  -0.492 0.320  -0.183 0.34           0.55           0.60            -46.36        64.62         66.99          0.54        0.69        0.74         -26.93         45.60          48.76           -19.42        19.02         18.23          
9.77  -0.489 0.311  -0.203 0.31           0.61           0.68            -72.96        81.58         82.41          0.45        0.70        0.75         -40.75         60.74          63.23           -32.21        20.84         19.18          
9.80  -0.477 0.309  -0.215 0.35           0.48           0.49            -9.29         44.25         44.65          0.60        0.68        0.69         -5.42          29.48          29.82           -3.87         14.78         14.83          
9.83  -0.472 0.297  -0.230 0.40           0.48           0.60            -65.99        70.08         74.30          0.55        0.61        0.71         -41.47         47.36          54.46           -24.52        22.72         19.83          
9.87  -0.457 0.288  -0.247 0.53           0.70           0.75            -31.09        49.53         52.81          0.75        0.88        0.92         -21.23         37.04          40.32           -9.87         12.48         12.49          
9.90  -0.451 0.289  -0.257 0.16           0.32           0.33            15.23         61.88         62.13          0.40        0.49        0.50         5.90           35.37          35.65           9.34          26.51         26.48          
9.93  -0.436 0.293  -0.271 0.48           0.63           0.64            16.07         43.16         44.45          0.72        0.83        0.84         10.55          31.23          32.39           5.52          11.92         12.06          
9.97  -0.426 0.301  -0.274 0.39           0.33           0.40            35.49         14.68         37.23          0.61        0.57        0.61         21.67          8.31           22.94           13.82         6.38          14.28          
10.00 -0.415 0.299  -0.289 0.31           0.54           0.55            -8.52         55.46         55.60          0.56        0.72        0.72         -4.73          38.74          38.89           -3.79         16.73         16.72          
10.03 -0.405 0.295  -0.306 0.33           0.61           0.62            -20.51        59.27         59.88          0.58        0.77        0.78         -11.76         43.11          43.80           -8.75         16.16         16.07          
10.07 -0.403 0.300  -0.317 0.14           0.33           0.35            67.38         80.92         81.51          0.33        0.44        0.46         22.46          47.14          49.10           44.92         33.78         32.42          
10.10 -0.391 0.293  -0.323 0.41           0.41           0.45            -27.68        27.28         36.34          0.64        0.64        0.67         -17.26         16.98          23.54           -10.43        10.30         12.80          
10.13 -0.383 0.294  -0.326 0.25           0.26           0.26            7.80          14.84         16.61          0.50        0.50        0.51         3.92           7.55           8.48            3.88          7.29          8.12           
10.17 -0.382 0.306  -0.324 0.35           0.05           0.35            88.04         -75.49        88.06          0.44        0.27        0.44         53.03          -9.94          53.27           35.02         -65.55        34.80          
10.20 -0.379 0.305  -0.333 0.09           0.27           0.27            -10.40        69.99         70.03          0.34        0.42        0.42         -2.82          36.34          36.40           -7.59         33.65         33.63          
10.23 -0.374 0.293  -0.339 0.40           0.25           0.45            -67.38        51.35         69.72          0.55        0.45        0.58         -42.64         25.64          46.08           -24.73        25.71         23.64          
10.27 -0.367 0.278  -0.346 0.50           0.30           0.54            -64.88        45.00         66.99          0.65        0.51        0.68         -44.43         24.68          47.27           -20.45        20.31         19.72          
10.30 -0.366 0.270  -0.354 0.22           0.24           0.32            -83.17        83.65         85.34          0.35        0.36        0.42         -38.46         40.55          49.42           -44.70        43.10         35.92          
10.33 -0.353 0.261  -0.360 0.47           0.44           0.51            -34.70        26.68         40.55          0.69        0.67        0.72         -22.87         17.02          27.53           -11.82        9.66          13.02          
10.37 -0.352 0.256  -0.366 0.15           0.15           0.22            -77.67        77.82         81.27          0.32        0.32        0.35         -27.85         28.15          36.94           -49.82        49.67         44.33          
10.40 -0.349 0.256  -0.370 0.09           0.17           0.17            -10.24        57.94         58.11          0.34        0.37        0.37         -2.78          23.22          23.35           -7.46         34.73         34.76          
10.43 -0.338 0.254  -0.377 0.33           0.38           0.39            -8.96         31.94         32.74          0.58        0.61        0.61         -5.09          19.40          19.97           -3.87         12.54         12.78          
10.47 -0.326 0.248  -0.380 0.43           0.39           0.43            -27.75        13.28         29.97          0.66        0.63        0.66         -17.55         8.07           19.12           -10.20        5.21          10.85          
10.50 -0.320 0.249  -0.384 0.16           0.19           0.20            16.32         35.48         37.61          0.41        0.42        0.43         6.47           15.42          16.61           9.85          20.05         21.01          
10.53 -0.311 0.248  -0.394 0.28           0.41           0.41            -9.33         46.45         46.79          0.53        0.61        0.61         -4.96          29.08          29.37           -4.36         17.37         17.42          
10.57 -0.312 0.252  -0.403 0.14           0.29           0.32            101.46        95.62         95.06          0.26        0.36        0.39         32.37          52.58          55.46           69.10         43.03         39.60          
10.60 -0.301 0.253  -0.412 0.33           0.42           0.43            3.49          39.23         39.31          0.58        0.64        0.64         1.99           24.89          24.95           1.51          14.35         14.36          
10.63 -0.295 0.262  -0.417 0.32           0.24           0.35            54.41         37.66         57.93          0.51        0.46        0.53         30.86          18.27          34.32           23.55         19.39         23.61          
10.67 -0.284 0.258  -0.417 0.35           0.33           0.35            -19.98        -0.78         19.99          0.59        0.58        0.59         -11.64         -0.44          11.64           -8.35         -0.34         8.35           
10.70 -0.279 0.257  -0.422 0.16           0.23           0.23            -9.70         46.63         46.99          0.41        0.44        0.44         -3.75          22.10          22.36           -5.95         24.53         24.64          
10.73 -0.279 0.262  -0.427 0.15           0.13           0.20            94.95         95.55         93.70          0.28        0.27        0.31         31.63          28.77          39.52           63.32         66.78         54.17          
10.77 -0.274 0.261  -0.428 0.14           0.14           0.15            -8.71         8.47          12.06          0.39        0.39        0.39         -3.18          3.09           4.43            -5.53         5.38          7.63           
10.80 -0.276 0.266  -0.426 0.16           0.06           0.16            103.71        -129.26       103.16         0.26        0.22        0.27         35.62          -12.07         36.79           68.08         -117.19       66.37          
10.83 -0.268 0.255  -0.428 0.39           0.23           0.40            -55.75        18.02         56.39          0.57        0.48        0.58         -34.63         8.70           35.27           -21.12        9.32          21.11          
10.87 -0.267 0.248  -0.421 0.23           0.21           0.31            -78.56        -77.94        81.64          0.37        0.36        0.42         -36.82         -35.34         45.88           -41.74        -42.60        35.76          
10.90 -0.278 0.247  -0.410 0.34           0.48           0.48            -177.01       -134.35       134.32         0.09        0.35        0.35         -168.45        -104.03        104.01          -8.56         -30.32        30.30          
10.93 -0.274 0.230  -0.400 0.53           0.32           0.61            -78.20        -70.54        79.81          0.63        0.47        0.70         -55.32         -40.50         59.22           -22.88        -30.03        20.59          
10.97 -0.280 0.236  -0.381 0.26           0.58           0.61            134.37        -108.27       107.37         0.20        0.56        0.59         70.21          -83.07         83.43           64.16         -25.20        23.94          
11.00 -0.283 0.237  -0.372 0.08           0.28           0.28            167.08        -106.51       106.47         0.17        0.32        0.32         6.17           -57.82         57.88           160.92        -48.68        48.59          
11.03 -0.301 0.233  -0.362 0.56           0.63           0.64            -166.64       -150.27       148.26         0.32        0.43        0.45         -156.32        -133.47        131.20          -10.33        -16.80        17.07          
11.07 -0.310 0.234  -0.350 0.28           0.46           0.47            169.75        -126.24       126.01         0.05        0.37        0.38         115.65         -93.64         93.61           54.10         -32.60        32.39          
11.10 -0.316 0.245  -0.335 0.37           0.48           0.58            119.09        -111.97       108.09         0.33        0.45        0.56         77.77          -81.07         82.75           41.33         -30.91        25.34          
11.13 -0.321 0.239  -0.324 0.23           0.35           0.40            -123.57       -110.71       108.19         0.23        0.35        0.40         -56.51         -69.34         71.86           -67.05        -41.37        36.32          
11.17 -0.333 0.234  -0.308 0.40           0.59           0.60            -158.16       -129.25       127.83         0.19        0.47        0.49         -129.09        -104.90        104.19          -29.07        -24.35        23.64          
11.20 -0.328 0.231  -0.297 0.17           0.38           0.39            -29.78        -67.02        67.60          0.41        0.53        0.54         -12.00         -41.20         42.02           -17.78        -25.81        25.58          
11.23 -0.326 0.229  -0.282 0.08           0.46           0.46            -51.91        -83.59        83.66          0.31        0.55        0.55         -12.24         -56.55         56.82           -39.67        -27.04        26.84          
11.27 -0.328 0.232  -0.267 0.10           0.44           0.45            115.55        -95.50        95.39          0.23        0.48        0.49         22.86          -64.46         64.90           92.69         -31.04        30.49          
11.30 -0.333 0.235  -0.263 0.19           0.20           0.22            144.99        -141.62       133.40         0.14        0.16        0.19         47.80          -51.27         59.00           97.19         -90.35        74.40          
11.33 -0.322 0.224  -0.241 0.45           0.74           0.81            -45.83        -64.72        66.98          0.65        0.87        0.93         -29.86         -49.73         52.70           -15.97        -14.98        14.28          
11.37 -0.332 0.223  -0.228 0.29           0.49           0.49            -174.18       -125.76       125.69         0.05        0.40        0.40         -141.48        -95.27         95.26           -32.70        -30.49        30.43          
11.40 -0.335 0.222  -0.215 0.10           0.38           0.38            -148.01       -102.65       102.54         0.18        0.40        0.41         -17.05         -65.42         65.63           -130.96       -37.23        36.90          
11.43 -0.326 0.221  -0.202 0.27           0.48           0.48            -4.42         -56.83        56.86          0.52        0.66        0.66         -2.28          -38.20         38.23           -2.14         -18.63        18.63          
11.47 -0.334 0.239  -0.201 0.61           0.25           0.61            114.50        -171.26       114.45         0.55        0.04        0.55         90.13          -91.81         90.13           24.37         -79.45        24.32          
11.50 -0.335 0.249  -0.188 0.30           0.39           0.49            93.39         -92.62        92.07          0.38        0.45        0.54         52.09          -59.01         64.56           41.29         -33.61        27.51          
11.53 -0.336 0.240  -0.164 0.28           0.71           0.76            -94.62        -91.79        91.67          0.36        0.75        0.79         -50.30         -72.22         73.34           -44.31        -19.57        18.32          
11.57 -0.349 0.252  -0.142 0.53           0.78           0.85            139.63        -121.19       118.29         0.37        0.68        0.76         113.92         -102.86        101.47          25.71         -18.33        16.82          
11.60 -0.349 0.257  -0.149 0.16           0.22           0.27            86.04         87.13         87.68          0.31        0.34        0.38         31.28          40.05          46.05           54.75         47.08         41.63          
11.63 -0.345 0.236  -0.142 0.64           0.24           0.68            -79.54        -61.52        80.09          0.73        0.42        0.76         -59.84         -30.34         61.18           -19.70        -31.17        18.91          
11.67 -0.348 0.231  -0.120 0.18           0.68           0.69            -121.77       -97.98        97.78          0.22        0.69        0.70         -44.09         -76.85         77.16           -77.68        -21.13        20.62          
11.70 -0.350 0.217  -0.118 0.41           0.08           0.42            -99.38        -146.36       99.33          0.45        0.19        0.45         -65.86         -13.79         65.99           -33.52        -132.57       33.34          
11.73 -0.347 0.205  -0.124 0.37           0.20           0.41            -76.85        64.47         78.15          0.49        0.38        0.52         -47.28         27.91          50.32           -29.57        36.56         27.83          
11.77 -0.339 0.203  -0.123 0.26           0.26           0.27            -10.86        -10.75        15.11          0.51        0.51        0.51         -5.58          -5.53          7.83            -5.28         -5.22         7.27           
11.80 -0.338 0.203  -0.134 0.03           0.36           0.36            -30.24        85.21         85.21          0.28        0.45        0.45         -3.56          51.84          51.87           -26.68        33.37         33.34          
11.83 -0.337 0.202  -0.133 0.03           0.06           0.06            -35.19        -68.03        68.80          0.27        0.28        0.28         -3.34          -11.61         12.06           -31.85        -56.42        56.74          
11.87 -0.327 0.203  -0.151 0.30           0.62           0.62            6.14          60.99         61.03          0.55        0.77        0.77         3.36           44.55          44.61           2.78          16.44         16.43          
11.90 -0.331 0.192  -0.161 0.37           0.34           0.48            -111.87       113.48        106.42         0.36        0.33        0.48         -71.65         70.26          76.31           -40.22        43.22         30.11          
11.93 -0.336 0.204  -0.177 0.38           0.48           0.60            109.38        105.00        102.04         0.38        0.48        0.60         70.76          75.11          78.06           38.63         29.89         23.98          
11.97 -0.342 0.212  -0.190 0.31           0.45           0.51            130.07        116.25        113.05         0.24        0.41        0.47         78.23          83.03          83.98           51.83         33.22         29.06          
12.00 -0.350 0.213  -0.209 0.24           0.61           0.61            171.65        113.49        113.45         0.04        0.56        0.56         76.84          89.15          89.15           94.81         24.34         24.30          
12.03 -0.352 0.215  -0.220 0.08           0.35           0.36            130.85        99.06         98.91          0.20        0.40        0.40         18.16          60.66          61.07           112.70        38.40         37.84          
12.07 -0.355 0.220  -0.234 0.17           0.40           0.43            121.24        102.55        101.80         0.22        0.43        0.45         41.63          67.57          68.82           79.61         34.98         32.99          
12.10 -0.367 0.217  -0.247 0.36           0.54           0.55            -164.70       129.63        128.93         0.14        0.43        0.44         -135.68        103.06         102.75          -29.03        26.57         26.18          
12.13 -0.368 0.226  -0.257 0.28           0.29           0.40            98.40         98.23         95.90          0.35        0.35        0.45         53.14          53.70          62.31           45.26         44.53         33.59          
12.17 -0.372 0.231  -0.267 0.19           0.32           0.35            126.62        111.26        109.02         0.21        0.32        0.36         48.70          65.30          67.83           77.92         45.95         41.18          
12.20 -0.372 0.236  -0.282 0.13           0.46           0.48            89.50         89.86         89.87          0.28        0.53        0.54         27.01          61.47          62.35           62.49         28.40         27.52          
12.23 -0.376 0.252  -0.293 0.52           0.36           0.62            103.60        110.00        101.39         0.52        0.36        0.62         75.68          68.99          77.99           27.92         41.01         23.40          
12.27 -0.373 0.258  -0.306 0.21           0.38           0.42            61.71         75.15         76.62          0.39        0.51        0.54         27.65          46.76          49.85           34.06         28.39         26.77          
12.30 -0.372 0.263  -0.316 0.13           0.31           0.34            89.31         89.71         89.73          0.28        0.40        0.42         27.74          51.01          53.32           61.57         38.69         36.41          
12.33 -0.369 0.267  -0.325 0.16           0.30           0.32            51.46         70.75         72.27          0.37        0.45        0.46         19.38          38.75          41.23           32.07         32.00         31.03          
12.37 -0.386 0.274  -0.335 0.55           0.60           0.63            158.26        149.20        144.35         0.33        0.40        0.45         142.07         130.64         125.50          16.19         18.56         18.85          
12.40 -0.387 0.288  -0.340 0.42           0.14           0.44            91.05         93.13         91.00          0.48        0.28        0.50         59.72          29.86          61.03           31.33         63.28         29.97          
12.43 -0.377 0.293  -0.354 0.33           0.49           0.52            29.52         54.60         56.60          0.56        0.67        0.69         16.82          36.92          39.00           12.70         17.68         17.60          
12.47 -0.378 0.305  -0.356 0.35           0.08           0.36            92.64         101.88        92.58          0.42        0.25        0.43         56.27          18.17          56.89           36.37         83.71         35.69          
12.50 -0.366 0.299  -0.350 0.38           0.38           0.42            -27.69        -26.48        35.89          0.62        0.61        0.64         -16.84         -16.03         22.65           -10.85        -10.45        13.24          
12.53 -0.358 0.316  -0.354 0.58           0.25           0.59            66.02         21.16         66.33          0.72        0.50        0.73         47.55          10.66          47.97           18.47         10.50         18.36          
12.57 -0.356 0.328  -0.360 0.35           0.20           0.40            80.54         73.29         81.71          0.46        0.36        0.50         48.09          31.74          51.88           32.45         41.55         29.83          
12.60 -0.352 0.332  -0.367 0.17           0.25           0.28            45.85         62.05         65.03          0.39        0.43        0.45         18.39          31.31          34.73           27.46         30.74         30.31          
12.63 -0.350 0.341  -0.367 0.29           0.08           0.29            74.07         3.11          74.07          0.43        0.33        0.43         39.92          0.74           39.93           34.15         2.37          34.14          
12.67 -0.349 0.353  -0.370 0.35           0.09           0.36            87.69         80.89         87.76          0.44        0.28        0.45         53.07          18.51          53.92           34.61         62.37         33.84          
12.70 -0.353 0.362  -0.374 0.31           0.16           0.33            109.33        130.32        107.96         0.33        0.19        0.35         62.98          39.03          64.76           46.35         91.29         43.20          
12.73 -0.359 0.361  -0.370 0.18           0.23           0.23            -164.51       -141.81       140.17         0.09        0.16        0.16         -34.19         -62.59         63.94           -130.33       -79.22        76.23          
12.77 -0.359 0.363  -0.374 0.07           0.14           0.15            95.34         92.68         92.39          0.25        0.28        0.29         15.67          29.30          32.10           79.67         63.38         60.30          
12.80 -0.358 0.358  -0.373 0.15           0.04           0.15            -79.72        -45.91        79.89          0.31        0.28        0.31         -27.51         -5.57          27.91           -52.21        -40.34        51.98          
12.83 -0.349 0.350  -0.372 0.35           0.26           0.35            -42.61        -8.90         43.01          0.56        0.51        0.56         -25.09         -4.55          25.40           -17.52        -4.34         17.61          
12.87 -0.360 0.347  -0.371 0.34           0.33           0.34            -161.82       -174.55       161.12         0.13        0.08        0.13         -125.06        -157.49        123.97          -36.77        -17.06        37.15          
12.90 -0.360 0.340  -0.371 0.21           0.02           0.21            -86.32        -32.61        86.33          0.34        0.26        0.34         -39.03         -1.91          39.05           -47.30        -30.70        47.27          
12.93 -0.352 0.315  -0.367 0.77           0.27           0.78            -71.55        -26.19        71.78          0.88        0.51        0.89         -55.96         -13.66         56.31           -15.59        -12.54        15.46          
12.97 -0.339 0.307  -0.355 0.44           0.50           0.56            -34.36        -43.44        49.43          0.66        0.70        0.74         -22.02         -29.26         34.64           -12.34        -14.18        14.79          
13.00 -0.337 0.302  -0.351 0.16           0.14           0.20            -66.41        -62.53        71.51          0.35        0.34        0.37         -25.14         -21.51         31.50           -41.27        -41.02        40.01          
13.03 -0.336 0.290  -0.348 0.36           0.12           0.37            -84.20        -71.73        84.45          0.46        0.31        0.47         -51.24         -20.99         52.50           -32.96        -50.75        31.95          
13.07 -0.336 0.281  -0.345 0.28           0.08           0.29            -89.08        -86.70        89.11          0.38        0.27        0.39         -48.12         -17.26         49.18           -40.96        -69.44        39.93          
13.10 -0.329 0.268  -0.330 0.43           0.50           0.62            -61.31        -65.76        70.83          0.59        0.64        0.75         -39.47         -45.03         52.35           -21.84        -20.73        18.48          
13.13 -0.328 0.259  -0.330 0.30           0.05           0.30            -80.95        23.35         80.97          0.42        0.30        0.42         -44.51         3.87           44.58           -36.44        19.49         36.40          
13.17 -0.324 0.251  -0.325 0.25           0.20           0.30            -63.47        -55.99        68.13          0.43        0.40        0.46         -31.88         -24.71         37.73           -31.59        -31.28        30.41          
13.20 -0.316 0.250  -0.319 0.23           0.29           0.29            -7.16         -36.29        36.69          0.48        0.51        0.51         -3.45          -19.42         19.68           -3.71         -16.87        17.00          
13.23 -0.313 0.247  -0.310 0.12           0.30           0.31            -41.56        -73.04        73.59          0.35        0.44        0.45         -13.01         -40.51         41.51           -28.55        -32.53        32.08          
13.27 -0.307 0.242  -0.307 0.26           0.20           0.26            -41.39        -18.02        43.21          0.47        0.45        0.48         -20.98         -8.06          22.23           -20.41        -9.97         20.98          
13.30 -0.303 0.234  -0.292 0.25           0.49           0.54            -62.01        -75.91        77.22          0.43        0.60        0.64         -31.20         -52.06         54.82           -30.81        -23.85        22.40          
13.33 -0.292 0.231  -0.285 0.34           0.38           0.40            -19.45        -31.86        35.56          0.59        0.61        0.62         -11.28         -19.34         21.98           -8.17         -12.52        13.57          
13.37 -0.290 0.225  -0.285 0.16           0.05           0.16            -70.95        -8.57         70.98          0.34        0.30        0.34         -26.99         -1.52          27.02           -43.96        -7.05         43.95          
13.40 -0.282 0.224  -0.270 0.23           0.50           0.50            -6.79         -62.08        62.13          0.48        0.65        0.65         -3.29          -42.33         42.39           -3.50         -19.75        19.74          
13.43 -0.276 0.219  -0.270 0.26           0.19           0.26            -42.10        4.34          42.20          0.47        0.44        0.47         -21.34         1.88           21.41           -20.75        2.46          20.79          
13.47 -0.266 0.212  -0.261 0.37           0.42           0.46            -32.01        -41.58        47.34          0.59        0.62        0.65         -19.10         -26.18         31.03           -12.90        -15.40        16.32          
13.50 -0.252 0.210  -0.261 0.41           0.40           0.41            -8.54         -2.67         8.94           0.66        0.65        0.66         -5.29          -1.65          5.54            -3.25         -1.02         3.40           
13.53 -0.238 0.213  -0.267 0.43           0.46           0.47            11.42         24.11         26.15          0.68        0.70        0.71         7.24           15.72          17.16           4.18          8.39          8.99           
13.57 -0.220 0.215  -0.262 0.56           0.58           0.58            6.10          -15.47        16.52          0.81        0.83        0.83         4.22           -10.83         11.59           1.87          -4.64         4.93           
13.60 -0.208 0.218  -0.269 0.36           0.41           0.42            15.85         32.48         34.88          0.61        0.64        0.64         9.38           20.32          22.07           6.47          12.16         12.81          
13.63 -0.201 0.232  -0.273 0.46           0.23           0.48            63.94         29.80         64.78          0.61        0.47        0.63         42.51          14.40          43.59           21.42         15.40         21.19          
13.67 -0.198 0.244  -0.284 0.36           0.33           0.48            75.32         73.99         79.05          0.49        0.47        0.58         45.71          43.11          54.23           29.61         30.89         24.82          
13.70 -0.186 0.249  -0.291 0.41           0.43           0.47            23.63         29.45         35.54          0.65        0.66        0.68         14.76          18.78          23.28           8.87          10.67         12.26          
13.73 -0.185 0.262  -0.307 0.37           0.49           0.61            86.97         87.69         88.16          0.46        0.56        0.67         53.97          60.98          66.20           33.00         26.71         21.96          
13.77 -0.175 0.268  -0.317 0.34           0.41           0.45            32.50         45.99         50.56          0.56        0.61        0.64         18.74          28.88          32.92           13.75         17.12         17.63          
13.80 -0.177 0.275  -0.328 0.23           0.32           0.39            100.57        97.43         96.10          0.31        0.38        0.44         47.20          57.10          62.06           53.38         40.33         34.04          
13.83 -0.176 0.278  -0.338 0.07           0.31           0.32            70.79         85.84         85.93          0.28        0.41        0.42         13.46          48.89          49.50           57.33         36.95         36.43          
13.87 -0.190 0.284  -0.354 0.46           0.64           0.67            155.02        131.00        128.86         0.26        0.51        0.55         130.94         109.35         108.03          24.08         21.64         20.82          
13.90 -0.185 0.263  -0.368 0.65           0.44           0.77            -77.03        70.73         79.11          0.75        0.58        0.86         -57.99         46.51          62.44           -19.03        24.22         16.67          
13.93 -0.186 0.273  -0.378 0.30           0.31           0.43            95.25         95.05         93.65          0.37        0.38        0.49         53.36          54.43          62.73           41.89         40.62         30.92          
13.97 -0.172 0.261  -0.379 0.56           0.43           0.56            -39.85        0.54          39.85          0.77        0.68        0.77         -27.83         0.34           27.84           -12.02        0.20          12.02          
14.00 -0.167 0.257  -0.392 0.18           0.43           0.45            -34.90        70.04         70.61          0.41        0.57        0.58         -14.56         45.71          46.60           -20.34        24.33         24.01          
14.03 -0.161 0.254  -0.402 0.22           0.34           0.36            -30.12        57.03         58.74          0.45        0.52        0.53         -13.93         33.39          35.16           -16.19        23.64         23.58          
14.07 -0.155 0.243  -0.414 0.36           0.40           0.52            -65.39        67.76         73.04          0.52        0.55        0.64         -39.54         42.77          51.11           -25.85        25.00         21.93          
14.10 -0.160 0.241  -0.423 0.14           0.28           0.29            -152.01       115.43        114.75         0.14        0.29        0.29         -26.78         63.40          64.11           -125.24       52.03         50.64          
14.13 -0.160 0.243  -0.434 0.07           0.34           0.34            94.05         90.84         90.83          0.25        0.42        0.42         15.93          53.89          54.46           78.11         36.96         36.36          
14.17 -0.162 0.243  -0.449 0.07           0.46           0.46            -178.27       99.22         99.22          0.18        0.49        0.49         -0.73          69.06          69.06           -177.53       30.16         30.16          
14.20 -0.148 0.240  -0.466 0.42           0.65           0.65            -9.88         50.61         50.89          0.66        0.83        0.83         -6.18          37.13          37.41           -3.70         13.48         13.48          
14.23 -0.162 0.245  -0.482 0.42           0.63           0.65            163.37        129.48        128.65         0.20        0.51        0.53         141.87         107.40         106.93          21.50         22.08         21.73          
14.27 -0.159 0.239  -0.495 0.19           0.39           0.43            -63.60        77.40         78.48          0.38        0.51        0.53         -27.06         48.61          51.21           -36.54        28.79         27.27          
14.30 -0.155 0.216  -0.499 0.71           0.16           0.72            -81.13        48.32         81.27          0.78        0.38        0.79         -62.78         18.80          63.13           -18.36        29.51         18.14          
14.33 -0.155 0.197  -0.521 0.56           0.65           0.86            -89.87        89.89         89.91          0.61        0.70        0.89         -65.75         68.91          73.67           -24.11        20.98         16.24          
14.37 -0.159 0.195  -0.521 0.12           0.09           0.12            -143.97       171.79        143.45         0.17        0.16        0.17         -23.64         4.97           24.05           -120.34       166.82        119.40         
14.40 -0.168 0.193  -0.530 0.30           0.41           0.41            -172.91       136.88        136.63         0.06        0.28        0.28         -141.80        99.59          99.51           -31.10        37.29         37.13          
14.43 -0.171 0.185  -0.519 0.28           0.36           0.44            -107.64       -103.47       100.83         0.31        0.39        0.47         -57.63         -64.47         69.12           -50.01        -39.00        31.71          
14.47 -0.175 0.181  -0.513 0.17           0.20           0.24            -132.11       -124.30       118.57         0.19        0.22        0.25         -42.44         -50.47         56.62           -89.67        -73.83        61.94          
14.50 -0.178 0.177  -0.504 0.16           0.31           0.33            -130.18       -108.99       107.68         0.19        0.33        0.35         -38.30         -62.70         64.46           -91.88        -46.29        43.22          
14.53 -0.190 0.190  -0.506 0.54           0.36           0.55            130.14        168.77        129.75         0.43        0.12        0.43         103.55         145.21         103.37          26.59         23.56         26.38          
14.57 -0.200 0.204  -0.513 0.49           0.35           0.53            125.80        144.98        122.77         0.40        0.20        0.45         95.22          100.25         94.66           30.58         44.72         28.10          
14.60 -0.217 0.214  -0.507 0.60           0.54           0.62            149.69        -163.46       146.75         0.40        0.31        0.43         131.53         -150.16        128.30          18.16         -13.30        18.45          
14.63 -0.212 0.206  -0.501 0.27           0.24           0.34            -61.10        -56.68        67.09          0.45        0.43        0.49         -32.05         -27.73         39.26           -29.05        -28.95        27.82          
14.67 -0.217 0.227  -0.473 0.66           0.84           1.06            101.26        -98.91        97.02          0.66        0.83        1.06         79.50          -81.70         83.46           21.76         -17.21        13.56          
14.70 -0.221 0.233  -0.463 0.22           0.35           0.39            127.80        -113.46       110.75         0.21        0.34        0.38         57.62          -70.46         72.79           70.19         -43.00        37.95          
14.73 -0.226 0.246  -0.461 0.41           0.15           0.42            110.39        -164.12       110.28         0.40        0.11        0.40         74.78          -21.24         74.87           35.60         -142.87       35.42          
14.77 -0.230 0.251  -0.462 0.19           0.12           0.20            126.63        166.41        126.20         0.21        0.14        0.21         49.11          11.73          49.56           77.52         154.67        76.63          
14.80 -0.234 0.265  -0.458 0.41           0.18           0.43            108.89        -137.74       108.10         0.41        0.17        0.43         73.42          -46.24         74.13           35.48         -91.50        33.97          
14.83 -0.235 0.270  -0.450 0.16           0.24           0.29            100.53        -97.04        95.87          0.27        0.33        0.36         36.14          -47.72         52.86           64.39         -49.32        43.02          
14.87 -0.237 0.278  -0.433 0.25           0.51           0.57            101.80        -95.72        95.16          0.32        0.55        0.60         51.03          -68.80         70.72           50.77         -26.92        24.44          
14.90 -0.247 0.285  -0.416 0.36           0.59           0.62            146.37        -120.46       118.71         0.20        0.51        0.55         103.77         -95.47         95.10           42.60         -24.98        23.61          
14.93 -0.251 0.290  -0.405 0.21           0.34           0.38            124.48        -110.33       108.06         0.22        0.34        0.38         52.39          -67.44         69.91           72.09         -42.89        38.15          
14.97 -0.262 0.285  -0.391 0.38           0.55           0.57            -153.75       -128.27       126.33         0.19        0.44        0.47         -118.10        -101.73        100.95          -35.66        -26.54        25.37          
15.00 -0.274 0.294  -0.388 0.45           0.37           0.46            143.97        -164.80       142.17         0.28        0.15        0.30         112.84         -138.43        111.53          31.12         -26.36        30.64          
15.03 -0.285 0.309  -0.383 0.57           0.35           0.59            122.96        -153.22       121.64         0.48        0.17        0.51         97.10          -110.84        96.75           25.86         -42.38        24.89          
15.07 -0.288 0.320  -0.374 0.33           0.28           0.41            109.93        -114.06       105.72         0.34        0.29        0.42         66.01          -61.27         70.94           43.93         -52.80        34.78          
15.10 -0.296 0.328  -0.360 0.34           0.48           0.54            131.81        -118.41       114.84         0.25        0.42        0.49         84.64          -86.75         87.22           47.17         -31.66        27.62          
15.13 -0.297 0.338  -0.347 0.30           0.40           0.50            95.88         -94.52        93.59          0.37        0.45        0.54         54.13          -60.95         66.23           41.75         -33.57        27.36          
15.17 -0.297 0.338  -0.342 0.01           0.14           0.14            158.38        -94.76        94.75          0.24        0.28        0.28         1.12           -30.61         30.62           157.26        -64.15        64.13          
15.20 -0.302 0.354  -0.337 0.48           0.23           0.51            107.65        -129.10       106.50         0.47        0.21        0.50         76.94          -59.34         77.81           30.71         -69.76        28.69          
15.23 -0.290 0.345  -0.341 0.43           0.38           0.46            -35.93        21.80         39.62          0.65        0.62        0.67         -22.97         13.16          25.83           -12.97        8.64          13.79          
15.27 -0.291 0.340  -0.341 0.15           0.02           0.15            -97.79        -149.02       97.77          0.27        0.23        0.27         -32.06         -2.95          32.15           -65.73        -146.08       65.62          
15.30 -0.281 0.334  -0.341 0.35           0.30           0.35            -30.79        -0.84         30.80          0.58        0.55        0.58         -18.00         -0.46          18.00           -12.79        -0.38         12.80          
15.33 -0.277 0.331  -0.344 0.14           0.16           0.18            -37.71        43.23         50.60          0.37        0.38        0.39         -13.59         16.38          20.84           -24.12        26.85         29.76          
15.37 -0.263 0.318  -0.347 0.60           0.44           0.61            -43.68        11.10         44.27          0.80        0.69        0.81         -31.26         7.11           31.79           -12.42        3.99          12.48          
15.40 -0.255 0.309  -0.353 0.35           0.31           0.40            -46.07        37.56         52.26          0.55        0.53        0.59         -27.12         20.77          32.51           -18.95        16.78         19.75          
15.43 -0.251 0.306  -0.358 0.14           0.19           0.21            -38.72        53.11         57.25          0.37        0.39        0.40         -13.95         22.43          25.73           -24.77        30.67         31.53          
15.47 -0.246 0.291  -0.366 0.49           0.27           0.54            -71.85        55.95         73.56          0.62        0.46        0.66         -49.16         29.31          52.13           -22.69        26.64         21.44          
15.50 -0.242 0.292  -0.383 0.13           0.52           0.53            20.73         76.51         76.56          0.38        0.63        0.63         7.09           53.88          54.00           13.64         22.63         22.57          
15.53 -0.251 0.303  -0.395 0.41           0.45           0.55            129.68        125.50        118.41         0.32        0.37        0.49         92.42          92.08          91.58           37.26         33.42         26.83          
15.57 -0.237 0.298  -0.408 0.43           0.57           0.58            -17.74        44.23         45.70          0.67        0.77        0.78         -11.22         31.11          32.42           -6.52         13.12         13.27          
15.60 -0.227 0.299  -0.419 0.32           0.44           0.44            5.45          44.64         44.77          0.56        0.64        0.64         3.04           28.79          28.90           2.41          15.85         15.87          
15.63 -0.222 0.314  -0.419 0.45           0.13           0.46            72.96         5.13          72.97          0.58        0.38        0.58         48.61          1.79           48.62           24.35         3.34          24.34          
15.67 -0.223 0.319  -0.426 0.15           0.21           0.26            101.24        97.98         96.54          0.27        0.30        0.34         33.97          43.68          49.45           67.27         54.30         47.09          
15.70 -0.216 0.320  -0.443 0.21           0.55           0.55            9.92          67.83         67.88          0.46        0.69        0.69         4.54           48.09          48.16           5.38          19.74         19.72          
15.73 -0.206 0.302  -0.434 0.63           0.42           0.69            -60.06        -41.92        62.90          0.78        0.63        0.83         -43.96         -26.51         47.35           -16.10        -15.42        15.56          
15.77 -0.191 0.290  -0.443 0.59           0.52           0.64            -39.14        30.07         44.96          0.79        0.75        0.84         -27.68         20.47          32.78           -11.45        9.60          12.18          
15.80 -0.185 0.286  -0.439 0.21           0.21           0.23            -27.59        -28.50        37.00          0.44        0.44        0.45         -12.41         -12.88         17.60           -15.18        -15.63        19.40          
15.83 -0.182 0.284  -0.439 0.12           0.08           0.12            -48.64        -8.57         48.89          0.34        0.33        0.34         -15.01         -2.04          15.14           -33.63        -6.53         33.75          
15.87 -0.182 0.284  -0.429 0.01           0.30           0.30            133.73        -91.63        91.62          0.24        0.39        0.39         2.14           -51.50         51.51           131.60        -40.13        40.12          
15.90 -0.167 0.262  -0.420 0.80           0.53           0.84            -55.46        -31.05        57.55          0.96        0.75        1.00         -43.08         -21.19         45.35           -12.38        -9.87         12.20          
15.93 -0.159 0.251  -0.412 0.41           0.33           0.47            -54.66        -44.33        59.76          0.59        0.54        0.63         -34.38         -25.36         39.77           -20.28        -18.97        19.99          
15.97 -0.164 0.249  -0.397 0.14           0.48           0.48            -160.26       -106.50       106.41         0.12        0.47        0.48         -23.16         -76.05         76.12           -137.10       -30.45        30.29          
16.00 -0.167 0.242  -0.394 0.24           0.13           0.25            -116.88       -147.67       115.76         0.26        0.16        0.26         -56.06         -25.49         57.35           -60.81        -122.18       58.41          
16.03 -0.179 0.242  -0.366 0.35           0.93           0.93            -178.71       -111.79       111.79         0.10        0.87        0.87         -175.38        -96.33         96.33           -3.34         -15.46        15.46          
16.07 -0.176 0.239  -0.349 0.12           0.50           0.50            -41.85        -79.93        80.05          0.35        0.59        0.60         -13.00         -55.43         55.76           -28.85        -24.50        24.29          
16.10 -0.184 0.243  -0.330 0.26           0.61           0.62            152.51        -111.89       111.47         0.12        0.57        0.58         79.70          -87.82         87.87           72.81         -24.06        23.60          
16.13 -0.196 0.243  -0.333 0.38           0.38           0.39            -176.93       168.48        168.10         0.13        0.15        0.15         -170.95        148.79         147.93          -5.98         19.69         20.17          
16.17 -0.207 0.257  -0.323 0.54           0.44           0.61            126.87        -137.29       121.66         0.43        0.31        0.53         99.49          -103.57        97.83           27.38         -33.72        23.84          
16.20 -0.210 0.258  -0.313 0.09           0.32           0.32            168.37        -106.38       106.35         0.16        0.35        0.35         6.60           -62.40         62.44           161.78        -43.98        43.91          
16.23 -0.217 0.256  -0.287 0.21           0.82           0.82            -170.25       -104.87       104.86         0.05        0.79        0.79         -41.78         -87.08         87.08           -128.47       -17.80        17.78          
16.27 -0.212 0.253  -0.275 0.18           0.39           0.40            -29.26        -66.69        67.27          0.41        0.54        0.55         -12.08         -41.54         42.35           -17.19        -25.14        24.92          
16.30 -0.201 0.242  -0.266 0.47           0.41           0.53            -46.30        -37.94        52.53          0.67        0.63        0.71         -30.55         -23.74         36.36           -15.74        -14.20        16.18          
16.33 -0.208 0.251  -0.265 0.33           0.20           0.33            127.20        -167.20       126.80         0.27        0.07        0.27         79.03          -41.65         79.18           48.18         -125.55       47.62          
16.37 -0.200 0.258  -0.253 0.31           0.43           0.48            40.53         -57.17        60.53          0.53        0.61        0.64         22.53          -36.94         40.65           18.00         -20.23        19.88          
16.40 -0.196 0.255  -0.241 0.14           0.37           0.38            -38.56        -72.57        73.06          0.37        0.51        0.51         -13.77         -44.41         45.28           -24.78        -28.16        27.78          
16.43 -0.196 0.255  -0.224 0.00           0.51           0.51            19.37         -89.57        89.57          0.25        0.57        0.57         0.30           -63.68         63.68           19.07         -25.89        25.89          
16.47 -0.191 0.244  -0.220 0.36           0.19           0.37            -62.83        -32.84        64.03          0.52        0.43        0.53         -37.63         -14.33         39.08           -25.20        -18.52        24.94          
16.50 -0.178 0.243  -0.217 0.38           0.39           0.39            -6.54         -12.75        14.24          0.63        0.64        0.64         -3.96          -7.78          8.71            -2.58         -4.97         5.52           
16.53 -0.180 0.248  -0.217 0.18           0.07           0.18            113.11        -165.32       112.98         0.25        0.18        0.25         43.37          -6.03          43.54           69.74         -159.30       69.44          
16.57 -0.183 0.249  -0.203 0.10           0.43           0.43            168.90        -102.74       102.73         0.16        0.45        0.45         6.91           -69.88         69.90           162.00        -32.86        32.83          
16.60 -0.176 0.266  -0.211 0.55           0.34           0.61            67.55         51.83         69.91          0.69        0.53        0.74         47.88          30.18          51.33           19.66         21.65         18.57          
16.63 -0.171 0.267  -0.200 0.17           0.37           0.38            15.84         -64.03        64.25          0.42        0.53        0.53         6.40           -39.04         39.31           9.45          -24.99        24.94          
16.67 -0.170 0.275  -0.199 0.24           0.05           0.25            80.14         -38.44        80.23          0.38        0.29        0.38         39.37          -6.46          39.64           40.76         -31.98        40.59          
16.70 -0.173 0.284  -0.196 0.26           0.14           0.28            110.50        -132.48       109.09         0.29        0.19        0.31         57.19          -32.35         59.17           53.31         -100.13       49.92          
16.73 -0.164 0.274  -0.191 0.39           0.31           0.42            -45.28        -29.25        49.10          0.59        0.54        0.61         -27.78         -16.28         31.06           -17.50        -12.96        18.04          
16.77 -0.155 0.258  -0.200 0.56           0.39           0.63            -62.46        47.89         65.69          0.71        0.59        0.77         -44.39         29.45          48.49           -18.07        18.44         17.20          
16.80 -0.136 0.237  -0.211 0.84           0.64           0.90            -48.30        29.38         51.47          1.02        0.87        1.07         -37.79         21.25          40.94           -10.51        8.13          10.53          
16.83 -0.130 0.233  -0.215 0.22           0.23           0.25            -28.29        31.49         39.20          0.46        0.46        0.47         -13.27         15.03          19.67           -15.02        16.46         19.53          
16.87 -0.125 0.235  -0.230 0.15           0.46           0.47            22.02         72.59         72.72          0.39        0.59        0.59         8.22           48.73          48.96           13.80         23.86         23.76          
16.90 -0.119 0.236  -0.241 0.20           0.40           0.41            9.73          61.33         61.43          0.45        0.57        0.57         4.29           38.63          38.75           5.45          22.70         22.68          
16.93 -0.103 0.232  -0.247 0.48           0.48           0.50            -17.57        19.43         25.36          0.72        0.72        0.74         -11.54         12.81          17.00           -6.03         6.62          8.37           
16.97 -0.112 0.238  -0.259 0.31           0.45           0.48            141.79        122.92        119.97         0.19        0.37        0.42         87.61          88.78          88.91           54.18         34.13         31.06          
17.00 -0.102 0.239  -0.264 0.29           0.32           0.32            8.12          25.89         26.84          0.54        0.56        0.56         4.37           14.59          15.17           3.74          11.31         11.66          
17.03 -0.097 0.249  -0.249 0.33           0.47           0.55            63.18         -71.67        74.51          0.49        0.60        0.67         36.34          -48.30         53.31           26.84         -23.36        21.20          
17.07 -0.094 0.251  -0.248 0.10           0.08           0.10            37.72         -15.39        39.38          0.34        0.33        0.34         10.58          -3.80          11.21           27.14         -11.59        28.17          
17.10 -0.094 0.259  -0.242 0.24           0.20           0.31            90.36         -90.41        90.27          0.34        0.32        0.40         43.47          -39.29         51.39           46.89         -51.12        38.88          
17.13 -0.098 0.265  -0.238 0.21           0.16           0.24            120.53        -134.06       116.73         0.23        0.18        0.26         52.45          -38.41         56.72           68.07         -95.65        60.01          
17.17 -0.101 0.273  -0.239 0.25           0.08           0.26            107.82        157.42        107.67         0.30        0.18        0.30         54.45          10.59          54.69           53.37         146.83        52.98          
