time  x      y      z      groundspeedxy  groundspeedxz  groundspeedxyz  trackanglexy  trackanglexz  trackanglexyz  airspeedxy  airspeedxz  airspeedxyz  courseanglexy  courseanglexz  courseanglexyz  driftanglexy  driftanglexz  driftanglexyz  
0.00  -0.934 0.304  -0.281 
0.03  -0.920 0.304  -0.280 0.43           0.43           0.43            -1.87         -5.04         5.37           0.68        0.68        0.68         -1.19          -3.19          3.40            -0.69         -1.84         1.97           
0.07  -0.910 0.304  -0.287 0.31           0.38           0.38            -0.15         36.28         36.28          0.56        0.60        0.60         -0.08          22.00          22.00           -0.07         14.29         14.29          
0.10  -0.899 0.300  -0.300 0.34           0.49           0.50            -19.84        49.71         50.97          0.58        0.68        0.69         -11.42         33.44          34.63           -8.42         16.27         16.34          
0.13  -0.884 0.290  -0.315 0.56           0.65           0.72            -33.04        43.50         49.00          0.78        0.85        0.90         -23.00         31.77          36.90           -10.04        11.73         12.10          
0.17  -0.877 0.276  -0.331 0.48           0.54           0.69            -64.10        67.04         72.30          0.63        0.67        0.80         -43.15         47.05          54.95           -20.96        19.99         17.35          
0.20  -0.866 0.264  -0.351 0.47           0.68           0.76            -47.56        62.03         65.34          0.67        0.83        0.90         -31.51         46.56          50.68           -16.05        15.48         14.66          
0.23  -0.862 0.261  -0.379 0.17           0.85           0.85            -37.92        80.98         81.05          0.40        0.92        0.93         -15.12         65.41          65.57           -22.80        15.57         15.47          
0.27  -0.853 0.260  -0.397 0.26           0.60           0.60            -1.39         64.06         64.06          0.51        0.75        0.75         -0.72          46.58          46.58           -0.68         17.48         17.48          
0.30  -0.846 0.257  -0.418 0.24           0.67           0.68            -26.74        71.26         71.51          0.48        0.79        0.79         -13.12         53.74          54.13           -13.63        17.53         17.38          
0.33  -0.849 0.266  -0.437 0.30           0.58           0.65            111.34        100.89        99.79          0.31        0.59        0.65         63.47          76.20          77.57           47.87         24.69         22.22          
0.37  -0.856 0.276  -0.454 0.36           0.54           0.61            125.20        112.59        109.72         0.30        0.50        0.58         81.61          85.03          85.72           43.59         27.56         24.00          
0.40  -0.858 0.287  -0.469 0.33           0.45           0.56            96.78         94.95         94.01          0.39        0.50        0.59         57.13          64.78          69.16           39.65         30.17         24.84          
0.43  -0.861 0.296  -0.483 0.30           0.45           0.53            110.91        103.84        101.69         0.32        0.46        0.54         63.33          72.06          74.78           47.57         31.78         26.92          
0.47  -0.867 0.302  -0.494 0.26           0.35           0.40            132.58        119.49        115.72         0.20        0.32        0.37         68.11          76.11          78.11           64.48         43.38         37.61          
0.50  -0.872 0.308  -0.509 0.22           0.49           0.51            132.02        107.47        106.54         0.19        0.48        0.50         57.41          77.42          78.10           74.61         30.05         28.45          
0.53  -0.868 0.300  -0.520 0.27           0.34           0.42            -64.09        69.97         73.74          0.44        0.49        0.55         -33.33         41.23          47.62           -30.76        28.74         26.13          
0.57  -0.870 0.294  -0.536 0.19           0.49           0.52            -106.69       96.30         95.92          0.27        0.52        0.55         -42.16         67.86          69.11           -64.53        28.44         26.81          
0.60  -0.872 0.290  -0.550 0.14           0.42           0.44            -117.98       98.72         98.38          0.22        0.46        0.47         -33.14         66.14          66.98           -84.83        32.57         31.40          
0.63  -0.871 0.288  -0.547 0.06           0.09           0.10            -49.14        -66.49        68.76          0.29        0.30        0.30         -8.61          -16.76         18.62           -40.53        -49.73        50.14          
0.67  -0.867 0.290  -0.557 0.10           0.30           0.30            18.33         70.80         70.92          0.35        0.45        0.45         5.39           39.25          39.44           12.95         31.55         31.48          
0.70  -0.873 0.289  -0.549 0.16           0.28           0.28            -172.09       -124.33       124.21         0.09        0.25        0.25         -13.87         -68.97         69.06           -158.22       -55.36        55.15          
0.73  -0.879 0.288  -0.540 0.20           0.33           0.33            -172.31       -126.09       125.95         0.06        0.27        0.27         -25.36         -78.27         78.32           -146.95       -47.82        47.63          
0.77  -0.885 0.291  -0.525 0.19           0.48           0.49            148.86        -110.09       109.65         0.13        0.46        0.47         49.03          -79.14         79.39           99.83         -30.95        30.26          
0.80  -0.887 0.280  -0.507 0.35           0.55           0.65            -101.90       -97.49        96.37          0.38        0.57        0.67         -62.38         -71.92         74.52           -39.53        -25.57        21.85          
0.83  -0.895 0.279  -0.486 0.25           0.68           0.68            -177.35       -111.50       111.49         0.01        0.63        0.63         -84.30         -89.90         89.90           -93.05        -21.60        21.60          
0.87  -0.891 0.272  -0.464 0.24           0.66           0.69            -61.27        -79.83        80.33          0.42        0.74        0.77         -30.04         -60.50         61.73           -31.23        -19.34        18.60          
0.90  -0.882 0.260  -0.447 0.46           0.58           0.69            -53.24        -61.32        66.19          0.65        0.73        0.82         -35.16         -43.89         50.01           -18.08        -17.43        16.17          
0.93  -0.876 0.251  -0.426 0.34           0.67           0.73            -56.16        -73.62        74.93          0.52        0.78        0.83         -32.81         -55.78         58.08           -23.35        -17.84        16.85          
0.97  -0.867 0.248  -0.400 0.27           0.81           0.82            -16.08        -71.37        71.45          0.52        0.92        0.93         -8.35          -56.50         56.63           -7.72         -14.87        14.82          
1.00  -0.851 0.248  -0.377 0.47           0.84           0.84            -1.10         -56.06        56.06          0.72        1.00        1.00         -0.72          -44.10         44.10           -0.38         -11.95        11.95          
1.03  -0.834 0.243  -0.355 0.54           0.83           0.84            -14.44        -50.52        51.14          0.79        1.00        1.01         -9.90          -39.44         40.06           -4.54         -11.08        11.08          
1.07  -0.824 0.239  -0.332 0.32           0.75           0.77            -26.54        -67.94        68.34          0.55        0.88        0.89         -14.86         -52.66         53.22           -11.68        -15.28        15.12          
1.10  -0.811 0.240  -0.317 0.40           0.60           0.60            7.29          -47.78        47.97          0.65        0.79        0.79         4.51           -34.18         34.36           2.78          -13.60        13.61          
1.13  -0.810 0.246  -0.302 0.18           0.47           0.50            80.81         -86.45        86.68          0.33        0.54        0.57         32.60          -59.06         60.76           48.21         -27.39        25.92          
1.17  -0.811 0.267  -0.294 0.64           0.25           0.68            92.35         -96.08        92.20          0.67        0.33        0.72         70.61          -47.61         71.82           21.74         -48.47        20.38          
1.20  -0.817 0.286  -0.286 0.57           0.28           0.61            107.43        -127.79       106.23         0.55        0.23        0.59         81.72          -70.24         82.32           25.70         -57.55        23.90          
1.23  -0.817 0.302  -0.293 0.51           0.19           0.54            90.58         91.52         90.54          0.56        0.31        0.59         64.16          38.21          65.65           26.42         53.31         24.89          
1.27  -0.820 0.320  -0.301 0.53           0.27           0.58            100.44        110.61        99.40          0.54        0.30        0.60         73.34          58.59          74.96           27.10         52.02         24.44          
1.30  -0.839 0.337  -0.309 0.78           0.62           0.81            137.71        158.94        135.35         0.62        0.39        0.65         121.87         145.75         119.79          15.84         13.19         15.56          
1.33  -0.848 0.349  -0.313 0.44           0.28           0.46            124.29        151.37        122.58         0.37        0.14        0.39         89.86          89.62          89.87           34.43         61.76         32.71          
1.37  -0.859 0.365  -0.328 0.59           0.56           0.73            125.88        127.95        117.94         0.48        0.45        0.65         101.15         102.01         98.23           24.72         25.95         19.71          
1.40  -0.870 0.383  -0.336 0.62           0.41           0.67            121.26        142.04        118.75         0.53        0.26        0.59         97.69          105.91         96.96           23.57         36.13         21.79          
1.43  -0.883 0.386  -0.349 0.41           0.56           0.57            167.62        135.31        134.62         0.17        0.42        0.43         149.41         110.56         110.12          18.22         24.74         24.50          
1.47  -0.893 0.418  -0.357 1.00           0.39           1.03            107.89        141.58        107.37         0.96        0.25        0.99         93.51          103.47         93.40           14.38         38.10         13.96          
1.50  -0.904 0.422  -0.364 0.35           0.37           0.40            157.77        150.87        145.35         0.15        0.20        0.24         119.97         112.92         108.83          37.80         37.94         36.52          
1.53  -0.917 0.448  -0.383 0.85           0.70           1.04            115.86        122.38        111.06         0.78        0.60        0.97         99.05          101.77         97.21           16.81         20.61         13.85          
1.57  -0.930 0.463  -0.395 0.60           0.54           0.70            130.89        137.31        124.08         0.48        0.39        0.60         107.57         111.62         103.89          23.33         25.69         20.19          
1.60  -0.945 0.479  -0.409 0.69           0.63           0.80            133.18        138.82        125.96         0.55        0.47        0.69         113.75         118.19         108.78          19.44         20.64         17.18          
1.63  -0.962 0.492  -0.428 0.62           0.76           0.85            142.52        130.19        125.34         0.44        0.63        0.73         122.51         112.44         109.11          20.00         17.75         16.22          
1.67  -0.980 0.503  -0.443 0.66           0.71           0.79            148.76        141.94        135.28         0.46        0.54        0.64         132.39         125.27         119.21          16.37         16.67         16.07          
1.70  -1.000 0.506  -0.461 0.58           0.80           0.80            173.25        136.74        136.52         0.34        0.64        0.64         168.26         121.19         120.99          4.99          15.56         15.53          
1.73  -1.018 0.511  -0.490 0.56           1.01           1.02            162.36        121.94        121.45         0.33        0.90        0.92         149.12         108.34         108.02          13.24         13.60         13.43          
1.77  -1.032 0.516  -0.513 0.45           0.82           0.84            159.89        120.77        120.19         0.23        0.73        0.74         137.92         103.57         103.27          21.98         17.20         16.92          
1.80  -1.046 0.524  -0.538 0.50           0.87           0.90            151.48        120.43        119.23         0.30        0.77        0.81         128.43         104.21         103.56          23.06         16.22         15.67          
1.83  -1.057 0.530  -0.557 0.39           0.66           0.68            151.77        120.99        119.75         0.20        0.57        0.60         116.18         99.01          98.58           35.59         21.98         21.17          
1.87  -1.057 0.537  -0.572 0.19           0.45           0.49            85.41         88.03         88.19          0.33        0.52        0.56         36.11          59.58          61.64           49.29         28.45         26.55          
1.90  -1.060 0.544  -0.581 0.23           0.29           0.36            116.62        111.50        107.21         0.25        0.30        0.37         55.39          61.53          66.91           61.24         49.97         40.30          
1.93  -1.065 0.565  -0.590 0.64           0.31           0.69            102.98        117.48        101.90         0.63        0.29        0.69         80.19          68.69          81.02           22.79         48.80         20.88          
1.97  -1.068 0.581  -0.591 0.50           0.07           0.50            98.18         164.35        98.18          0.53        0.18        0.53         70.08          6.34           70.09           28.10         158.01        28.08          
2.00  -1.071 0.594  -0.586 0.41           0.17           0.43            104.35        -125.93       103.57         0.42        0.20        0.44         69.31          -43.08         70.40           35.04         -82.85        33.17          
2.03  -1.072 0.600  -0.583 0.16           0.10           0.19            98.84         -105.11       97.68          0.28        0.24        0.29         35.71          -22.50         39.68           63.14         -82.61        58.00          
2.07  -1.066 0.599  -0.580 0.18           0.20           0.20            -5.98         -28.87        29.30          0.42        0.43        0.44         -2.46          -12.76         12.98           -3.51         -16.11        16.32          
2.10  -1.067 0.589  -0.571 0.29           0.26           0.39            -98.06        -98.78        95.96          0.35        0.34        0.44         -53.67         -51.29         61.55           -44.39        -47.49        34.41          
2.13  -1.064 0.578  -0.551 0.34           0.62           0.70            -74.35        -81.40        82.42          0.48        0.70        0.77         -43.90         -60.72         63.73           -30.45        -20.68        18.69          
2.17  -1.057 0.569  -0.536 0.36           0.49           0.57            -53.51        -63.49        67.53          0.55        0.64        0.70         -32.14         -42.97         48.33           -21.37        -20.52        19.20          
2.20  -1.049 0.561  -0.512 0.32           0.77           0.81            -44.31        -72.63        73.34          0.53        0.88        0.91         -25.12         -56.92         58.08           -19.19        -15.71        15.26          
2.23  -1.035 0.527  -0.482 1.11           0.99           1.43            -67.89        -65.05        72.99          1.23        1.12        1.52         -57.01         -53.36         63.94           -10.89        -11.69        9.05           
2.27  -1.025 0.516  -0.441 0.44           1.26           1.30            -45.80        -76.01        76.43          0.64        1.34        1.38         -29.46         -65.59         66.27           -16.34        -10.41        10.16          
2.30  -1.015 0.502  -0.403 0.52           1.16           1.24            -55.71        -75.43        76.35          0.69        1.25        1.32         -38.36         -64.28         65.77           -17.35        -11.15        10.58          
2.33  -1.004 0.480  -0.368 0.75           1.10           1.29            -61.96        -71.42        74.13          0.89        1.21        1.38         -47.67         -60.10         64.07           -14.29        -11.32        10.06          
2.37  -0.987 0.468  -0.330 0.62           1.26           1.30            -34.87        -65.93        66.90          0.84        1.38        1.42         -25.09         -56.38         57.59           -9.78         -9.55         9.31           
2.40  -0.973 0.453  -0.290 0.63           1.27           1.35            -47.83        -70.64        71.86          0.82        1.38        1.45         -34.72         -60.76         62.44           -13.11        -9.88         9.42           
2.43  -0.957 0.438  -0.246 0.62           1.42           1.48            -42.94        -71.18        72.00          0.83        1.52        1.57         -31.03         -62.19         63.31           -11.91        -8.98         8.69           
2.47  -0.938 0.418  -0.216 0.84           1.06           1.22            -46.86        -57.24        62.06          1.03        1.21        1.36         -36.62         -47.27         52.71           -10.24        -9.97         9.35           
2.50  -0.915 0.406  -0.198 0.78           0.88           0.95            -28.47        -38.61        43.99          1.01        1.09        1.15         -21.68         -30.35         35.28           -6.79         -8.26         8.70           
2.53  -0.891 0.396  -0.186 0.78           0.81           0.86            -21.24        -25.81        31.82          1.02        1.04        1.08         -16.14         -19.80         24.79           -5.10         -6.01         7.03           
2.57  -0.870 0.379  -0.183 0.82           0.65           0.83            -38.62        -6.66         38.91          1.03        0.90        1.03         -29.90         -4.80          30.16           -8.72         -1.85         8.75           
2.60  -0.855 0.362  -0.190 0.68           0.49           0.70            -48.02        23.62         50.06          0.86        0.73        0.89         -35.59         15.72          37.56           -12.43        7.89          12.50          
2.63  -0.841 0.347  -0.207 0.61           0.65           0.79            -48.20        51.50         59.28          0.80        0.83        0.94         -34.66         37.85          46.13           -13.54        13.65         13.15          
2.67  -0.831 0.323  -0.232 0.79           0.81           1.09            -68.16        68.75         74.41          0.91        0.93        1.18         -53.38         54.19          62.63           -14.78        14.55         11.77          
2.70  -0.829 0.330  -0.254 0.21           0.68           0.71            71.89         84.53         84.74          0.37        0.75        0.77         32.21          65.05          65.94           39.68         19.48         18.81          
2.73  -0.829 0.295  -0.289 1.04           1.04           1.47            -90.03        90.03         90.02          1.07        1.07        1.49         -76.48         76.46          80.34           -13.55        13.57         9.68           
2.77  -0.825 0.277  -0.320 0.56           0.93           1.08            -77.86        82.71         83.72          0.66        0.99        1.13         -56.15         68.25          71.07           -21.72        14.46         12.65          
2.80  -0.822 0.250  -0.364 0.79           1.34           1.56            -83.40        86.11         86.65          0.86        1.38        1.59         -66.59         75.72          77.63           -16.81        10.39         9.02           
2.83  -0.827 0.226  -0.391 0.74           0.81           1.09            -100.52       99.62         97.14          0.74        0.81        1.09         -81.07         81.84          83.96           -19.45        17.78         13.18          
2.87  -0.822 0.217  -0.421 0.32           0.90           0.94            -61.03        80.14         80.58          0.49        0.98        1.02         -34.62         65.53          66.53           -26.41        14.60         14.05          
2.90  -0.815 0.210  -0.459 0.29           1.17           1.19            -43.00        79.70         79.84          0.50        1.24        1.26         -23.02         68.26          68.54           -19.98        11.44         11.30          
2.93  -0.805 0.214  -0.479 0.31           0.66           0.67            19.14         63.52         63.85          0.56        0.81        0.81         10.65          47.42          47.84           8.48          16.10         16.02          
2.97  -0.792 0.234  -0.497 0.71           0.66           0.89            56.89         53.99         64.11          0.87        0.83        1.03         43.04          39.96          51.44           13.85         14.04         12.67          
3.00  -0.782 0.247  -0.509 0.50           0.48           0.62            52.15         50.57         60.55          0.68        0.67        0.78         35.34          33.82          44.29           16.81         16.75         16.25          
3.03  -0.769 0.269  -0.511 0.78           0.39           0.78            60.49         9.41          60.60          0.93        0.64        0.93         46.94          5.73           47.07           13.55         3.68          13.53          
3.07  -0.760 0.290  -0.498 0.68           0.48           0.79            66.33         -55.64        69.75          0.81        0.66        0.91         49.98          -37.36         54.74           16.35         -18.28        15.00          
3.10  -0.747 0.310  -0.488 0.71           0.47           0.76            57.80         -37.35        60.42          0.87        0.69        0.91         43.67          -24.65         46.65           14.13         -12.70        13.78          
3.13  -0.738 0.329  -0.469 0.63           0.64           0.86            64.03         -64.53        71.20          0.77        0.78        0.97         47.17          -47.81         57.05           16.86         -16.73        14.14          
3.17  -0.725 0.340  -0.454 0.50           0.58           0.67            40.37         -49.51        55.36          0.71        0.77        0.83         27.11          -35.19         41.07           13.26         -14.32        14.29          
3.20  -0.713 0.347  -0.433 0.43           0.74           0.77            29.35         -59.21        60.53          0.66        0.89        0.92         18.72          -45.32         46.85           10.63         -13.89        13.69          
3.23  -0.702 0.348  -0.424 0.31           0.42           0.42            4.90          -42.53        42.66          0.56        0.63        0.63         2.72           -26.92         27.03           2.18          -15.61        15.63          
3.27  -0.685 0.344  -0.411 0.52           0.63           0.64            -11.78        -36.73        37.77          0.77        0.85        0.86         -7.96          -26.58         27.45           -3.82         -10.15        10.31          
3.30  -0.667 0.336  -0.407 0.59           0.55           0.60            -24.11        -12.92        26.70          0.83        0.80        0.83         -17.00         -8.91          18.96           -7.11         -4.01         7.74           
3.33  -0.650 0.332  -0.416 0.55           0.59           0.61            -14.32        27.06         29.73          0.79        0.82        0.84         -9.84          19.13          21.19           -4.49         7.93          8.53           
3.37  -0.630 0.329  -0.423 0.61           0.64           0.64            -7.51         19.09         20.32          0.86        0.88        0.88         -5.33          13.75          14.68           -2.18         5.34          5.64           
3.40  -0.607 0.330  -0.431 0.67           0.72           0.72            3.27          19.96         20.19          0.92        0.95        0.96         2.38           14.83          15.00           0.88          5.13          5.18           
3.43  -0.591 0.330  -0.447 0.48           0.69           0.69            -0.67         46.02         46.02          0.73        0.88        0.88         -0.44          34.22          34.22           -0.23         11.80         11.80          
3.47  -0.580 0.339  -0.463 0.44           0.57           0.63            36.90         52.02         56.04          0.66        0.75        0.80         23.73          36.87          41.00           13.17         15.15         15.04          
3.50  -0.561 0.336  -0.484 0.56           0.85           0.86            -8.47         49.42         49.65          0.81        1.03        1.04         -5.86          38.83          39.06           -2.61         10.59         10.59          
3.53  -0.546 0.337  -0.496 0.44           0.56           0.56            2.58          38.62         38.66          0.69        0.77        0.77         1.64           26.95          26.99           0.94          11.67         11.68          
3.57  -0.525 0.327  -0.516 0.72           0.90           0.94            -23.85        42.83         45.77          0.95        1.09        1.13         -17.76         33.89          36.66           -6.09         8.94          9.11           
3.60  -0.512 0.321  -0.532 0.42           0.60           0.63            -26.01        51.70         53.61          0.65        0.78        0.80         -16.29         37.17          39.10           -9.72         14.53         14.52          
3.63  -0.503 0.317  -0.552 0.31           0.67           0.68            -21.55        64.64         65.02          0.55        0.81        0.82         -11.91         48.40          48.89           -9.64         16.24         16.13          
3.67  -0.498 0.327  -0.576 0.34           0.72           0.78            63.68         78.13         79.05          0.50        0.81        0.87         37.01          60.58          62.57           26.68         17.55         16.48          
3.70  -0.504 0.338  -0.597 0.38           0.67           0.75            120.62        106.64        104.94         0.33        0.65        0.73         80.14          84.98          85.52           40.48         21.66         19.42          
3.73  -0.507 0.345  -0.621 0.23           0.71           0.74            116.68        98.32         98.00          0.25        0.72        0.75         54.24          78.16          78.62           62.45         20.16         19.38          
3.77  -0.528 0.358  -0.632 0.73           0.70           0.80            147.69        151.52        140.19         0.53        0.49        0.63         133.13         137.53         125.42          14.55         13.99         14.78          
3.80  -0.537 0.371  -0.641 0.50           0.40           0.57            125.45        135.97        120.39         0.41        0.28        0.49         95.33          97.72          94.40           30.11         38.24         25.99          
3.83  -0.547 0.394  -0.639 0.73           0.29           0.73            112.77        -166.16       112.66         0.67        0.08        0.67         92.64          -114.02        92.62           20.13         -52.14        20.04          
3.87  -0.562 0.415  -0.630 0.78           0.53           0.82            125.88        -149.97       123.71         0.66        0.34        0.72         108.13         -128.06        106.81          17.75         -21.91        16.91          
3.90  -0.570 0.435  -0.622 0.65           0.33           0.69            110.40        -133.96       109.13         0.61        0.24        0.66         87.88          -84.51         88.02           22.52         -49.45        21.11          
3.93  -0.574 0.453  -0.607 0.54           0.48           0.71            103.37        -105.27       100.16         0.54        0.48        0.71         76.77          -74.89         79.95           26.59         -30.37        20.21          
3.97  -0.586 0.475  -0.593 0.76           0.56           0.86            119.65        -131.92       115.67         0.67        0.43        0.79         100.67         -106.55        99.04           18.98         -25.37        16.63          
4.00  -0.586 0.486  -0.574 0.34           0.57           0.66            89.76         -89.85        89.88          0.42        0.62        0.71         53.71          -66.15         69.25           36.05         -23.71        20.62          
4.03  -0.593 0.508  -0.550 0.70           0.75           1.00            107.75        -106.44       102.24         0.67        0.72        0.98         86.82          -87.07         87.84           20.93         -19.37        14.40          
4.07  -0.588 0.513  -0.528 0.21           0.68           0.69            44.00         -77.34        77.61          0.42        0.77        0.79         19.83          -58.96         59.54           24.17         -18.38        18.08          
4.10  -0.587 0.529  -0.497 0.47           0.93           1.04            83.48         -86.71        87.06          0.55        0.97        1.08         56.88          -71.84         73.66           26.60         -14.87        13.40          
4.13  -0.585 0.538  -0.468 0.28           0.86           0.91            81.33         -87.19        87.32          0.40        0.91        0.95         43.60          -71.30         72.14           37.74         -15.89        15.18          
4.17  -0.580 0.547  -0.439 0.31           0.88           0.92            61.80         -80.55        80.97          0.48        0.96        0.99         34.38          -65.59         66.57           27.43         -14.96        14.40          
4.20  -0.575 0.545  -0.410 0.16           0.89           0.89            -17.14        -80.29        80.31          0.40        0.96        0.96         -6.59          -65.45         65.48           -10.55        -14.84        14.83          
4.23  -0.565 0.524  -0.377 0.71           1.02           1.20            -62.59        -71.45        74.27          0.85        1.13        1.29         -47.49         -59.33         63.53           -15.10        -12.12        10.74          
4.27  -0.553 0.494  -0.353 0.97           0.80           1.21            -69.50        -64.84        73.70          1.08        0.93        1.30         -56.98         -50.76         63.05           -12.52        -14.08        10.65          
4.30  -0.548 0.482  -0.320 0.41           1.03           1.10            -66.09        -80.75        81.30          0.56        1.10        1.16         -41.95         -67.76         69.00           -24.14        -12.98        12.30          
4.33  -0.533 0.457  -0.303 0.85           0.67           0.99            -59.27        -49.27        63.93          1.00        0.85        1.12         -46.86         -36.39         52.37           -12.40        -12.88        11.56          
4.37  -0.523 0.439  -0.294 0.62           0.40           0.67            -60.60        -41.35        63.22          0.77        0.61        0.82         -44.22         -25.76         47.37           -16.38        -15.59        15.85          
4.40  -0.508 0.410  -0.294 0.99           0.44           0.99            -63.47        1.44          63.47          1.13        0.69        1.13         -52.03         0.92           52.04           -11.43        0.52          11.43          
4.43  -0.491 0.384  -0.307 0.94           0.65           1.02            -56.46        36.99         59.33          1.10        0.86        1.16         -45.51         26.95          48.69           -10.95        10.04         10.64          
4.47  -0.490 0.374  -0.331 0.29           0.70           0.76            -81.58        86.52         86.78          0.41        0.76        0.81         -44.42         67.30          68.84           -37.15        19.23         17.95          
4.50  -0.488 0.365  -0.348 0.28           0.53           0.60            -80.69        84.97         85.57          0.41        0.60        0.66         -43.50         60.52          63.52           -37.18        24.45         22.05          
4.53  -0.489 0.355  -0.375 0.28           0.81           0.86            -97.76        92.70         92.55          0.35        0.84        0.88         -52.93         75.38          76.15           -44.84        17.32         16.40          
4.57  -0.493 0.351  -0.394 0.17           0.59           0.61            -132.98       101.45        101.20         0.18        0.60        0.61         -43.81         77.23          77.51           -89.17        24.23         23.69          
4.60  -0.489 0.327  -0.424 0.72           0.88           1.13            -80.82        82.48         84.16          0.80        0.95        1.18         -62.86         67.28          72.03           -17.96        15.20         12.13          
4.63  -0.494 0.327  -0.443 0.13           0.59           0.59            -178.78       102.42        102.42         0.12        0.59        0.59         -1.25          77.91          77.91           -177.52       24.51         24.51          
4.67  -0.491 0.327  -0.442 0.08           0.08           0.08            -5.39         -21.33        21.88          0.33        0.33        0.33         -1.29          -5.31          5.46            -4.11         -16.01        16.42          
4.70  -0.475 0.314  -0.448 0.63           0.53           0.66            -38.24        21.64         41.42          0.84        0.77        0.86         -27.64         14.77          30.38           -10.61        6.87          11.04          
4.73  -0.470 0.311  -0.444 0.16           0.18           0.19            -32.70        -40.49        46.89          0.39        0.40        0.41         -12.58         -16.52         20.36           -20.12        -23.96        26.52          
4.77  -0.466 0.318  -0.440 0.23           0.19           0.27            57.53         -49.22        62.89          0.42        0.40        0.45         27.52          -21.03         32.92           30.01         -28.20        29.96          
4.80  -0.453 0.321  -0.430 0.41           0.48           0.49            13.21         -35.09        36.53          0.65        0.70        0.71         8.18           -23.27         24.39           5.03          -11.82        12.14          
4.83  -0.438 0.312  -0.420 0.52           0.55           0.60            -28.97        -33.07        40.52          0.75        0.77        0.81         -19.72         -22.86         28.95           -9.25         -10.21        11.56          
4.87  -0.423 0.309  -0.408 0.46           0.58           0.59            -14.32        -40.93        42.11          0.70        0.79        0.80         -9.26          -28.96         29.98           -5.07         -11.96        12.13          
4.90  -0.416 0.306  -0.392 0.21           0.50           0.51            -22.85        -67.18        67.49          0.45        0.64        0.65         -10.46         -46.15         46.59           -12.39        -21.02        20.90          
4.93  -0.399 0.304  -0.385 0.53           0.57           0.58            -6.29         -22.31        23.02          0.78        0.81        0.81         -4.29          -15.58         16.11           -2.01         -6.73         6.91           
4.97  -0.390 0.305  -0.375 0.27           0.40           0.40            9.59          -48.31        48.62          0.52        0.59        0.60         4.97           -30.01         30.29           4.62          -18.29        18.33          
5.00  -0.382 0.314  -0.371 0.35           0.27           0.37            47.03         -29.50        50.51          0.55        0.51        0.57         27.58          -15.39         30.56           19.45         -14.11        19.95          
5.03  -0.368 0.312  -0.367 0.41           0.42           0.42            -6.15         -14.23        15.40          0.66        0.66        0.67         -3.82          -8.92          9.68            -2.33         -5.30         5.72           
5.07  -0.362 0.312  -0.368 0.19           0.19           0.19            -6.13         6.44          8.86           0.44        0.44        0.44         -2.66          2.79           3.86            -3.47         3.64          5.00           
5.10  -0.347 0.312  -0.375 0.44           0.48           0.49            1.71          26.05         26.10          0.69        0.72        0.72         1.09           17.26          17.29           0.62          8.80          8.81           
5.13  -0.345 0.312  -0.381 0.09           0.20           0.20            -9.68         64.99         65.06          0.34        0.38        0.38         -2.50          28.71          28.79           -7.19         36.28         36.27          
5.17  -0.345 0.314  -0.386 0.07           0.15           0.16            106.49        97.90         97.16          0.24        0.27        0.28         16.71          32.64          35.27           89.78         65.26         61.89          
5.20  -0.339 0.318  -0.392 0.23           0.28           0.30            29.81         43.68         48.08          0.46        0.49        0.50         14.26          22.95          26.28           15.56         20.73         21.80          
5.23  -0.335 0.327  -0.395 0.30           0.15           0.31            66.20         34.74         67.13          0.46        0.38        0.47         36.37          12.69          37.60           29.83         22.05         29.53          
5.27  -0.325 0.331  -0.401 0.31           0.34           0.36            20.68         32.91         36.84          0.55        0.57        0.58         11.40          19.07          21.82           9.28          13.84         15.03          
5.30  -0.322 0.337  -0.412 0.22           0.35           0.40            63.37         73.65         75.79          0.40        0.48        0.52         29.24          43.74          47.95           34.13         29.91         27.84          
5.33  -0.314 0.355  -0.421 0.60           0.34           0.64            66.26         45.70         68.15          0.73        0.55        0.77         48.07          26.65          50.69           18.19         19.06         17.47          
5.37  -0.313 0.374  -0.437 0.56           0.48           0.74            87.56         87.12         88.14          0.63        0.55        0.79         64.07          60.10          69.63           23.50         27.02         18.51          
5.40  -0.306 0.378  -0.454 0.24           0.58           0.59            27.44         68.09         68.51          0.48        0.71        0.72         13.55          49.10          49.71           13.88         18.99         18.81          
5.43  -0.301 0.385  -0.458 0.25           0.18           0.28            56.78         38.25         59.80          0.44        0.40        0.46         28.62          15.73          31.55           28.16         22.52         28.25          
5.47  -0.296 0.396  -0.472 0.37           0.44           0.56            66.93         70.75         74.89          0.52        0.58        0.67         40.86          46.53          53.75           26.08         24.22         21.14          
5.50  -0.302 0.418  -0.489 0.67           0.53           0.84            105.22        109.48        102.17         0.65        0.51        0.82         83.60          81.70          84.92           21.62         27.77         17.25          
5.53  -0.293 0.422  -0.509 0.30           0.67           0.68            21.39         65.17         65.52          0.54        0.81        0.82         11.75          48.94          49.40           9.64          16.23         16.12          
5.57  -0.297 0.441  -0.517 0.61           0.27           0.66            101.06        115.43        100.25         0.61        0.28        0.66         77.40          61.47          78.32           23.67         53.97         21.93          
5.60  -0.301 0.469  -0.543 0.83           0.78           1.13            98.79         99.45         96.46          0.83        0.78        1.13         81.55          80.92          83.79           17.24         18.53         12.67          
5.63  -0.304 0.497  -0.540 0.83           0.12           0.84            96.26         -138.46       96.23          0.84        0.18        0.85         79.11          -26.81         79.16           17.15         -111.64       17.07          
5.67  -0.313 0.523  -0.548 0.83           0.35           0.86            108.49        138.30        107.77         0.79        0.24        0.82         90.98          93.29          90.94           17.51         45.01         16.83          
5.70  -0.311 0.549  -0.553 0.80           0.15           0.81            85.89         68.28         85.95          0.85        0.34        0.87         68.93          25.10          69.24           16.96         43.18         16.72          
5.73  -0.311 0.575  -0.559 0.78           0.19           0.80            91.22         94.98         91.19          0.81        0.30        0.83         73.29          39.15          73.74           17.93         55.84         17.44          
5.77  -0.318 0.599  -0.554 0.75           0.24           0.76            104.51        -142.22       104.24         0.72        0.16        0.74         84.99          -66.38         85.08           19.53         -75.84        19.16          
5.80  -0.327 0.606  -0.548 0.36           0.35           0.41            144.18        -148.06       136.36         0.22        0.19        0.28         101.80         -103.59        98.98           42.39         -44.47        37.38          
5.83  -0.333 0.603  -0.526 0.20           0.69           0.70            -147.75       -103.94       103.77         0.13        0.68        0.69         -51.88         -83.00         83.08           -95.87        -20.94        20.69          
5.87  -0.333 0.606  -0.506 0.08           0.59           0.60            90.94         -90.13        90.13          0.26        0.64        0.65         18.35          -67.25         67.44           72.59         -22.88        22.69          
5.90  -0.339 0.601  -0.491 0.24           0.50           0.51            -144.33       -112.85       111.96         0.15        0.46        0.48         -67.43         -82.83         83.14           -76.90        -30.01        28.82          
5.93  -0.348 0.585  -0.468 0.55           0.73           0.87            -118.69       -111.25       107.59         0.48        0.68        0.83         -91.59         -91.13         90.92           -27.10        -20.13        16.67          
5.97  -0.346 0.555  -0.445 0.92           0.68           1.14            -85.08        -83.39        86.05          0.97        0.76        1.19         -70.25         -64.19         73.92           -14.83        -19.20        12.13          
6.00  -0.347 0.529  -0.416 0.77           0.88           1.16            -93.27        -92.86        92.15          0.79        0.90        1.18         -74.91         -76.74         79.94           -18.36        -16.12        12.21          
6.03  -0.349 0.509  -0.381 0.62           1.06           1.23            -96.08        -93.52        93.05          0.64        1.08        1.24         -73.21         -80.11         81.41           -22.87        -13.41        11.63          
6.07  -0.350 0.483  -0.357 0.77           0.73           1.06            -90.67        -90.70        90.49          0.80        0.77        1.09         -72.55         -71.79         77.20           -18.12        -18.91        13.29          
6.10  -0.353 0.470  -0.319 0.41           1.12           1.19            -104.69       -95.27        94.97          0.42        1.13        1.20         -69.54         -82.53         82.95           -35.15        -12.74        12.02          
6.13  -0.350 0.447  -0.279 0.69           1.20           1.38            -83.35        -86.16        86.67          0.76        1.24        1.42         -64.38         -74.56         76.54           -18.97        -11.60        10.13          
6.17  -0.342 0.435  -0.249 0.42           0.95           1.01            -55.00        -75.19        76.11          0.60        1.04        1.10         -35.14         -61.79         63.35           -19.86        -13.40        12.75          
6.20  -0.340 0.422  -0.237 0.42           0.37           0.56            -80.30        -78.90        82.66          0.53        0.48        0.64         -52.35         -48.45         59.80           -27.96        -30.45        22.86          
6.23  -0.336 0.412  -0.219 0.30           0.53           0.60            -67.42        -77.49        78.93          0.46        0.64        0.70         -37.28         -54.97         58.27           -30.14        -22.52        20.66          
6.27  -0.329 0.402  -0.216 0.37           0.25           0.39            -53.22        -26.45        54.98          0.56        0.49        0.57         -32.32         -13.24         34.02           -20.90        -13.21        20.96          
6.30  -0.328 0.395  -0.217 0.23           0.04           0.23            -83.63        49.55         83.68          0.36        0.28        0.36         -39.67         6.20           39.91           -43.95        43.34         43.77          
6.33  -0.330 0.395  -0.227 0.06           0.33           0.33            179.17        101.13        101.13         0.19        0.38        0.38         0.29           60.32          60.32           178.88        40.82         40.82          
6.37  -0.328 0.366  -0.232 0.87           0.14           0.88            -86.14        65.77         86.18          0.93        0.34        0.93         -70.51         22.95          70.71           -15.63        42.82         15.47          
6.40  -0.338 0.361  -0.251 0.32           0.65           0.67            -156.02       116.37        115.83         0.14        0.59        0.60         -107.38        93.95          93.85           -48.64        22.42         21.97          
6.43  -0.333 0.318  -0.282 1.32           0.92           1.60            -83.60        80.77         84.73          1.37        0.99        1.64         -73.15         66.33          76.01           -10.44        14.44         8.72           
6.47  -0.337 0.303  -0.302 0.45           0.64           0.77            -107.52       102.28        100.16         0.44        0.63        0.76         -74.97         79.51          81.34           -32.55        22.76         18.82          
6.50  -0.342 0.289  -0.327 0.45           0.76           0.87            -109.04       101.21        99.75          0.44        0.75        0.86         -76.39         82.09          83.13           -32.65        19.12         16.62          
6.53  -0.343 0.279  -0.357 0.30           0.89           0.94            -93.24        91.10         91.04          0.38        0.92        0.97         -52.44         75.32          76.07           -40.80        15.78         14.97          
6.57  -0.343 0.269  -0.381 0.30           0.72           0.78            -93.74        91.57         91.45          0.38        0.75        0.81         -52.61         72.22          73.53           -41.14        19.35         17.92          
6.60  -0.344 0.264  -0.393 0.15           0.38           0.41            -96.94        92.63         92.46          0.27        0.45        0.47         -31.90         58.82          60.47           -65.04        33.81         31.98          
6.63  -0.337 0.256  -0.405 0.31           0.40           0.47            -50.68        60.30         64.92          0.51        0.57        0.62         -28.42         37.85          43.44           -22.26        22.45         21.48          
6.67  -0.324 0.241  -0.425 0.59           0.72           0.85            -47.61        56.67         61.92          0.78        0.89        0.99         -33.93         43.04          49.01           -13.68        13.63         12.90          
6.70  -0.327 0.237  -0.443 0.18           0.56           0.58            -126.58       101.06        100.70         0.20        0.57        0.58         -45.29         75.40          75.86           -81.29        25.66         24.84          
6.73  -0.323 0.221  -0.452 0.47           0.30           0.55            -73.70        63.87         75.90          0.60        0.47        0.65         -49.93         35.34          54.15           -23.76        28.54         21.74          
6.77  -0.316 0.215  -0.461 0.27           0.32           0.37            -41.85        49.92         56.10          0.49        0.51        0.55         -21.93         28.11          33.78           -19.91        21.80         22.31          
6.80  -0.311 0.219  -0.462 0.19           0.15           0.20            39.47         12.02         40.38          0.42        0.40        0.42         17.15          4.56           17.67           22.33         7.46          22.71          
6.83  -0.309 0.214  -0.468 0.17           0.19           0.25            -66.94        70.01         74.54          0.35        0.37        0.40         -26.27         30.01          37.22           -40.68        40.00         37.32          
6.87  -0.312 0.231  -0.467 0.52           0.08           0.52            98.61         -173.57       98.61          0.54        0.17        0.54         71.36          -2.90          71.36           27.25         -170.67       27.24          
6.90  -0.313 0.241  -0.464 0.31           0.12           0.33            97.10         -109.19       96.69          0.37        0.24        0.39         55.13          -27.19         56.74           41.97         -82.00        39.95          
6.93  -0.321 0.257  -0.462 0.52           0.25           0.52            117.98        -170.19       117.88         0.46        0.04        0.46         89.14          -80.74         89.15           28.84         -89.45        28.73          
6.97  -0.321 0.276  -0.460 0.58           0.08           0.58            91.03         -97.04        91.02          0.62        0.25        0.63         67.39          -19.23         67.60           23.64         -77.81        23.42          
7.00  -0.325 0.301  -0.446 0.75           0.42           0.85            98.26         -104.99       97.28          0.76        0.43        0.86         79.23          -70.69         80.51           19.03         -34.30        16.76          
7.03  -0.328 0.311  -0.447 0.31           0.11           0.31            108.88        160.05        108.74         0.33        0.15        0.33         62.91          13.64          63.09           45.96         146.41        45.65          
7.07  -0.335 0.323  -0.436 0.43           0.39           0.55            116.89        -119.98       110.85         0.39        0.34        0.52         82.16          -81.10         84.10           34.73         -38.88        26.76          
7.10  -0.336 0.348  -0.429 0.73           0.21           0.75            93.19         -101.16       93.07          0.75        0.29        0.78         73.85          -44.31         74.43           19.34         -56.85        18.64          
7.13  -0.339 0.364  -0.428 0.51           0.09           0.51            98.47         -150.01       98.44          0.53        0.18        0.54         70.93          -13.96         71.00           27.54         -136.05       27.44          
7.17  -0.341 0.381  -0.428 0.51           0.06           0.51            96.22         163.55        96.21          0.54        0.20        0.54         68.82          4.75           68.83           27.39         158.81        27.38          
7.20  -0.338 0.405  -0.424 0.71           0.14           0.72            82.87         -52.18        82.96          0.78        0.36        0.79         64.44          -18.62         64.72           18.43         -33.56        18.24          
7.23  -0.336 0.426  -0.424 0.64           0.03           0.64            87.11         -14.89        87.11          0.70        0.28        0.70         66.17          -1.74          66.18           20.93         -13.14        20.93          
7.27  -0.340 0.450  -0.428 0.73           0.15           0.73            98.52         136.22        98.43          0.73        0.18        0.74         78.81          35.96          78.93           19.70         100.26        19.51          
7.30  -0.341 0.479  -0.427 0.86           0.01           0.86            90.94         -172.57       90.94          0.89        0.24        0.89         74.64          -0.44          74.64           16.30         -172.13       16.30          
7.33  -0.347 0.498  -0.435 0.61           0.30           0.65            108.92        130.76        107.67         0.58        0.24        0.62         84.81          77.14          85.18           24.11         53.62         22.49          
7.37  -0.359 0.519  -0.446 0.74           0.49           0.81            119.44        137.75        116.67         0.65        0.35        0.73         99.99          108.97         98.91           19.44         28.78         17.75          
7.40  -0.365 0.536  -0.459 0.52           0.43           0.66            108.57        112.67        104.67         0.50        0.41        0.64         80.37          78.08          82.47           28.20         34.58         22.20          
7.43  -0.374 0.538  -0.469 0.29           0.40           0.41            166.51        134.14        133.38         0.07        0.29        0.30         115.07         96.22          96.06           51.44         37.92         37.33          
7.47  -0.387 0.557  -0.480 0.69           0.51           0.76            125.20        141.49        121.60         0.58        0.35        0.66         104.62         114.92         102.81          20.59         26.57         18.79          
7.50  -0.388 0.550  -0.496 0.22           0.49           0.53            -96.69        92.95         92.70          0.31        0.54        0.58         -43.57         65.26          67.12           -53.12        27.69         25.58          
7.53  -0.395 0.538  -0.510 0.39           0.45           0.57            -118.64       114.55        109.31         0.35        0.42        0.54         -79.95         81.57          83.51           -38.69        32.99         25.80          
7.57  -0.405 0.538  -0.536 0.31           0.85           0.85            -176.61       111.20        111.20         0.06        0.79        0.79         -162.15        94.08          94.08           -14.46        17.12         17.12          
7.60  -0.407 0.514  -0.552 0.70           0.50           0.86            -94.46        96.32         93.65          0.73        0.53        0.88         -74.43         68.41          77.17           -20.03        27.92         16.48          
7.63  -0.416 0.504  -0.578 0.41           0.81           0.87            -132.23       110.10        108.75         0.31        0.76        0.82         -95.23         92.11          91.96           -37.01        17.99         16.79          
7.67  -0.410 0.476  -0.598 0.87           0.63           1.06            -79.32        75.14         81.26          0.95        0.73        1.13         -64.33         55.94          68.61           -14.99        19.20         12.65          
7.70  -0.405 0.452  -0.611 0.72           0.44           0.82            -75.96        66.78         77.81          0.81        0.59        0.91         -58.60         43.68          62.19           -17.36        23.10         15.62          
7.73  -0.404 0.434  -0.626 0.57           0.44           0.72            -87.22        86.45         87.81          0.63        0.52        0.77         -63.86         57.96          68.89           -23.35        28.49         18.92          
7.77  -0.397 0.425  -0.639 0.31           0.44           0.50            -52.41        64.49         67.92          0.50        0.59        0.64         -29.10         41.92          46.57           -23.31        22.57         21.35          
7.80  -0.385 0.408  -0.641 0.65           0.38           0.65            -54.55        9.52          54.75          0.82        0.63        0.82         -40.20         5.76           40.40           -14.35        3.76          14.34          
7.83  -0.376 0.395  -0.632 0.46           0.39           0.54            -53.32        -45.51        59.31          0.64        0.59        0.70         -35.11         -28.06         41.42           -18.22        -17.45        17.89          
7.87  -0.371 0.396  -0.615 0.14           0.53           0.53            5.19          -74.70        74.70          0.39        0.65        0.65         1.88           -52.82         52.82           3.31          -21.88        21.88          
7.90  -0.363 0.392  -0.578 0.26           1.13           1.13            -25.17        -77.76        77.82          0.50        1.21        1.21         -12.94         -66.07         66.18           -12.23        -11.69        11.64          
7.93  -0.354 0.400  -0.564 0.37           0.51           0.57            42.62         -58.03        61.57          0.58        0.68        0.72         25.57          -39.80         43.86           17.04         -18.23        17.72          
7.97  -0.358 0.411  -0.541 0.33           0.69           0.75            112.77        -100.79       99.85          0.33        0.69        0.75         68.46          -79.84         80.73           44.32         -20.95        19.11          
8.00  -0.362 0.426  -0.514 0.48           0.83           0.95            104.31        -98.27        97.20          0.48        0.83        0.95         74.26          -80.88         82.06           30.05         -17.39        15.14          
8.03  -0.364 0.433  -0.499 0.22           0.47           0.51            106.18        -97.65        96.95          0.28        0.50        0.54         48.72          -67.88         69.75           57.46         -29.77        27.20          
8.07  -0.382 0.458  -0.476 0.91           0.85           1.13            124.95        -127.87       117.46         0.80        0.73        1.04         110.04         -112.09        105.18          14.91         -15.78        12.29          
8.10  -0.388 0.475  -0.453 0.54           0.73           0.89            108.56        -103.81       101.22         0.52        0.71        0.88         81.53          -83.78         84.97           27.04         -20.03        16.25          
8.13  -0.398 0.483  -0.432 0.39           0.70           0.74            142.72        -116.46       114.96         0.25        0.63        0.67         104.55         -95.62         95.26           38.17         -20.84        19.70          
8.17  -0.400 0.491  -0.403 0.24           0.87           0.90            104.39        -93.90        93.77          0.30        0.89        0.92         50.33          -77.58         77.98           54.06         -16.32        15.78          
8.20  -0.411 0.515  -0.373 0.80           0.95           1.20            114.69        -110.60       106.22         0.73        0.90        1.16         96.68          -95.47         94.24           18.01         -15.13        11.99          
8.23  -0.416 0.528  -0.339 0.40           1.04           1.10            109.67        -97.39        96.95          0.39        1.03        1.10         72.57          -83.50         83.89           37.10         -13.88        13.06          
8.27  -0.427 0.538  -0.317 0.46           0.76           0.82            139.99        -117.94       115.85         0.32        0.68        0.74         109.52         -98.97         98.20           30.47         -18.97        17.65          
8.30  -0.433 0.543  -0.288 0.23           0.87           0.88            136.44        -101.28       101.09         0.18        0.85        0.87         63.46          -84.59         84.68           72.98         -16.69        16.40          
8.33  -0.440 0.560  -0.258 0.56           0.93           1.07            113.17        -103.59       101.89         0.51        0.91        1.04         86.62          -88.09         88.33           26.55         -15.50        13.55          
8.37  -0.444 0.568  -0.216 0.24           1.25           1.27            113.08        -94.41        94.34          0.27        1.25        1.27         55.66          -82.95         83.06           57.42         -11.46        11.28          
8.40  -0.457 0.580  -0.186 0.53           1.00           1.06            137.87        -113.30       111.87         0.39        0.93        1.00         112.16         -99.02         98.41           25.71         -14.29        13.46          
8.43  -0.465 0.587  -0.149 0.34           1.12           1.14            138.29        -103.16       102.90         0.23        1.09        1.12         91.38          -90.29         90.28           46.92         -12.88        12.62          
8.47  -0.480 0.595  -0.116 0.51           1.10           1.13            153.09        -114.16       113.62         0.30        1.03        1.05         131.29         -101.31        101.03          21.80         -12.85        12.59          
8.50  -0.495 0.584  -0.089 0.54           0.93           0.98            -143.84       -118.06       116.42         0.37        0.84        0.90         -120.27        -102.81        101.96          -23.57        -15.25        14.45          
8.53  -0.516 0.594  -0.062 0.70           1.02           1.06            155.83        -129.09       127.36         0.49        0.88        0.93         143.67         -116.38        114.98          12.16         -12.72        12.37          
8.57  -0.533 0.571  -0.028 0.86           1.14           1.33            -126.70       -116.98       112.80         0.74        1.05        1.26         -111.02        -104.71        102.23          -15.68        -12.27        10.57          
8.60  -0.550 0.557  -0.002 0.65           0.94           1.02            -141.22       -123.02       119.95         0.48        0.83        0.92         -122.38        -108.32        106.36          -18.84        -14.70        13.59          
8.63  -0.566 0.536  0.030  0.79           1.08           1.26            -126.84       -115.90       112.17         0.67        1.00        1.18         -109.48        -102.92        100.89          -17.35        -12.98        11.28          
8.67  -0.585 0.535  0.053  0.58           0.89           0.89            -176.13       -130.42       130.37         0.33        0.75        0.75         -173.19        -115.74        115.70          -2.94         -14.68        14.67          
8.70  -0.607 0.536  0.075  0.66           0.93           0.93            177.69        -134.89       134.87         0.41        0.77        0.77         176.26         -121.62        121.60          1.43          -13.27        13.27          
8.73  -0.617 0.534  0.092  0.30           0.59           0.59            -173.48       -120.35       120.30         0.06        0.51        0.52         -145.53        -95.57         95.56           -27.95        -24.78        24.74          
8.77  -0.616 0.550  0.099  0.48           0.23           0.53            84.91         -79.51        85.41          0.56        0.37        0.61         58.61          -38.24         61.19           26.30         -41.27        24.22          
8.80  -0.620 0.574  0.100  0.71           0.11           0.71            99.21         -174.63       99.21          0.71        0.14        0.71         78.92          -4.45          78.92           20.29         -170.17       20.29          
8.83  -0.617 0.587  0.099  0.42           0.07           0.42            80.79         26.39         80.82          0.52        0.32        0.52         52.34          5.95           52.43           28.45         20.44         28.39          
8.87  -0.628 0.612  0.102  0.81           0.33           0.81            113.36        -163.90       113.20         0.75        0.12        0.75         95.43          -127.32        95.39           17.93         -36.58        17.81          
8.90  -0.631 0.635  0.097  0.69           0.17           0.70            98.26         125.48        98.09          0.70        0.21        0.71         77.42          42.38          77.67           20.84         83.11         20.43          
8.93  -0.626 0.651  0.105  0.52           0.27           0.56            72.06         -54.48        73.57          0.64        0.47        0.68         50.20          -28.57         52.81           21.86         -25.92        20.76          
8.97  -0.627 0.671  0.099  0.59           0.17           0.62            92.40         98.65         92.31          0.64        0.28        0.66         69.26          36.02          69.94           23.14         62.63         22.37          
9.00  -0.633 0.689  0.086  0.56           0.43           0.69            108.96        115.05        105.47         0.54        0.40        0.67         82.89          80.37          84.26           26.08         34.68         21.21          
9.03  -0.645 0.690  0.076  0.36           0.47           0.47            173.67        140.04        139.79         0.12        0.32        0.32         159.93         109.93         109.77          13.73         30.11         30.02          
9.07  -0.646 0.711  0.078  0.62           0.06           0.62            93.31         -127.44       93.30          0.66        0.22        0.66         70.96          -12.34         71.01           22.35         -115.10       22.29          
9.10  -0.640 0.716  0.068  0.24           0.33           0.36            42.03         57.11         60.81          0.46        0.51        0.53         20.47          32.63          36.54           21.57         24.48         24.27          
9.13  -0.641 0.717  0.050  0.03           0.55           0.55            146.73        92.81         92.81          0.22        0.59        0.59         4.50           67.78          67.79           142.22        25.02         25.01          
9.17  -0.648 0.730  0.038  0.44           0.41           0.57            119.14        121.39        112.37         0.39        0.35        0.52         84.83          84.34          86.18           34.31         37.05         26.19          
9.20  -0.646 0.723  0.014  0.20           0.74           0.76            -66.81        83.74         83.93          0.38        0.80        0.83         -29.63         65.76          66.43           -37.18        17.98         17.50          
9.23  -0.643 0.717  -0.011 0.20           0.75           0.77            -67.01        84.14         84.31          0.37        0.82        0.84         -28.98         66.42          67.01           -38.03        17.72         17.29          
9.27  -0.653 0.712  -0.036 0.33           0.81           0.82            -152.05       110.89        110.51         0.16        0.76        0.77         -104.16        92.93          92.87           -47.88        17.96         17.64          
9.30  -0.654 0.705  -0.052 0.23           0.49           0.54            -100.14       94.79         94.34          0.31        0.53        0.57         -47.26         66.62          68.62           -52.88        28.16         25.72          
9.33  -0.657 0.710  -0.080 0.17           0.84           0.85            116.02        95.23         95.14          0.23        0.85        0.87         42.06          78.26          78.46           73.96         16.96         16.68          
9.37  -0.659 0.714  -0.107 0.14           0.81           0.82            126.65        96.08         96.02          0.20        0.82        0.83         35.05          78.46          78.57           91.60         17.62         17.45          
9.40  -0.671 0.733  -0.137 0.67           0.97           1.13            122.28        111.57        108.53         0.58        0.91        1.08         100.82         96.82          95.79           21.46         14.75         12.74          
9.43  -0.687 0.748  -0.166 0.66           1.00           1.09            136.74        118.68        115.93         0.50        0.90        1.01         116.89         104.63         103.06          19.85         14.05         12.87          
9.47  -0.702 0.758  -0.190 0.55           0.84           0.90            144.86        122.27        119.98         0.37        0.74        0.80         122.08         105.56         104.28          22.79         16.71         15.71          
9.50  -0.731 0.771  -0.223 0.94           1.30           1.36            155.01        130.80        128.68         0.72        1.15        1.22         146.56         121.35         119.47          8.45          9.45          9.21           
9.53  -0.752 0.779  -0.248 0.68           1.00           1.02            160.95        130.12        128.98         0.45        0.86        0.89         150.53         117.25         116.32          10.41         12.87         12.66          
9.57  -0.766 0.773  -0.283 0.46           1.12           1.14            -157.23       112.09        111.81         0.25        1.05        1.07         -134.17        99.39          99.26           -23.07        12.70         12.54          
9.60  -0.787 0.778  -0.314 0.64           1.13           1.14            165.96        123.44        123.09         0.40        1.02        1.03         157.34         111.59         111.33          8.62          11.85         11.76          
9.63  -0.798 0.778  -0.341 0.34           0.87           0.87            178.67        113.01        113.01         0.09        0.81        0.81         175.03         96.47          96.47           3.64          16.54         16.54          
9.67  -0.805 0.783  -0.360 0.26           0.62           0.63            145.85        110.20        109.64         0.15        0.58        0.60         75.78          86.38          86.49           70.07         23.81         23.15          
9.70  -0.813 0.788  -0.376 0.27           0.52           0.54            146.12        115.29        114.25         0.15        0.47        0.49         78.59          86.34          86.51           67.53         28.96         27.74          
9.73  -0.816 0.799  -0.388 0.34           0.36           0.49            105.95        105.13        101.11         0.36        0.38        0.50         64.70          65.91          72.01           41.25         39.21         29.10          
9.77  -0.823 0.828  -0.392 0.91           0.25           0.92            103.81        148.51        103.66         0.88        0.14        0.89         87.84          75.96          87.87           15.97         72.55         15.79          
9.80  -0.833 0.854  -0.396 0.81           0.31           0.82            110.62        159.47        110.44         0.76        0.11        0.77         92.69          108.45         92.67           17.93         51.02         17.77          
9.83  -0.843 0.879  -0.395 0.82           0.33           0.82            113.43        -177.46       113.43         0.75        0.08        0.75         95.73          -169.16        95.73           17.70         -8.30         17.69          
9.87  -0.853 0.888  -0.395 0.41           0.30           0.41            136.66        179.58        136.66         0.29        0.05        0.29         100.04         177.50         100.04          36.62         2.08          36.62          
9.90  -0.855 0.909  -0.386 0.63           0.28           0.68            95.06         -101.47       94.64          0.65        0.33        0.71         72.62          -54.37         74.00           22.44         -47.10        20.64          
9.93  -0.855 0.912  -0.383 0.11           0.11           0.15            85.91         -85.85        87.08          0.28        0.28        0.30         22.85          -22.56         30.61           63.06         -63.29        56.47          
9.97  -0.855 0.901  -0.381 0.33           0.06           0.34            -87.91        -77.88        87.94          0.42        0.27        0.43         -51.78         -12.15         52.18           -36.13        -65.73        35.77          
10.00 -0.854 0.889  -0.376 0.38           0.15           0.41            -86.07        -80.22        86.35          0.47        0.32        0.49         -54.05         -28.81         56.04           -32.02        -51.41        30.31          
10.03 -0.853 0.877  -0.379 0.34           0.12           0.36            -84.00        71.82         84.28          0.45        0.31        0.46         -50.06         20.93          51.43           -33.94        50.89         32.85          
10.07 -0.849 0.868  -0.380 0.29           0.10           0.29            -70.30        11.37         70.35          0.44        0.35        0.44         -37.97         3.22           38.04           -32.33        8.16          32.31          
10.10 -0.833 0.864  -0.365 0.50           0.66           0.68            -16.15        -43.58        44.85          0.74        0.86        0.87         -10.79         -32.07         33.22           -5.36         -11.52        11.63          
10.13 -0.825 0.855  -0.352 0.34           0.45           0.52            -45.94        -58.47        62.61          0.55        0.62        0.67         -26.73         -38.46         43.25           -19.20        -20.00        19.36          
10.17 -0.816 0.850  -0.332 0.34           0.66           0.68            -31.60        -63.93        64.89          0.57        0.80        0.82         -18.27         -47.64         48.87           -13.33        -16.29        16.02          
10.20 -0.811 0.837  -0.315 0.41           0.52           0.64            -68.55        -73.54        76.72          0.55        0.64        0.74         -43.44         -51.55         57.60           -25.11        -21.99        19.12          
10.23 -0.800 0.821  -0.291 0.56           0.79           0.92            -56.24        -66.72        70.11          0.73        0.92        1.03         -39.70         -52.22         56.90           -16.54        -14.50        13.21          
10.27 -0.793 0.800  -0.261 0.69           0.93           1.13            -71.14        -76.13        78.68          0.80        1.02        1.21         -54.00         -62.30         66.95           -17.13        -13.83        11.73          
10.30 -0.790 0.789  -0.229 0.33           0.98           1.03            -71.72        -83.92        84.22          0.47        1.03        1.08         -41.56         -70.02         70.91           -30.17        -13.90        13.30          
10.33 -0.783 0.768  -0.190 0.68           1.19           1.36            -74.32        -81.14        82.24          0.78        1.25        1.42         -56.46         -69.79         72.16           -17.86        -11.35        10.08          
10.37 -0.783 0.755  -0.153 0.38           1.09           1.16            -89.67        -89.88        89.89          0.46        1.12        1.19         -56.56         -77.01         77.71           -33.11        -12.87        12.18          
10.40 -0.780 0.748  -0.110 0.22           1.31           1.32            -64.07        -85.71        85.76          0.40        1.35        1.36         -30.04         -75.05         75.22           -34.04        -10.66        10.54          
10.43 -0.781 0.747  -0.074 0.04           1.07           1.07            -142.35       -91.50        91.50          0.22        1.09        1.09         -5.52          -78.22         78.22           -136.83       -13.28        13.28          
10.47 -0.780 0.756  -0.037 0.26           1.10           1.13            85.24         -88.90        88.92          0.37        1.13        1.16         43.19          -76.15         76.50           42.05         -12.74        12.43          
10.50 -0.781 0.760  0.000  0.14           1.13           1.14            103.64        -91.71        91.70          0.26        1.15        1.16         32.72          -79.14         79.22           70.93         -12.58        12.49          
10.53 -0.781 0.768  0.040  0.22           1.18           1.20            85.98         -89.25        89.26          0.35        1.21        1.23         39.76          -77.36         77.57           46.22         -11.89        11.69          
10.57 -0.781 0.771  0.067  0.11           0.84           0.84            98.11         -91.04        91.03          0.26        0.87        0.87         24.40          -74.30         74.42           73.72         -16.75        16.62          
10.60 -0.771 0.768  0.092  0.32           0.80           0.81            -16.60        -67.77        67.92          0.56        0.92        0.93         -9.27          -53.27         53.47           -7.33         -14.50        14.45          
10.63 -0.769 0.773  0.114  0.14           0.66           0.67            66.49         -85.11        85.20          0.33        0.72        0.73         22.78          -64.91         65.32           43.71         -20.20        19.88          
10.67 -0.762 0.753  0.124  0.62           0.36           0.69            -70.06        -54.24        72.04          0.74        0.55        0.80         -51.63         -32.47         54.73           -18.43        -21.77        17.31          
10.70 -0.754 0.722  0.149  0.98           0.80           1.23            -74.19        -70.45        77.52          1.08        0.91        1.31         -61.26         -55.49         66.79           -12.93        -14.97        10.72          
10.73 -0.737 0.711  0.159  0.60           0.58           0.67            -34.58        -32.53        43.20          0.81        0.80        0.87         -24.54         -22.91         31.89           -10.04        -9.62         11.31          
10.77 -0.713 0.697  0.159  0.83           0.72           0.83            -30.00        0.39          30.00          1.06        0.97        1.06         -23.21         0.29           23.21           -6.79         0.10          6.79           
10.80 -0.672 0.687  0.147  1.26           1.28           1.31            -13.27        15.89         20.29          1.50        1.52        1.54         -11.09         13.31          17.08           -2.19         2.59          3.22           
10.83 -0.644 0.645  0.130  1.51           1.00           1.60            -55.68        31.48         57.79          1.67        1.22        1.75         -48.56         25.34          50.83           -7.12         6.14          6.96           
10.87 -0.625 0.621  0.103  0.91           0.97           1.21            -52.82        55.21         62.87          1.08        1.13        1.34         -42.24         44.74          53.35           -10.59        10.47         9.52           
10.90 -0.612 0.597  0.062  0.84           1.30           1.50            -61.41        72.15         74.50          0.98        1.40        1.58         -48.46         62.37          65.74           -12.95        9.78          8.76           
10.93 -0.598 0.571  0.024  0.86           1.20           1.42            -61.63        70.16         73.30          1.00        1.31        1.51         -48.93         59.79          64.17           -12.70        10.37         9.13           
10.97 -0.599 0.551  -0.014 0.61           1.14           1.29            -91.00        90.53         90.47          0.65        1.16        1.31         -68.43         78.12          79.48           -22.57        12.41         10.99          
11.00 -0.597 0.507  -0.065 1.34           1.53           2.03            -88.01        88.26         88.69          1.37        1.56        2.05         -77.51         79.02          81.70           -10.50        9.23          6.99           
11.03 -0.604 0.485  -0.103 0.69           1.18           1.36            -107.53       100.16        98.86          0.66        1.17        1.34         -86.44         87.98          88.24           -21.09        12.18         10.62          
11.07 -0.611 0.455  -0.143 0.91           1.21           1.50            -103.03       99.74         97.85          0.89        1.20        1.49         -87.11         87.85          88.28           -15.91        11.89         9.57           
11.10 -0.621 0.432  -0.184 0.76           1.26           1.44            -113.01       103.59        101.87         0.70        1.23        1.41         -93.81         92.17          91.89           -19.20        11.42         9.98           
11.13 -0.643 0.426  -0.221 0.68           1.29           1.30            -166.19       120.77        120.51         0.44        1.18        1.19         -158.38        110.28         110.08          -7.80         10.50         10.43          
11.17 -0.666 0.409  -0.244 0.87           0.99           1.12            -144.00       135.37        129.21         0.69        0.83        0.98         -131.65        123.21         117.80          -12.35        12.16         11.41          
11.20 -0.690 0.411  -0.278 0.72           1.23           1.23            176.50        125.39        125.36         0.47        1.11        1.11         174.62         114.77         114.75          1.88          10.61         10.61          
11.23 -0.709 0.408  -0.304 0.58           0.98           0.99            -171.35       125.46        125.30         0.33        0.86        0.87         -164.86        111.83         111.71          -6.49         13.63         13.59          
11.27 -0.734 0.400  -0.321 0.77           0.89           0.93            -161.70       145.39        142.57         0.54        0.70        0.74         -153.37        133.71         130.76          -8.32         11.68         11.81          
11.30 -0.757 0.386  -0.336 0.82           0.83           0.93            -149.87       148.94        140.09         0.62        0.63        0.75         -138.14        137.08         127.75          -11.73        11.86         12.34          
11.33 -0.770 0.363  -0.355 0.77           0.68           0.96            -118.48       122.63        112.48         0.69        0.59        0.90         -99.85         101.58         97.54           -18.63        21.05         14.94          
11.37 -0.776 0.337  -0.368 0.82           0.42           0.90            -102.74       115.15        101.51         0.80        0.39        0.89         -85.00         79.69          85.49           -17.74        35.46         16.02          
11.40 -0.769 0.322  -0.376 0.48           0.33           0.55            -64.31        51.03         67.53          0.63        0.53        0.69         -43.51         29.46          47.85           -20.79        21.58         19.69          
11.43 -0.750 0.300  -0.389 0.87           0.67           0.96            -51.08        35.90         55.12          1.04        0.89        1.12         -40.35         26.41          44.54           -10.73        9.49          10.58          
11.47 -0.731 0.289  -0.393 0.66           0.59           0.67            -29.87        11.56         31.37          0.89        0.83        0.90         -21.82         8.11           23.02           -8.05         3.45          8.35           
11.50 -0.709 0.269  -0.395 0.89           0.67           0.89            -40.63        3.99          40.72          1.09        0.92        1.09         -32.02         2.91           32.10           -8.61         1.08          8.62           
11.53 -0.692 0.261  -0.393 0.58           0.52           0.58            -27.17        -5.67         27.60          0.81        0.77        0.81         -19.07         -3.83          19.40           -8.10         -1.85         8.20           
11.57 -0.668 0.261  -0.391 0.72           0.72           0.72            1.27          -4.64         4.81           0.97        0.97        0.97         0.94           -3.44          3.57            0.33          -1.20         1.24           
11.60 -0.640 0.261  -0.390 0.82           0.82           0.82            -0.39         -2.89         2.92           1.07        1.07        1.07         -0.30          -2.22          2.24            -0.09         -0.67         0.68           
11.63 -0.628 0.261  -0.398 0.39           0.47           0.47            -0.89         33.75         33.76          0.64        0.69        0.69         -0.54          22.12          22.12           -0.35         11.63         11.63          
11.67 -0.609 0.262  -0.405 0.55           0.59           0.59            3.89          19.73         20.05          0.80        0.83        0.83         2.68           13.87          14.11           1.21          5.86          5.94           
11.70 -0.599 0.267  -0.413 0.34           0.40           0.42            23.93         38.82         42.58          0.58        0.61        0.63         13.81          24.01          26.97           10.13         14.80         15.61          
11.73 -0.588 0.262  -0.435 0.36           0.72           0.73            -22.12        62.35         62.87          0.60        0.86        0.87         -13.08         47.49          48.12           -9.04         14.86         14.75          
11.77 -0.580 0.267  -0.450 0.28           0.51           0.53            31.00         61.91         63.06          0.51        0.67        0.68         16.40          42.54          43.94           14.60         19.37         19.12          
11.80 -0.571 0.275  -0.478 0.36           0.88           0.91            43.65         72.87         73.53          0.57        0.98        1.01         25.87          58.78          59.82           17.78         14.10         13.71          
11.83 -0.566 0.281  -0.484 0.23           0.26           0.31            46.67         52.08         59.01          0.44        0.46        0.49         22.40          26.53          32.92           24.27         25.55         26.09          
11.87 -0.565 0.293  -0.491 0.38           0.20           0.42            84.69         79.70         85.27          0.47        0.34        0.51         52.89          34.02          56.03           31.81         45.67         29.25          
11.90 -0.564 0.315  -0.489 0.64           0.05           0.64            87.33         -54.41        87.34          0.70        0.28        0.70         66.29          -8.43          66.34           21.04         -45.98        21.00          
11.93 -0.565 0.333  -0.477 0.55           0.37           0.66            95.52         -98.07        94.57          0.58        0.42        0.69         70.04          -61.96         73.30           25.48         -36.11        21.27          
11.97 -0.571 0.359  -0.462 0.82           0.49           0.94            101.59        -109.67       100.09         0.80        0.47        0.93         83.85          -79.37         84.66           17.74         -30.30        15.43          
12.00 -0.572 0.360  -0.448 0.03           0.40           0.40            153.13        -93.83        93.83          0.22        0.46        0.46         3.46           -60.70         60.72           149.67        -33.13        33.11          
12.03 -0.574 0.371  -0.431 0.35           0.52           0.62            100.73        -97.24        96.02          0.39        0.55        0.65         61.81          -70.23         73.38           38.92         -27.01        22.65          
12.07 -0.578 0.367  -0.420 0.16           0.37           0.39            -134.73       -107.75       106.94         0.18        0.38        0.39         -39.66         -68.70         69.65           -95.08        -39.05        37.29          
12.10 -0.577 0.366  -0.404 0.06           0.48           0.48            -69.24        -87.42        87.44          0.28        0.55        0.55         -11.82         -60.42         60.59           -57.42        -27.00        26.85          
12.13 -0.582 0.377  -0.379 0.39           0.76           0.84            115.00        -102.72       101.49         0.37        0.74        0.82         76.86          -83.55         84.19           38.15         -19.17        17.29          
12.17 -0.579 0.378  -0.352 0.11           0.83           0.83            6.54          -82.58        82.58          0.36        0.90        0.90         1.97           -66.54         66.54           4.57          -16.04        16.04          
12.20 -0.578 0.391  -0.327 0.40           0.75           0.85            86.24         -87.99        88.23          0.49        0.80        0.89         55.39          -69.75         71.98           30.85         -18.24        16.25          
12.23 -0.578 0.409  -0.299 0.53           0.82           0.97            88.69         -89.15        89.28          0.59        0.86        1.01         63.73          -72.21         74.95           24.96         -16.93        14.34          
12.27 -0.572 0.424  -0.271 0.48           0.86           0.97            70.23         -79.04        80.33          0.61        0.94        1.04         47.73          -63.92         66.68           22.50         -15.13        13.64          
12.30 -0.566 0.435  -0.251 0.37           0.64           0.71            59.96         -73.02        74.89          0.54        0.75        0.82         36.43          -54.42         57.68           23.53         -18.60        17.21          
12.33 -0.563 0.452  -0.235 0.53           0.49           0.71            79.67         -78.85        82.38          0.62        0.59        0.79         56.42          -54.33         64.01           23.25         -24.52        18.36          
12.37 -0.558 0.478  -0.220 0.78           0.47           0.91            80.15         -73.56        81.49          0.86        0.59        0.97         63.54          -49.78         66.78           16.61         -23.78        14.70          
12.40 -0.551 0.495  -0.223 0.56           0.25           0.57            65.92         24.98         66.37          0.70        0.49        0.71         46.94          12.56          47.55           18.97         12.41         18.82          
12.43 -0.550 0.515  -0.229 0.59           0.17           0.61            88.69         85.45         88.74          0.64        0.31        0.67         65.87          32.68          66.70           22.82         52.77         22.04          
12.47 -0.549 0.523  -0.229 0.26           0.03           0.26            83.02         -6.07         83.02          0.38        0.28        0.38         42.26          -0.68          42.26           40.76         -5.40         40.76          
12.50 -0.542 0.531  -0.239 0.31           0.37           0.44            50.08         56.58         62.61          0.51        0.54        0.60         28.07          34.07          40.73           22.01         22.52         21.88          
12.53 -0.537 0.533  -0.245 0.17           0.23           0.24            16.91         44.41         45.73          0.42        0.45        0.45         6.95           21.45          22.36           9.96          22.96         23.37          
12.57 -0.532 0.537  -0.254 0.19           0.31           0.33            38.85         61.60         63.63          0.42        0.48        0.50         16.70          34.56          36.92           22.15         27.03         26.71          
12.60 -0.522 0.488  -0.281 1.50           0.89           1.71            -78.41        70.13         79.89          1.57        1.00        1.77         -69.42         56.51          71.92           -8.99         13.62         7.97           
12.63 -0.517 0.470  -0.305 0.56           0.71           0.90            -76.18        79.08         81.37          0.67        0.80        0.97         -54.91         61.16          66.57           -21.26        17.92         14.80          
12.67 -0.507 0.415  -0.334 1.65           0.92           1.87            -79.14        70.25         80.40          1.72        1.03        1.93         -70.93         57.09          73.04           -8.21         13.16         7.36           
12.70 -0.506 0.404  -0.344 0.34           0.31           0.46            -85.06        84.61         86.35          0.44        0.42        0.54         -50.62         48.15          58.82           -34.44        36.46         27.53          
12.73 -0.506 0.364  -0.374 1.21           0.91           1.52            -90.13        90.18         90.11          1.24        0.95        1.54         -78.47         74.84          80.74           -11.67        15.33         9.36           
12.77 -0.514 0.348  -0.403 0.51           0.90           1.01            -116.60       104.82        103.17         0.46        0.87        0.98         -87.52         88.69          88.84           -29.08        16.13         14.33          
12.80 -0.520 0.311  -0.441 1.14           1.14           1.60            -99.39        99.40         96.67          1.13        1.13        1.60         -86.77         86.77          87.72           -12.61        12.63         8.96           
12.83 -0.534 0.272  -0.479 1.23           1.22           1.68            -109.88       110.00        104.39         1.17        1.16        1.64         -98.26         98.32          95.88           -11.61        11.68         8.50           
12.87 -0.552 0.253  -0.510 0.80           1.09           1.23            -133.80       120.86        116.89         0.66        0.98        1.14         -117.84        108.21         105.60          -15.96        12.64         11.28          
12.90 -0.573 0.229  -0.549 0.95           1.31           1.50            -131.16       118.57        114.81         0.81        1.21        1.41         -117.76        108.15         105.55          -13.40        10.42         9.26           
12.93 -0.583 0.211  -0.570 0.60           0.71           0.88            -118.42       113.70        108.83         0.53        0.65        0.83         -93.74         93.04          92.36           -24.68        20.67         16.47          
12.97 -0.599 0.190  -0.612 0.82           1.34           1.50            -126.13       110.99        108.76         0.70        1.28        1.44         -109.34        100.45         99.27           -16.79        10.54         9.49           
13.00 -0.613 0.173  -0.638 0.67           0.88           1.02            -130.29       119.20        115.01         0.54        0.79        0.94         -109.62        103.23         101.10          -20.67        15.97         13.91          
13.03 -0.621 0.167  -0.662 0.29           0.75           0.77            -146.56       108.99        108.55         0.16        0.71        0.73         -88.03         89.55          89.56           -58.54        19.44         18.99          
13.07 -0.634 0.177  -0.685 0.49           0.79           0.85            142.31        119.08        117.06         0.33        0.71        0.77         114.48         101.07         100.19          27.83         18.01         16.87          
13.10 -0.656 0.188  -0.692 0.74           0.70           0.77            153.91        160.60        148.91         0.52        0.47        0.57         141.80         150.50         135.90          12.11         10.10         13.01          
13.13 -0.665 0.190  -0.696 0.26           0.27           0.28            165.72        158.66        155.00         0.06        0.10        0.12         91.76          91.15          90.96           73.96         67.51         64.04          
13.17 -0.662 0.212  -0.696 0.66           0.08           0.66            82.96         6.35          82.96          0.73        0.33        0.73         63.21          1.56           63.21           19.76         4.79          19.75          
13.20 -0.663 0.227  -0.693 0.44           0.11           0.46            95.13         -111.74       95.00          0.49        0.23        0.50         64.61          -25.36         65.16           30.51         -86.38        29.84          
13.23 -0.672 0.239  -0.679 0.46           0.51           0.63            126.18        -122.45       115.63         0.37        0.43        0.57         93.33          -92.89         92.18           32.85         -29.56        23.45          
13.27 -0.683 0.255  -0.661 0.58           0.61           0.78            122.04        -120.10       113.04         0.49        0.53        0.72         96.64          -96.16         94.53           25.40         -23.94        18.51          
13.30 -0.686 0.265  -0.646 0.30           0.47           0.55            109.80        -102.64       100.78         0.32        0.48        0.56         62.44          -72.00         74.58           47.37         -30.64        26.20          
13.33 -0.688 0.269  -0.636 0.14           0.30           0.33            107.46        -97.89        97.23          0.25        0.37        0.39         32.58          -55.42         57.75           74.88         -42.47        39.47          
13.37 -0.687 0.275  -0.625 0.19           0.33           0.38            80.86         -84.78        85.46          0.34        0.43        0.47         33.51          -49.39         53.29           47.35         -35.39        32.17          
13.40 -0.693 0.283  -0.616 0.28           0.32           0.39            130.09        -124.88       118.23         0.23        0.27        0.35         72.73          -75.57         78.79           57.36         -49.31        39.45          
13.43 -0.692 0.303  -0.610 0.61           0.19           0.64            88.52         -85.22        88.59          0.67        0.33        0.69         66.51          -35.37         67.45           22.01         -49.85        21.14          
13.47 -0.703 0.317  -0.603 0.53           0.39           0.57            129.23        -150.12       126.47         0.42        0.21        0.46         101.91         -114.21        100.81          27.32         -35.91        25.66          
13.50 -0.705 0.337  -0.599 0.62           0.14           0.63            94.08         -108.28       93.98          0.65        0.25        0.66         71.54          -32.88         71.93           22.54         -75.40        22.06          
13.53 -0.710 0.352  -0.589 0.46           0.32           0.55            108.18        -116.58       105.36         0.45        0.31        0.54         76.50          -69.92         78.65           31.68         -46.66        26.70          
13.57 -0.711 0.370  -0.588 0.55           0.05           0.55            93.61         -137.16       93.60          0.59        0.22        0.59         68.60          -8.48          68.63           25.01         -128.69       24.97          
13.60 -0.724 0.398  -0.585 0.92           0.41           0.92            115.51        -166.40       115.36         0.84        0.17        0.85         99.95          -146.66        99.89           15.56         -19.74        15.48          
13.63 -0.728 0.420  -0.584 0.68           0.12           0.68            99.79         -171.93       99.78          0.68        0.14        0.68         78.60          -6.92          78.60           21.19         -165.01       21.18          
13.67 -0.739 0.447  -0.580 0.87           0.37           0.88            113.10        -157.32       112.78         0.81        0.17        0.82         96.53          -122.70        96.43           16.57         -34.62        16.35          
13.70 -0.745 0.473  -0.582 0.80           0.17           0.80            101.77        160.44        101.74         0.79        0.10        0.79         83.73          33.98          83.75           18.03         126.45        17.99          
13.73 -0.751 0.499  -0.580 0.80           0.18           0.80            103.07        -169.78       103.06         0.78        0.08        0.78         84.94          -25.28         84.94           18.13         -144.50       18.12          
13.77 -0.759 0.521  -0.583 0.69           0.25           0.70            110.88        166.21        110.80         0.65        0.06        0.65         89.79          87.76          89.79           21.09         78.45         21.01          
13.80 -0.767 0.554  -0.587 1.03           0.26           1.04            103.05        152.06        102.96         1.00        0.12        1.01         89.01          82.03          89.02           14.04         70.04         13.94          
13.83 -0.777 0.578  -0.598 0.77           0.45           0.84            113.77        133.41        111.76         0.71        0.33        0.78         94.87          100.37         94.42           18.90         33.04         17.35          
13.87 -0.790 0.600  -0.611 0.78           0.57           0.89            120.64        134.20        116.83         0.69        0.44        0.80         102.52         110.03         100.74          18.12         24.17         16.10          
13.90 -0.816 0.609  -0.621 0.80           0.81           0.85            161.30        159.37        153.15         0.57        0.58        0.63         153.17         150.63         142.88          8.13          8.74          10.26          
13.93 -0.827 0.624  -0.644 0.57           0.77           0.90            127.95        116.92        113.05         0.46        0.70        0.83         102.61         98.29          96.96           25.34         18.63         16.09          
13.97 -0.847 0.637  -0.654 0.71           0.68           0.78            146.28        151.58        139.33         0.52        0.47        0.62         130.94         136.93         123.97          15.34         14.65         15.36          
14.00 -0.000 0.000  -0.000 31.79          32.11          37.37           -36.94        -37.69        47.15          31.99       32.31       37.54        -36.67         -37.42         46.88           -0.27         -0.27         0.28           
14.03 -0.000 0.000  -0.000 0.00           0.00           0.00            0.00          0.00          0.00           0.25        0.25        0.25         0.00           -0.00          0.00            0.00          0.00          0.00           
14.07 -0.000 0.000  -0.000 0.00           0.00           0.00            0.00          0.00          0.00           0.25        0.25        0.25         0.00           -0.00          0.00            0.00          0.00          0.00           
14.10 -0.000 0.000  -0.000 0.00           0.00           0.00            0.00          0.00          0.00           0.25        0.25        0.25         0.00           -0.00          0.00            0.00          0.00          0.00           
14.13 -0.000 0.000  -0.000 0.00           0.00           0.00            0.00          0.00          0.00           0.25        0.25        0.25         0.00           -0.00          0.00            0.00          0.00          0.00           
14.17 -0.000 0.000  -0.000 0.00           0.00           0.00            0.00          0.00          0.00           0.25        0.25        0.25         0.00           -0.00          0.00            0.00          0.00          0.00           
14.20 -0.000 0.000  -0.000 0.00           0.00           0.00            0.00          0.00          0.00           0.25        0.25        0.25         0.00           -0.00          0.00            0.00          0.00          0.00           
14.23 -0.000 0.000  -0.000 0.00           0.00           0.00            0.00          0.00          0.00           0.25        0.25        0.25         0.00           -0.00          0.00            0.00          0.00          0.00           
14.27 -0.000 0.000  -0.000 0.00           0.00           0.00            0.00          0.00          0.00           0.25        0.25        0.25         0.00           -0.00          0.00            0.00          0.00          0.00           
14.30 -0.000 0.000  -0.000 0.00           0.00           0.00            0.00          0.00          0.00           0.25        0.25        0.25         0.00           -0.00          0.00            0.00          0.00          0.00           
14.33 -0.000 0.000  -0.000 0.00           0.00           0.00            0.00          0.00          0.00           0.25        0.25        0.25         0.00           -0.00          0.00            0.00          0.00          0.00           
14.37 -0.000 0.000  -0.000 0.00           0.00           0.00            0.00          0.00          0.00           0.25        0.25        0.25         0.00           -0.00          0.00            0.00          0.00          0.00           
14.40 -0.000 0.000  -0.000 0.00           0.00           0.00            0.00          0.00          0.00           0.25        0.25        0.25         0.00           -0.00          0.00            0.00          0.00          0.00           
14.43 -1.005 0.320  -0.594 31.64          35.02          36.32           162.32        149.39        146.10         31.40       34.81       36.11        162.18         149.18         145.88          0.14          0.21          0.22           
14.47 -1.001 0.315  -0.544 0.19           1.53           1.54            -56.25        -86.01        86.03          0.39        1.57        1.58         -24.10         -76.85         76.92           -32.14        -9.15         9.10           
14.50 -0.988 0.306  -0.492 0.49           1.60           1.63            -33.71        -75.16        75.38          0.72        1.69        1.71         -22.52         -66.92         67.24           -11.19        -8.24         8.15           
14.53 -0.971 0.295  -0.439 0.61           1.67           1.70            -33.54        -72.25        72.62          0.83        1.76        1.79         -23.97         -64.49         64.97           -9.57         -7.77         7.64           
14.57 -0.966 0.296  -0.387 0.13           1.57           1.57            16.10         -85.36        85.36          0.38        1.61        1.61         5.56           -76.46         76.46           10.54         -8.90         8.89           
14.60 -0.964 0.299  -0.343 0.12           1.31           1.32            45.59         -86.40        86.41          0.34        1.35        1.36         14.21          -75.77         75.80           31.38         -10.63        10.61          
14.63 -0.952 0.294  -0.311 0.37           1.01           1.02            -21.23        -69.91        70.09          0.61        1.12        1.13         -12.72         -57.80         58.06           -8.51         -12.11        12.03          
14.67 -0.942 0.295  -0.280 0.30           0.97           0.97            6.07          -72.44        72.45          0.54        1.08        1.08         3.29           -59.63         59.65           2.78          -12.81        12.80          
14.70 -0.940 0.304  -0.266 0.27           0.44           0.51            76.68         -81.79        82.98          0.41        0.54        0.60         40.35          -54.36         58.52           36.33         -27.43        24.46          
14.73 -0.941 0.310  -0.256 0.17           0.29           0.34            93.62         -92.07        91.80          0.29        0.38        0.41         35.04          -50.77         54.68           58.58         -41.30        37.12          
14.77 -0.941 0.308  -0.254 0.05           0.06           0.08            -113.84       -109.01       105.20         0.23        0.24        0.24         -11.58         -14.73         18.44           -102.26       -94.28        86.76          
14.80 -0.940 0.301  -0.264 0.23           0.29           0.37            -81.82        83.66         84.98          0.36        0.41        0.46         -38.62         45.95          52.57           -43.20        37.71         32.41          
14.83 -0.940 0.286  -0.279 0.44           0.47           0.64            -88.11        88.22         88.70          0.51        0.54        0.69         -58.89         60.49          67.57           -29.22        27.73         21.14          
14.87 -0.950 0.266  -0.287 0.66           0.39           0.70            -117.14       141.28        115.37         0.59        0.25        0.64         -94.96         101.92         94.59           -22.18        39.37         20.78          
14.90 -0.946 0.239  -0.300 0.83           0.40           0.91            -82.52        74.25         83.21          0.89        0.52        0.97         -66.44         46.87          68.43           -16.08        27.38         14.78          
14.93 -0.948 0.213  -0.322 0.80           0.65           1.02            -95.15        96.36         94.01          0.81        0.67        1.04         -77.35         74.47          80.09           -17.79        21.90         13.91          
14.97 -0.953 0.178  -0.340 1.05           0.57           1.18            -98.09        105.00        97.16          1.04        0.56        1.18         -84.32         79.37          84.98           -13.77        25.63         12.18          
15.00 -0.963 0.160  -0.366 0.60           0.83           0.99            -117.48       109.62        106.38         0.54        0.78        0.95         -93.05         92.09          91.72           -24.43        17.53         14.66          
15.03 -0.971 0.146  -0.390 0.50           0.77           0.88            -120.80       109.32        106.81         0.43        0.73        0.84         -90.58         90.34          90.30           -30.22        18.98         16.52          
15.07 -0.982 0.132  -0.411 0.52           0.69           0.81            -127.17       116.75        112.77         0.42        0.62        0.75         -98.63         95.76          94.80           -28.53        20.99         17.97          
15.10 -1.000 0.122  -0.435 0.62           0.91           0.96            -150.89       126.38        124.28         0.42        0.79        0.85         -134.03        111.63         110.15          -16.86        14.75         14.13          
15.13 -1.007 0.122  -0.453 0.21           0.56           0.56            179.87        111.92        111.92         0.04        0.52        0.52         0.66           85.42          85.42           179.21        26.50         26.50          
15.17 -1.008 0.125  -0.481 0.09           0.85           0.85            121.85        93.12         93.11          0.22        0.87        0.87         20.00          76.43          76.48           101.85        16.69         16.63          
15.20 -1.015 0.128  -0.493 0.22           0.41           0.42            155.68        119.58        118.80         0.10        0.36        0.37         61.47          82.06          82.31           94.21         37.52         36.49          
15.23 -0.999 0.128  -0.516 0.47           0.84           0.84            1.50          55.89         55.89          0.72        1.00        1.00         0.98           43.99          43.99           0.52          11.90         11.90          
15.27 -0.991 0.135  -0.532 0.32           0.53           0.57            42.43         63.44         65.55          0.53        0.68        0.71         23.94          44.18          46.90           18.49         19.26         18.66          
15.30 -0.986 0.133  -0.543 0.16           0.38           0.38            -21.65        66.75         67.05          0.40        0.53        0.53         -8.47          41.12          41.53           -13.18        25.63         25.52          
15.33 -0.981 0.128  -0.546 0.21           0.18           0.23            -43.48        29.77         47.92          0.43        0.41        0.44         -19.86         12.29          22.87           -23.62        17.48         25.05          
15.37 -0.968 0.124  -0.544 0.42           0.41           0.43            -18.26        -9.63         20.36          0.66        0.65        0.67         -11.48         -5.96          12.86           -6.79         -3.67         7.50           
15.40 -0.946 0.120  -0.538 0.66           0.66           0.68            -10.71        -13.98        17.36          0.90        0.91        0.92         -7.76          -10.17         12.69           -2.95         -3.81         4.66           
15.43 -0.919 0.116  -0.531 0.81           0.84           0.85            -8.50         -15.95        17.87          1.06        1.08        1.09         -6.50          -12.30         13.82           -1.99         -3.65         4.05           
15.47 -0.890 0.112  -0.522 0.89           0.92           0.93            -8.20         -17.44        19.07          1.13        1.16        1.17         -6.40          -13.74         15.06           -1.80         -3.70         4.01           
15.50 -0.861 0.107  -0.512 0.88           0.91           0.93            -9.26         -19.02        20.88          1.12        1.15        1.16         -7.21          -14.97         16.48           -2.05         -4.05         4.39           
15.53 -0.836 0.105  -0.501 0.77           0.83           0.83            -5.45         -21.76        22.31          1.02        1.06        1.07         -4.12          -16.76         17.21           -1.33         -5.00         5.10           
15.57 -0.814 0.112  -0.489 0.69           0.75           0.78            19.99         -29.48        33.91          0.93        0.97        1.00         14.73          -22.22         25.91           5.26          -7.26         8.00           
15.60 -0.793 0.122  -0.473 0.68           0.78           0.83            23.46         -37.16        41.14          0.92        0.99        1.03         17.22          -28.43         31.96           6.24          -8.73         9.18           
15.63 -0.778 0.134  -0.464 0.59           0.54           0.65            38.03         -30.51        44.40          0.81        0.77        0.85         27.00          -21.00         32.54           11.03         -9.50         11.86          
15.67 -0.763 0.138  -0.457 0.45           0.48           0.50            17.37         -26.30        30.32          0.70        0.71        0.73         11.21          -17.39         20.33           6.16          -8.92         9.99           
15.70 -0.750 0.161  -0.446 0.78           0.51           0.85            59.96         -39.51        62.44          0.93        0.72        0.99         46.57          -26.74         49.49           13.39         -12.78        12.95          
15.73 -0.752 0.197  -0.444 1.07           0.10           1.08            93.22         -125.51       93.21          1.09        0.21        1.09         79.94          -23.94         79.97           13.27         -101.57       13.23          
15.77 -0.752 0.220  -0.436 0.71           0.23           0.74            89.39         -88.15        89.42          0.75        0.35        0.79         69.97          -41.87         70.89           19.42         -46.28        18.53          
15.80 -0.747 0.241  -0.436 0.64           0.14           0.64            77.41         0.86          77.41          0.74        0.39        0.74         58.07          0.31           58.07           19.34         0.55          19.34          
15.83 -0.751 0.265  -0.435 0.74           0.12           0.74            99.50         -170.64       99.50          0.74        0.13        0.74         79.94          -8.84          79.95           19.56         -161.80       19.55          
15.87 -0.755 0.293  -0.437 0.85           0.11           0.85            96.97         158.82        96.96          0.85        0.15        0.85         80.04          15.09          80.05           16.93         143.73        16.91          
15.90 -0.756 0.317  -0.439 0.71           0.09           0.71            93.48         117.60        93.45          0.74        0.22        0.74         73.63          21.58          73.74           19.84         96.03         19.71          
15.93 -0.761 0.333  -0.443 0.51           0.19           0.52            107.78        146.92        107.42         0.50        0.14        0.51         79.14          47.43          79.37           28.63         99.49         28.06          
15.97 -0.764 0.343  -0.450 0.30           0.22           0.37            103.22        108.64        100.91         0.35        0.27        0.40         58.64          48.82          63.43           44.58         59.81         37.48          
16.00 -0.773 0.361  -0.455 0.63           0.34           0.65            117.67        148.65        116.54         0.56        0.18        0.59         94.30          103.23         94.09           23.38         45.41         22.45          
16.03 -0.784 0.382  -0.458 0.68           0.32           0.69            116.91        164.99        116.70         0.61        0.10        0.62         95.59          125.72         95.54           21.32         39.27         21.16          
16.07 -0.782 0.380  -0.464 0.08           0.19           0.20            -43.65        71.76         72.55          0.31        0.36        0.36         -10.43         30.36          31.55           -33.22        41.40         41.00          
16.10 -0.783 0.387  -0.476 0.22           0.34           0.40            97.65         94.82         94.08          0.31        0.41        0.46         43.95          56.94          61.13           53.70         37.87         32.95          
16.13 -0.783 0.398  -0.478 0.35           0.08           0.36            89.98         89.92         89.98          0.43        0.26        0.44         54.31          18.05          55.03           35.67         71.87         34.95          
16.17 -0.770 0.400  -0.486 0.39           0.45           0.46            9.10          31.02         31.90          0.64        0.68        0.68         5.56           20.07          20.71           3.54          10.96         11.19          
16.20 -0.754 0.394  -0.487 0.52           0.48           0.52            -23.65        1.50          23.69          0.75        0.73        0.75         -16.01         0.99           16.04           -7.64         0.52          7.65           
16.23 -0.743 0.385  -0.490 0.41           0.33           0.42            -40.11        17.31         41.93          0.62        0.57        0.63         -25.17         9.86           26.61           -14.94        7.45          15.32          
16.27 -0.726 0.373  -0.487 0.62           0.52           0.62            -34.07        -10.58        35.05          0.84        0.77        0.84         -24.43         -7.15          25.23           -9.64         -3.43         9.82           
16.30 -0.712 0.357  -0.488 0.65           0.44           0.65            -47.02        4.03          47.08          0.84        0.69        0.84         -34.42         2.57           34.47           -12.61        1.45          12.61          
16.33 -0.685 0.342  -0.487 0.93           0.81           0.93            -29.51        -2.18         29.57          1.15        1.06        1.16         -23.39         -1.67          23.44           -6.12         -0.51         6.13           
16.37 -0.667 0.332  -0.478 0.60           0.58           0.65            -29.88        -26.94        37.49          0.83        0.81        0.87         -21.20         -18.93         27.37           -8.68         -8.01         10.12          
16.40 -0.644 0.323  -0.474 0.75           0.71           0.76            -21.83        -8.76         23.23          0.99        0.95        0.99         -16.43         -6.47          17.53           -5.40         -2.29         5.69           
16.43 -0.626 0.312  -0.474 0.63           0.55           0.63            -30.19        -0.74         30.20          0.86        0.80        0.86         -21.77         -0.51          21.78           -8.42         -0.23         8.42           
16.47 -0.602 0.299  -0.466 0.83           0.76           0.86            -28.70        -17.60        32.32          1.05        1.00        1.08         -22.16         -13.27         25.20           -6.54         -4.32         7.12           
16.50 -0.583 0.276  -0.451 0.89           0.71           0.99            -51.25        -39.10        56.09          1.06        0.92        1.15         -40.65         -29.25         45.71           -10.60        -9.85         10.38          
16.53 -0.567 0.261  -0.450 0.67           0.49           0.67            -43.21        -5.11         43.34          0.87        0.74        0.87         -31.88         -3.39          31.99           -11.34        -1.72         11.35          
16.57 -0.550 0.254  -0.453 0.54           0.51           0.55            -22.41        12.35         25.03          0.78        0.76        0.78         -15.37         8.30           17.29           -7.05         4.05          7.75           
16.60 -0.537 0.226  -0.459 0.93           0.43           0.94            -65.05        24.59         65.53          1.06        0.67        1.07         -52.68         15.60          53.29           -12.37        8.99          12.24          
16.63 -0.536 0.219  -0.468 0.21           0.25           0.33            -80.42        81.93         83.80          0.36        0.38        0.43         -36.45         41.32          48.95           -43.97        40.60         34.85          
16.67 -0.533 0.202  -0.485 0.50           0.51           0.71            -78.55        78.85         81.96          0.60        0.61        0.78         -54.48         55.23          63.54           -24.07        23.62         18.42          
16.70 -0.532 0.182  -0.500 0.61           0.47           0.77            -87.18        86.35         87.77          0.67        0.55        0.82         -65.32         59.23          70.01           -21.86        27.12         17.76          
16.73 -0.523 0.172  -0.508 0.40           0.35           0.46            -49.19        40.98         55.36          0.60        0.56        0.64         -30.74         24.05          36.63           -18.45        16.94         18.73          
16.77 -0.516 0.174  -0.517 0.21           0.33           0.34            20.95         53.84         54.86          0.45        0.52        0.53         9.59           31.14          32.10           11.35         22.70         22.76          
16.80 -0.504 0.166  -0.517 0.45           0.36           0.45            -36.49        1.45          36.51          0.66        0.61        0.66         -23.54         0.85           23.55           -12.96        0.60          12.96          
16.83 -0.492 0.168  -0.513 0.37           0.39           0.39            10.29         -20.77        22.81          0.62        0.63        0.63         6.13           -12.64         13.97           4.16          -8.13         8.84           
16.87 -0.487 0.176  -0.502 0.28           0.37           0.44            58.84         -66.25        70.41          0.47        0.52        0.57         31.49          -40.09         46.15           27.35         -26.16        24.26          
16.90 -0.488 0.196  -0.484 0.61           0.53           0.81            90.71         -90.82        90.54          0.66        0.58        0.85         68.40          -65.49         73.35           22.31         -25.33        17.18          
16.93 -0.488 0.197  -0.462 0.03           0.64           0.64            88.31         -89.93        89.93          0.25        0.69        0.69         6.02           -68.61         68.63           82.29         -21.32        21.30          
16.97 -0.490 0.207  -0.441 0.31           0.65           0.71            106.14        -97.73        97.00          0.34        0.66        0.73         61.47          -75.70         77.00           44.67         -22.03        20.00          
17.00 -0.492 0.210  -0.420 0.10           0.64           0.64            109.64        -92.99        92.95          0.24        0.67        0.68         23.23          -71.20         71.38           86.41         -21.79        21.57          
17.03 -0.494 0.213  -0.403 0.11           0.52           0.53            124.96        -96.83        96.74          0.21        0.55        0.56         25.43          -70.17         70.44           99.52         -26.66        26.30          
17.07 -0.498 0.219  -0.388 0.20           0.45           0.48            125.53        -105.34       104.37         0.21        0.45        0.48         51.47          -72.99         74.06           74.06         -32.36        30.31          
17.10 -0.497 0.223  -0.382 0.13           0.20           0.24            83.18         -85.40        86.18          0.30        0.33        0.36         26.55          -36.63         41.85           56.62         -48.77        44.33          
17.13 -0.496 0.232  -0.375 0.27           0.21           0.34            85.35         -84.09        86.34          0.38        0.34        0.44         44.56          -37.70         51.38           40.79         -46.38        34.96          
17.17 -0.499 0.248  -0.370 0.49           0.17           0.51            100.12        -119.88       99.67          0.51        0.22        0.53         71.19          -42.36         71.98           28.93         -77.51        27.69          
17.20 -0.496 0.265  -0.369 0.53           0.09           0.53            80.78         -7.09         80.78          0.62        0.33        0.62         57.25          -1.80          57.25           23.53         -5.29         23.53          
17.23 -0.498 0.288  -0.370 0.67           0.06           0.67            94.44         149.53        94.44          0.70        0.20        0.70         73.50          8.78           73.52           20.94         140.76        20.92          
17.27 -0.491 0.302  -0.378 0.48           0.31           0.53            64.43         47.80         67.06          0.63        0.51        0.67         43.32          26.46          46.84           21.10         21.34         20.22          
17.30 -0.489 0.315  -0.386 0.39           0.26           0.46            79.03         73.40         80.77          0.50        0.41        0.56         49.71          37.48          54.60           29.32         35.92         26.17          
17.33 -0.492 0.346  -0.383 0.95           0.13           0.96            95.22         -132.44       95.19          0.96        0.19        0.97         80.20          -30.02         80.24           15.02         -102.41       14.95          
17.37 -0.487 0.361  -0.388 0.47           0.20           0.49            72.66         44.77         73.39          0.59        0.41        0.61         48.98          19.60          50.27           23.68         25.17         23.12          
17.40 -0.481 0.372  -0.388 0.37           0.19           0.37            59.24         6.60          59.30          0.54        0.44        0.54         35.92          2.86           35.98           23.32         3.75          23.32          
17.43 -0.482 0.392  -0.392 0.60           0.13           0.62            93.65         107.26        93.57          0.64        0.25        0.65         70.67          30.33          71.04           22.98         76.93         22.54          
17.47 -0.471 0.400  -0.400 0.40           0.39           0.45            36.30         34.15         45.00          0.62        0.61        0.65         22.43          20.87          29.33           13.87         13.28         15.66          
17.50 -0.466 0.408  -0.413 0.30           0.42           0.49            55.27         66.33         69.67          0.49        0.57        0.62         30.21          42.65          47.46           25.06         23.69         22.22          
17.53 -0.460 0.421  -0.427 0.41           0.47           0.60            67.67         70.35         74.92          0.56        0.60        0.71         43.21          47.21          55.07           24.47         23.14         19.85          
17.57 -0.455 0.425  -0.433 0.19           0.22           0.25            40.04         47.08         53.77          0.42        0.43        0.45         17.39          21.84          26.96           22.65         25.24         26.81          
17.60 -0.456 0.432  -0.442 0.20           0.30           0.36            97.15         94.80         93.99          0.30        0.37        0.42         41.33          52.70          57.67           55.82         42.10         36.32          
17.63 -0.459 0.432  -0.454 0.08           0.35           0.35            176.01        103.67        103.67         0.17        0.38        0.38         1.97           63.79          63.80           174.04        39.87         39.87          
17.67 -0.467 0.448  -0.462 0.53           0.34           0.59            115.90        134.16        113.47         0.48        0.24        0.54         88.06          86.12          88.26           27.84         48.04         25.21          
17.70 -0.476 0.451  -0.480 0.30           0.62           0.63            163.65        117.60        117.32         0.09        0.55        0.56         113.81         93.87          93.83           49.83         23.72         23.50          
17.73 -0.482 0.440  -0.490 0.37           0.34           0.47            -119.09       122.01        112.57         0.33        0.30        0.44         -78.22         76.81          81.14           -40.87        45.21         31.42          
17.77 -0.485 0.421  -0.512 0.58           0.67           0.88            -97.66        96.63         95.03          0.60        0.69        0.89         -73.20         75.39          78.84           -24.47        21.24         16.19          
17.80 -0.485 0.403  -0.522 0.54           0.32           0.63            -90.54        90.92         90.47          0.59        0.40        0.67         -65.61         52.24          68.63           -24.93        38.68         21.83          
17.83 -0.482 0.391  -0.534 0.36           0.37           0.51            -73.30        73.47         78.09          0.50        0.50        0.61         -44.48         44.79          54.39           -28.82        28.68         23.69          
17.87 -0.470 0.372  -0.543 0.68           0.44           0.72            -57.27        34.41         59.53          0.84        0.66        0.88         -42.74         22.14          45.28           -14.52        12.27         14.25          
17.90 -0.465 0.365  -0.539 0.24           0.16           0.26            -57.48        -34.73        59.75          0.43        0.39        0.44         -28.30         -13.38         30.48           -29.19        -21.35        29.28          
17.93 -0.463 0.349  -0.537 0.49           0.09           0.49            -82.14        -42.57        82.21          0.58        0.32        0.58         -56.90         -11.00         57.11           -25.25        -31.57        25.10          
17.97 -0.452 0.325  -0.530 0.78           0.40           0.82            -65.34        -35.88        66.45          0.92        0.62        0.95         -51.00         -22.30         52.46           -14.34        -13.58        14.00          
18.00 -0.447 0.306  -0.530 0.59           0.17           0.59            -73.89        5.34          73.89          0.71        0.42        0.71         -53.98         2.13           53.99           -19.91        3.21          19.91          
18.03 -0.436 0.292  -0.515 0.53           0.55           0.70            -53.40        -54.92        62.97          0.71        0.73        0.84         -36.99         -38.55         47.64           -16.41        -16.37        15.33          
18.07 -0.426 0.281  -0.511 0.44           0.32           0.46            -47.00        -19.88        48.54          0.64        0.56        0.65         -30.44         -11.21         31.81           -16.56        -8.67         16.73          
18.10 -0.419 0.269  -0.496 0.42           0.51           0.62            -58.78        -65.10        69.77          0.59        0.66        0.75         -37.39         -44.93         51.49           -21.39        -20.16        18.28          
18.13 -0.403 0.263  -0.480 0.52           0.68           0.71            -21.39        -45.34        47.33          0.76        0.88        0.90         -14.46         -33.66         35.53           -6.93         -11.67        11.80          
18.17 -0.385 0.249  -0.464 0.66           0.71           0.82            -38.19        -42.55        50.40          0.87        0.91        0.99         -27.98         -31.79         39.23           -10.21        -10.76        11.18          
18.20 -0.375 0.255  -0.449 0.36           0.54           0.57            29.08         -54.48        56.43          0.59        0.72        0.74         17.25          -38.03         40.08           11.83         -16.45        16.36          
18.23 -0.358 0.256  -0.434 0.50           0.68           0.68            1.22          -42.80        42.81          0.75        0.88        0.88         0.81           -31.61         31.62           0.41          -11.19        11.19          
18.27 -0.348 0.264  -0.415 0.39           0.63           0.68            41.26         -62.40        64.58          0.60        0.78        0.82         25.34          -45.91         48.64           15.92         -16.49        15.94          
18.30 -0.347 0.271  -0.396 0.22           0.56           0.60            78.36         -85.40        85.71          0.37        0.63        0.67         36.57          -62.21         63.86           41.79         -23.19        21.85          
18.33 -0.338 0.285  -0.381 0.48           0.52           0.66            57.85         -60.89        67.37          0.65        0.68        0.79         38.74          -42.17         50.43           19.11         -18.72        16.95          
18.37 -0.338 0.297  -0.365 0.37           0.49           0.61            88.04         -88.54        88.83          0.45        0.56        0.67         54.37          -61.87         66.81           33.67         -26.67        22.02          
18.40 -0.335 0.297  -0.351 0.08           0.41           0.41            0.80          -79.22        79.22          0.33        0.52        0.52         0.19           -51.06         51.06           0.61          -28.16        28.16          
18.43 -0.336 0.307  -0.338 0.30           0.40           0.50            92.96         -92.19        91.76          0.38        0.46        0.55         51.62          -59.64         64.78           41.34         -32.55        26.98          
18.47 -0.343 0.310  -0.328 0.22           0.35           0.36            153.01        -124.64       123.09         0.11        0.29        0.31         63.38          -80.00         80.56           89.63         -44.64        42.54          
18.50 -0.342 0.315  -0.325 0.14           0.10           0.17            81.10         -77.24        82.66          0.31        0.29        0.32         27.57          -19.85         32.40           53.53         -57.39        50.26          
18.53 -0.332 0.312  -0.317 0.31           0.37           0.39            -18.34        -37.25        39.68          0.56        0.59        0.60         -10.21         -22.44         24.25           -8.14         -14.81        15.42          
18.57 -0.326 0.311  -0.306 0.17           0.38           0.38            -4.71         -63.45        63.47          0.42        0.54        0.54         -1.92          -39.16         39.18           -2.79         -24.30        24.29          
18.60 -0.325 0.304  -0.310 0.23           0.13           0.26            -77.47        67.91         78.97          0.37        0.32        0.39         -36.55         22.09          40.20           -40.92        45.81         38.77          
18.63 -0.324 0.299  -0.315 0.15           0.16           0.22            -80.30        81.06         83.40          0.31        0.32        0.35         -28.27         30.32          38.47           -52.02        50.74         44.93          
18.67 -0.320 0.287  -0.315 0.39           0.11           0.39            -73.19        -3.31         73.19          0.52        0.36        0.52         -45.78         -1.03          45.78           -27.41        -2.28         27.41          
18.70 -0.312 0.269  -0.320 0.59           0.28           0.61            -65.53        29.82         66.24          0.73        0.51        0.74         -47.40         15.84          48.34           -18.13        13.99         17.90          
18.73 -0.318 0.255  -0.330 0.45           0.36           0.55            -112.83       118.96        108.53         0.42        0.32        0.53         -79.69         76.56          81.77           -33.14        42.41         26.76          
18.77 -0.327 0.246  -0.344 0.38           0.50           0.56            -137.41       124.12        119.91         0.26        0.41        0.49         -96.49         94.05          93.44           -40.92        30.07         26.47          
18.80 -0.321 0.219  -0.366 0.85           0.69           1.08            -77.68        74.72         80.32          0.93        0.79        1.14         -62.52         56.93          67.88           -15.17        17.79         12.44          
18.83 -0.323 0.202  -0.395 0.52           0.88           1.02            -95.74        93.38         92.91          0.55        0.90        1.03         -68.87         77.23          78.94           -26.87        16.15         13.98          
18.87 -0.325 0.197  -0.421 0.17           0.76           0.78            -115.25       95.30         95.20          0.23        0.78        0.80         -39.81         76.72          76.96           -75.44        18.59         18.25          
18.90 -0.332 0.202  -0.441 0.25           0.65           0.67            141.65        107.38        106.90         0.16        0.62        0.64         69.87          84.81          84.97           71.78         22.56         21.93          
18.93 -0.329 0.196  -0.461 0.19           0.59           0.62            -64.78        82.22         82.53          0.37        0.67        0.70         -27.31         60.68          61.66           -37.47        21.54         20.87          
18.97 -0.330 0.198  -0.472 0.07           0.34           0.34            115.14        94.88         94.80          0.23        0.40        0.41         15.54          56.82          57.25           99.60         38.06         37.55          
19.00 -0.324 0.200  -0.470 0.18           0.19           0.19            16.65         -23.82        28.07          0.42        0.43        0.43         6.89           -10.12         12.17           9.75          -13.70        15.90          
19.03 -0.320 0.206  -0.473 0.23           0.16           0.25            57.63         41.56         61.07          0.42        0.39        0.43         27.44          16.27          30.78           30.19         25.29         30.29          
19.07 -0.317 0.222  -0.471 0.50           0.12           0.50            78.89         -37.78        79.01          0.60        0.35        0.60         54.63          -12.11         54.94           24.25         -25.67        24.07          
19.10 -0.318 0.237  -0.459 0.45           0.35           0.57            95.89         -97.59        94.66          0.49        0.40        0.60         65.55          -59.58         70.23           30.34         -38.01        24.44          
19.13 -0.314 0.239  -0.451 0.15           0.29           0.29            23.56         -61.23        61.90          0.39        0.46        0.47         8.84           -33.01         33.74           14.72         -28.22        28.16          
19.17 -0.310 0.242  -0.440 0.13           0.34           0.34            28.50         -70.03        70.38          0.37        0.48        0.49         9.71           -40.94         41.48           18.79         -29.09        28.90          
19.20 -0.305 0.251  -0.418 0.33           0.69           0.75            61.61         -76.94        77.96          0.50        0.78        0.84         35.39          -58.85         60.95           26.22         -18.09        17.01          
19.23 -0.294 0.252  -0.408 0.34           0.45           0.45            4.91          -40.96        41.10          0.59        0.66        0.66         2.83           -26.51         26.62           2.09          -14.46        14.48          
19.27 -0.288 0.263  -0.403 0.38           0.23           0.41            63.23         -42.33        65.37          0.54        0.45        0.56         38.88          -20.34         41.59           24.35         -22.00        23.78          
19.30 -0.282 0.273  -0.392 0.32           0.37           0.47            60.50         -64.93        70.17          0.50        0.53        0.60         34.46          -39.68         47.12           26.04         -25.24        23.06          
19.33 -0.277 0.289  -0.386 0.52           0.24           0.55            72.87         -49.58        73.84          0.64        0.44        0.66         50.88          -23.99         52.59           21.99         -25.60        21.25          
19.37 -0.271 0.308  -0.378 0.60           0.30           0.64            69.90         -46.41        71.14          0.73        0.51        0.76         51.06          -25.43         52.97           18.84         -20.97        18.17          
19.40 -0.262 0.322  -0.364 0.50           0.49           0.65            57.99         -57.77        66.07          0.67        0.66        0.79         39.41          -39.16         49.16           18.59         -18.61        16.90          
19.43 -0.262 0.344  -0.367 0.66           0.09           0.66            89.83         88.76         89.83          0.70        0.27        0.71         69.03          19.36          69.20           20.81         69.40         20.64          
19.47 -0.263 0.364  -0.366 0.59           0.06           0.60            94.23         -140.43       94.23          0.63        0.21        0.63         70.81          -9.97          70.85           23.42         -130.46       23.38          
19.50 -0.261 0.383  -0.366 0.59           0.05           0.59            84.98         -15.21        84.98          0.66        0.30        0.66         62.72          -2.65          62.72           22.27         -12.56        22.26          
19.53 -0.262 0.408  -0.370 0.73           0.12           0.74            92.05         102.72        92.02          0.77        0.25        0.78         73.05          27.44          73.24           19.00         75.28         18.78          
19.57 -0.267 0.425  -0.367 0.54           0.16           0.55            104.31        -149.77       104.16         0.54        0.14        0.54         77.61          -34.08         77.74           26.70         -115.69       26.42          
19.60 -0.266 0.433  -0.372 0.22           0.14           0.26            86.68         84.77         87.19          0.34        0.30        0.37         39.52          27.61          44.33           47.16         57.16         42.87          
19.63 -0.270 0.452  -0.373 0.60           0.11           0.60            99.51         155.86        99.48          0.61        0.16        0.61         75.75          16.46          75.79           23.76         139.40        23.69          
19.67 -0.264 0.434  -0.394 0.57           0.66           0.85            -71.55        74.19         77.82          0.69        0.77        0.94         -51.48         55.96          62.75           -20.07        18.23         15.07          
19.70 -0.269 0.439  -0.408 0.23           0.45           0.47            139.30        112.45        111.27         0.17        0.42        0.45         61.99          79.29          79.90           77.31         33.16         31.38          
19.73 -0.266 0.427  -0.420 0.39           0.36           0.52            -76.74        75.55         80.13          0.51        0.48        0.61         -48.09         45.54          56.48           -28.65        30.01         23.65          
19.77 -0.265 0.434  -0.439 0.21           0.58           0.62            75.00         84.55         84.87          0.37        0.66        0.69         34.13          62.30          63.68           40.87         22.26         21.19          
19.80 -0.266 0.433  -0.451 0.03           0.37           0.37            -175.62       95.12         95.12          0.22        0.43        0.43         -0.67          59.76          59.76           -174.95       35.36         35.36          
19.83 -0.275 0.439  -0.471 0.31           0.64           0.66            149.15        114.61        113.83         0.16        0.58        0.61         96.15          91.69          91.63           52.99         22.92         22.20          
19.87 -0.282 0.451  -0.488 0.44           0.56           0.67            122.96        115.23        110.87         0.37        0.50        0.62         88.03          88.57          88.84           34.93         26.66         22.03          
19.90 -0.284 0.445  -0.519 0.19           0.93           0.95            -101.62       92.32         92.28          0.28        0.95        0.97         -40.88         77.15          77.39           -60.74        15.17         14.89          
19.93 -0.288 0.437  -0.535 0.25           0.50           0.55            -117.86       103.58        102.39         0.26        0.51        0.55         -59.54         74.95          76.26           -58.32        28.63         26.13          
19.97 -0.288 0.427  -0.551 0.30           0.49           0.58            -91.68        91.02         90.87          0.38        0.55        0.62         -51.04         63.87          67.25           -40.64        27.15         23.62          
20.00 -0.298 0.421  -0.559 0.36           0.38           0.43            -144.48       140.82        132.70         0.21        0.24        0.32         -101.10        99.75          97.36           -43.38        41.07         35.34          
20.03 -0.286 0.406  -0.561 0.56           0.34           0.56            -52.32        7.94          52.47          0.74        0.59        0.74         -36.75         4.60           36.91           -15.56        3.34          15.56          
20.07 -0.286 0.383  -0.579 0.70           0.55           0.89            -89.38        89.21         89.51          0.74        0.61        0.92         -69.68         64.81          73.78           -19.70        24.40         15.73          
20.10 -0.274 0.340  -0.589 1.34           0.47           1.38            -74.36        39.92         74.75          1.43        0.68        1.46         -64.66         26.33          65.25           -9.70         13.60         9.50           
20.13 -0.262 0.309  -0.586 1.00           0.39           1.01            -68.08        -15.78        68.21          1.12        0.63        1.12         -56.10         -9.61          56.27           -11.98        -6.17         11.93          
20.17 -0.252 0.289  -0.559 0.64           0.86           1.04            -64.77        -71.37        74.67          0.78        0.97        1.13         -47.97         -57.19         62.33           -16.80        -14.18        12.34          
20.20 -0.250 0.284  -0.541 0.17           0.53           0.55            -60.04        -80.93        81.26          0.36        0.62        0.64         -23.57         -57.61         58.55           -36.47        -23.33        22.70          
20.23 -0.246 0.267  -0.514 0.52           0.82           0.96            -77.28        -81.94        83.16          0.63        0.89        1.02         -54.36         -65.78         69.14           -22.93        -16.16        14.02          
20.27 -0.229 0.259  -0.490 0.58           0.89           0.93            -27.45        -54.66        56.36          0.81        1.06        1.09         -19.29         -43.55         45.37           -8.15         -11.11        10.99          
20.30 -0.222 0.256  -0.462 0.21           0.84           0.85            -23.13        -76.66        76.73          0.45        0.93        0.94         -10.58         -61.53         61.65           -12.55        -15.14        15.08          
20.33 -0.213 0.250  -0.441 0.33           0.71           0.73            -32.03        -66.56        67.30          0.56        0.84        0.86         -18.31         -50.66         51.66           -13.72        -15.90        15.64          
20.37 -0.215 0.251  -0.410 0.07           0.93           0.93            150.06        -93.53        93.53          0.20        0.95        0.95         9.74           -78.29         78.30           140.32        -15.24        15.23          
20.40 -0.227 0.258  -0.389 0.44           0.73           0.76            150.57        -122.03       120.54         0.26        0.63        0.67         121.85         -102.37        101.68          28.72         -19.66        18.85          
20.43 -0.237 0.265  -0.359 0.35           0.97           0.99            142.69        -106.79       106.39         0.21        0.93        0.95         97.83          -91.81         91.77           44.86         -14.98        14.62          
20.47 -0.242 0.264  -0.320 0.15           1.16           1.16            -168.30       -97.02        97.02          0.11        1.16        1.16         -15.25         -84.66         84.66           -153.05       -12.36        12.36          
20.50 -0.254 0.266  -0.303 0.37           0.63           0.64            170.38        -125.16       124.97         0.13        0.53        0.53         151.72         -102.51        102.42          18.66         -22.65        22.55          
20.53 -0.269 0.262  -0.277 0.48           0.91           0.92            -163.08       -120.38       119.99         0.25        0.81        0.83         -146.39        -105.01        104.79          -16.70        -15.37        15.20          
20.57 -0.273 0.263  -0.255 0.13           0.67           0.67            165.03        -100.80       100.79         0.13        0.67        0.67         15.10          -79.30         79.31           149.93        -21.50        21.47          
20.60 -0.281 0.257  -0.247 0.29           0.33           0.37            -143.35       -134.85       128.65         0.17        0.23        0.29         -83.89         -85.47         86.36           -59.46        -49.38        42.29          
20.63 -0.282 0.268  -0.221 0.32           0.77           0.83            97.30         -92.97        92.75          0.38        0.80        0.86         56.10          -74.78         75.85           41.20         -18.19        16.91          
20.67 -0.281 0.282  -0.202 0.43           0.59           0.73            83.65         -85.34        86.24          0.52        0.66        0.78         55.15          -63.00         67.65           28.50         -22.35        18.59          
20.70 -0.273 0.254  -0.211 0.85           0.35           0.89            -75.14        51.33         75.87          0.95        0.54        0.99         -60.37         30.23          61.64           -14.77        21.10         14.23          
20.73 -0.266 0.253  -0.209 0.24           0.25           0.25            -7.09         -16.41        17.73          0.49        0.49        0.49         -3.45          -8.14          8.82            -3.63         -8.27         8.91           
20.77 -0.248 0.248  -0.210 0.54           0.52           0.54            -15.77        3.77          16.17          0.78        0.77        0.78         -10.78         2.55           11.07           -4.99         1.23          5.10           
20.80 -0.232 0.241  -0.218 0.53           0.54           0.59            -24.87        27.46         34.85          0.77        0.77        0.81         -16.98         18.89          24.63           -7.90         8.57          10.22          
20.83 -0.222 0.237  -0.228 0.34           0.45           0.47            -22.76        44.77         47.12          0.58        0.65        0.66         -13.20         28.99          31.04           -9.57         15.77         16.09          
20.87 -0.221 0.229  -0.242 0.24           0.40           0.47            -85.42        87.32         87.68          0.36        0.49        0.54         -41.29         56.34          60.11           -44.13        30.98         27.58          
20.90 -0.215 0.222  -0.255 0.25           0.43           0.47            -47.17        66.58         68.57          0.46        0.58        0.61         -23.77         43.31          46.14           -23.39        23.27         22.43          
20.93 -0.216 0.200  -0.278 0.68           0.70           0.97            -92.20        92.15         91.54          0.71        0.73        1.00         -71.73         72.15          77.02           -20.47        19.99         14.52          
20.97 -0.210 0.191  -0.293 0.33           0.49           0.56            -53.77        66.28         69.35          0.52        0.63        0.69         -30.96         45.00          49.39           -22.82        21.28         19.97          
21.00 -0.211 0.181  -0.306 0.30           0.38           0.48            -99.83        97.87         96.17          0.36        0.42        0.52         -56.56         62.22          67.62           -43.27        35.65         28.55          
21.03 -0.211 0.168  -0.319 0.39           0.39           0.55            -88.57        88.58         88.99          0.47        0.47        0.61         -56.16         56.40          64.74           -32.41        32.18         24.25          
21.07 -0.213 0.168  -0.335 0.06           0.50           0.50            -178.31       96.94         96.94          0.19        0.53        0.53         -0.53          68.92          68.92           -177.78       28.01         28.01          
21.10 -0.213 0.163  -0.350 0.16           0.45           0.48            -93.32        91.17         91.10          0.29        0.51        0.54         -33.45         62.04          63.40           -59.87        29.12         27.70          
21.13 -0.213 0.157  -0.365 0.16           0.45           0.47            -88.05        89.29         89.34          0.30        0.51        0.54         -32.22         60.15          61.64           -55.83        29.15         27.69          
21.17 -0.217 0.163  -0.379 0.21           0.44           0.47            129.19        107.13        106.08         0.20        0.44        0.47         53.18          74.19          75.17           76.01         32.94         30.91          
21.20 -0.219 0.170  -0.394 0.22           0.45           0.50            101.23        95.55         94.99          0.30        0.49        0.54         46.71          65.25          67.50           54.52         30.30         27.48          
21.23 -0.225 0.173  -0.403 0.21           0.32           0.34            152.64        126.22        124.41         0.12        0.27        0.28         58.69          77.01          77.83           93.95         49.21         46.58          
21.27 -0.224 0.175  -0.415 0.07           0.36           0.37            65.46         85.47         85.54          0.29        0.45        0.46         12.61          52.19          52.61           52.85         33.27         32.93          
21.30 -0.221 0.185  -0.422 0.30           0.24           0.37            68.37         62.81         72.57          0.45        0.42        0.50         37.56          30.70          44.18           30.80         32.11         28.40          
21.33 -0.230 0.188  -0.439 0.29           0.59           0.60            159.58        117.41        116.98         0.10        0.52        0.53         101.77         92.30          92.26           57.81         25.11         24.72          
21.37 -0.232 0.188  -0.453 0.07           0.42           0.42            -178.82       99.46         99.46          0.18        0.45        0.45         -0.45          66.26          66.26           -178.38       33.20         33.19          
21.40 -0.233 0.195  -0.466 0.22           0.39           0.45            95.84         93.27         92.86          0.32        0.45        0.50         43.84          59.77          63.05           52.00         33.50         29.81          
21.43 -0.239 0.205  -0.478 0.36           0.40           0.51            119.29        115.60        110.02         0.32        0.37        0.48         76.23          78.18          80.96           43.06         37.43         29.06          
21.47 -0.238 0.215  -0.490 0.29           0.36           0.46            85.34         86.30         87.10          0.39        0.45        0.53         46.15          52.69          59.16           39.19         33.62         27.94          
21.50 -0.231 0.214  -0.500 0.21           0.36           0.37            -9.46         55.30         55.48          0.46        0.55        0.55         -4.32          33.23          33.41           -5.14         22.07         22.07          
21.53 -0.230 0.210  -0.524 0.11           0.70           0.71            -82.09        88.80         88.81          0.29        0.75        0.76         -21.79         69.30          69.51           -60.30        19.50         19.30          
21.57 -0.219 0.196  -0.529 0.55           0.39           0.57            -49.93        24.80         51.90          0.73        0.62        0.75         -34.80         15.12          36.71           -15.13        9.68          15.19          
21.60 -0.215 0.178  -0.539 0.56           0.31           0.63            -79.28        70.40         80.51          0.65        0.46        0.71         -57.09         39.40          60.25           -22.19        31.00         20.26          
21.63 -0.209 0.162  -0.555 0.52           0.52           0.71            -70.75        70.61         76.08          0.65        0.64        0.81         -49.34         49.11          58.63           -21.41        21.49         17.45          
21.67 -0.207 0.159  -0.567 0.11           0.38           0.39            -56.29        80.81         81.06          0.32        0.49        0.50         -16.45         50.60          51.41           -39.84        30.20         29.66          
21.70 -0.203 0.145  -0.585 0.44           0.55           0.69            -73.59        77.02         79.71          0.56        0.65        0.78         -48.29         55.11          61.22           -25.30        21.92         18.49          
21.73 -0.195 0.125  -0.605 0.65           0.65           0.89            -67.30        67.43         73.57          0.78        0.78        0.99         -50.11         50.29          59.49           -17.19        17.15         14.08          
21.77 -0.191 0.122  -0.611 0.14           0.21           0.22            -34.36        56.00         58.51          0.37        0.40        0.41         -12.13         25.00          27.18           -22.23        31.01         31.34          
21.80 -0.191 0.122  -0.620 0.01           0.28           0.28            -102.69       90.64         90.64          0.25        0.37        0.37         -3.15          48.15          48.18           -99.54        42.49         42.45          
21.83 -0.192 0.127  -0.621 0.16           0.04           0.17            102.82        150.30        102.71         0.27        0.21        0.27         36.83          5.55           37.06           65.99         144.74        65.66          
21.87 -0.200 0.138  -0.616 0.40           0.27           0.43            124.01        -148.30       121.92         0.34        0.14        0.36         85.86          -80.16         86.18           38.15         -68.15        35.74          
21.90 -0.212 0.172  -0.619 1.08           0.36           1.08            108.88        167.20        108.83         1.02        0.13        1.03         95.53          141.22         95.51           13.36         25.97         13.32          
21.93 -0.225 0.177  -0.619 0.42           0.40           0.42            162.18        179.03        162.15         0.20        0.15        0.20         139.52         177.43         139.48          22.66         1.60          22.68          
21.97 -0.223 0.170  -0.607 0.20           0.36           0.41            -75.77        -82.03        83.01          0.36        0.47        0.51         -33.41         -50.08         53.78           -42.35        -31.95        29.23          
22.00 -0.220 0.149  -0.575 0.63           0.96           1.14            -81.17        -84.21        85.15          0.71        1.01        1.19         -60.89         -70.02         73.07           -20.29        -14.19        12.08          
22.03 -0.226 0.160  -0.567 0.36           0.31           0.44            117.89        -122.13       112.04         0.32        0.28        0.42         75.04          -72.41         78.45           42.85         -49.72        33.58          
22.07 -0.223 0.151  -0.570 0.27           0.12           0.29            -74.48        53.23         75.41          0.42        0.34        0.43         -39.06         16.77          40.88           -35.43        36.45         34.53          
22.10 -0.214 0.147  -0.554 0.29           0.55           0.55            -20.51        -59.75        60.33          0.53        0.70        0.71         -11.08         -41.91         42.58           -9.43         -17.84        17.75          
22.13 -0.208 0.152  -0.546 0.22           0.31           0.33            33.36         -53.19        56.13          0.45        0.50        0.52         15.71          -29.72         32.47           17.65         -23.47        23.66          
22.17 -0.218 0.171  -0.533 0.65           0.48           0.75            117.02        -128.17       113.16         0.58        0.38        0.69         94.47          -96.88         93.76           22.54         -31.29        19.41          
22.20 -0.210 0.182  -0.528 0.42           0.28           0.44            56.07         -33.84        58.48          0.59        0.51        0.61         35.59          -17.90         38.14           20.47         -15.95        20.34          
22.23 -0.211 0.185  -0.518 0.10           0.31           0.33            111.04        -96.41        96.16          0.23        0.38        0.39         22.87          -55.28         56.37           88.17         -41.13        39.79          
22.27 -0.231 0.201  -0.510 0.77           0.65           0.81            141.79        -159.54       138.94         0.60        0.42        0.64         126.82         -147.66        124.08          14.97         -11.88        14.86          
22.30 -0.241 0.213  -0.503 0.45           0.36           0.50            131.35        -145.79       127.06         0.34        0.21        0.40         98.38          -103.83        97.20           32.97         -41.96        29.86          
22.33 -0.249 0.226  -0.505 0.48           0.25           0.48            120.35        166.02        120.09         0.41        0.06        0.41         88.62          80.59          88.63           31.74         85.43         31.46          
22.37 -0.264 0.238  -0.502 0.56           0.45           0.57            140.67        -165.59       139.35         0.40        0.22        0.42         117.42         -148.84        116.33          23.25         -16.75        23.01          
22.40 -0.275 0.257  -0.506 0.64           0.35           0.65            121.38        160.76        120.82         0.56        0.14        0.57         98.79          125.99         98.60           22.59         34.76         22.22          
22.43 -0.286 0.270  -0.508 0.53           0.35           0.54            130.09        168.77        129.70         0.42        0.12        0.42         102.83         143.73         102.66          27.26         25.04         27.04          
22.47 -0.302 0.292  -0.507 0.80           0.47           0.80            126.11        -176.00       126.08         0.68        0.22        0.68         108.79         -171.48        108.77          17.32         -4.52         17.30          
22.50 -0.309 0.302  -0.513 0.38           0.28           0.42            124.86        140.23        121.07         0.31        0.18        0.36         83.98          79.69          84.78           40.88         60.54         36.29          
22.53 -0.314 0.312  -0.513 0.34           0.15           0.34            115.65        177.64        115.64         0.32        0.10        0.32         71.54          3.40           71.55           44.10         174.24        44.10          
22.57 -0.328 0.321  -0.506 0.48           0.45           0.52            147.33        -153.13       140.75         0.30        0.26        0.37         120.90         -127.14        115.16          26.43         -25.99        25.59          
22.60 -0.334 0.324  -0.502 0.20           0.21           0.23            150.91        -143.24       137.03         0.12        0.15        0.18         50.75          -58.67         63.98           100.15        -84.57        73.05          
22.63 -0.341 0.337  -0.497 0.44           0.27           0.46            120.49        -145.97       118.69         0.38        0.15        0.41         85.64          -79.15         85.95           34.85         -66.82        32.74          
22.67 -0.339 0.327  -0.482 0.28           0.45           0.53            -80.73        -84.16        85.05          0.41        0.53        0.60         -43.25         -56.34         60.56           -37.48        -27.83        24.49          
22.70 -0.341 0.309  -0.471 0.56           0.33           0.65            -94.52        -97.67        93.90          0.60        0.39        0.68         -69.76         -57.88         72.36           -24.76        -39.79        21.54          
22.73 -0.346 0.293  -0.456 0.49           0.47           0.67            -107.25       -107.91       102.62         0.48        0.46        0.66         -77.44         -76.94         80.87           -29.81        -30.97        21.75          
22.77 -0.356 0.281  -0.434 0.48           0.73           0.81            -130.81       -115.69       112.79         0.37        0.66        0.75         -100.16        -95.70         94.99           -30.65        -19.99        17.81          
22.80 -0.348 0.257  -0.405 0.75           0.92           1.17            -70.69        -74.31        77.64          0.87        1.02        1.24         -54.95         -60.64         66.31           -15.74        -13.67        11.33          
22.83 -0.352 0.232  -0.389 0.76           0.49           0.89            -100.01       -105.77       98.51          0.76        0.48        0.89         -81.05         -75.85         82.39           -18.96        -29.92        16.12          
22.87 -0.343 0.213  -0.354 0.64           1.08           1.23            -64.64        -75.30        77.07          0.78        1.17        1.30         -47.82         -63.36         66.30           -16.82        -11.94        10.77          
22.90 -0.335 0.196  -0.329 0.57           0.78           0.94            -65.10        -72.28        75.25          0.71        0.89        1.03         -46.46         -56.81         61.69           -18.63        -15.47        13.57          
22.93 -0.323 0.178  -0.312 0.66           0.63           0.84            -55.94        -54.05        63.69          0.83        0.80        0.97         -41.46         -39.48         50.38           -14.48        -14.58        13.31          
22.97 -0.313 0.169  -0.305 0.38           0.35           0.44            -42.11        -35.80        49.15          0.59        0.57        0.63         -25.71         -21.01         31.63           -16.40        -14.79        17.52          
23.00 -0.306 0.160  -0.304 0.34           0.23           0.34            -48.09        -8.09         48.32          0.54        0.48        0.54         -28.03         -3.89          28.22           -20.06        -4.20         20.10          
23.03 -0.302 0.148  -0.312 0.41           0.25           0.46            -72.87        61.58         75.01          0.54        0.43        0.58         -46.36         30.85          50.35           -26.51        30.73         24.65          
23.07 -0.300 0.133  -0.319 0.45           0.23           0.50            -83.05        76.01         83.75          0.54        0.38        0.58         -55.80         35.74          58.59           -27.25        40.27         25.16          
23.10 -0.296 0.112  -0.337 0.62           0.53           0.81            -79.90        78.25         82.29          0.71        0.63        0.88         -59.58         55.57          65.96           -20.32        22.68         16.33          
23.13 -0.306 0.101  -0.360 0.43           0.75           0.81            -131.35       112.22        110.33         0.32        0.69        0.76         -95.87         92.73          92.48           -35.48        19.49         17.85          
23.17 -0.304 0.089  -0.375 0.38           0.45           0.59            -83.87        84.84         86.05          0.48        0.54        0.66         -52.53         57.20          63.75           -31.34        27.64         22.30          
23.20 -0.308 0.084  -0.392 0.17           0.52           0.54            -124.88       100.49        100.15         0.21        0.54        0.56         -41.57         73.33          73.86           -83.31        27.16         26.29          
23.23 -0.302 0.068  -0.419 0.51           0.82           0.95            -72.04        78.91         80.48          0.64        0.90        1.03         -50.06         63.13          66.56           -21.98        15.77         13.91          
23.27 -0.305 0.061  -0.439 0.23           0.61           0.64            -111.90       98.18         97.71          0.27        0.62        0.66         -52.62         74.72          75.57           -59.29        23.46         22.13          
23.30 -0.298 0.057  -0.444 0.24           0.27           0.29            -30.11        38.18         44.33          0.48        0.49        0.50         -14.85         19.77          24.06           -15.26        18.41         20.27          
23.33 -0.293 0.055  -0.467 0.15           0.70           0.70            -18.95        78.11         78.14          0.40        0.79        0.79         -7.15          60.05          60.12           -11.79        18.05         18.02          
23.37 -0.304 0.045  -0.483 0.44           0.57           0.64            -136.05       123.77        119.34         0.31        0.47        0.56         -101.98        97.79          96.56           -34.07        25.98         22.78          
23.40 -0.313 0.042  -0.498 0.30           0.55           0.55            -162.13       121.49        121.01         0.10        0.47        0.48         -111.03        94.34          94.26           -51.11        27.15         26.75          
23.43 -0.326 0.045  -0.517 0.38           0.66           0.67            168.26        123.77        123.52         0.14        0.56        0.57         147.17         102.16         102.05          21.09         21.61         21.47          
23.47 -0.327 0.039  -0.538 0.17           0.65           0.67            -105.21       93.83         93.72          0.26        0.68        0.70         -37.61         72.27          72.75           -67.60        21.56         20.97          
23.50 -0.352 0.052  -0.545 0.84           0.78           0.87            153.52        164.12        150.16         0.63        0.54        0.66         143.26         156.91         139.31          10.26         7.21          10.85          
23.53 -0.373 0.061  -0.553 0.68           0.66           0.71            156.04        160.46        150.37         0.46        0.43        0.51         143.32         149.25         136.37          12.72         11.21         14.00          
23.57 -0.389 0.066  -0.571 0.51           0.74           0.76            161.08        130.68        129.51         0.29        0.61        0.63         144.58         112.51         111.68          16.50         18.18         17.83          
23.60 -0.408 0.073  -0.582 0.62           0.67           0.70            161.87        151.02        147.25         0.39        0.47        0.51         150.37         136.10         131.82          11.51         14.92         15.43          
23.63 -0.417 0.065  -0.595 0.34           0.46           0.51            -138.65       124.23        120.27         0.23        0.38        0.44         -91.87         91.12          90.96           -46.78        33.11         29.31          
23.67 -0.432 0.093  -0.604 0.94           0.53           0.98            118.79        147.62        117.43         0.85        0.35        0.89         103.79         125.15         103.05          15.01         22.47         14.38          
23.70 -0.444 0.102  -0.614 0.44           0.46           0.54            142.24        139.31        130.83         0.29        0.32        0.42         110.30         108.43         103.91          31.94         30.88         26.92          
23.73 -0.458 0.118  -0.620 0.63           0.45           0.66            130.56        156.68        128.76         0.51        0.24        0.54         108.64         132.43         107.56          21.92         24.25         21.21          
23.77 -0.462 0.128  -0.618 0.33           0.15           0.33            113.46        -152.45       112.94         0.32        0.14        0.33         68.30          -29.64         68.79           45.16         -122.81       44.16          
23.80 -0.462 0.141  -0.614 0.41           0.13           0.43            90.72         -92.34        90.69          0.48        0.28        0.49         58.99          -27.10         60.12           31.73         -65.25        30.57          
23.83 -0.469 0.148  -0.600 0.28           0.47           0.51            136.82        -115.63       113.63         0.20        0.43        0.47         76.46          -83.81         84.35           60.36         -31.82        29.28          
23.87 -0.468 0.153  -0.582 0.15           0.53           0.55            82.42         -87.91        87.99          0.31        0.60        0.61         28.41          -63.13         63.95           54.01         -24.79        24.03          
23.90 -0.474 0.152  -0.571 0.18           0.38           0.38            -172.24       -117.54       117.48         0.08        0.34        0.34         -17.56         -77.34         77.37           -154.67       -40.20        40.11          
23.93 -0.483 0.150  -0.550 0.26           0.68           0.68            -166.10       -112.38       112.27         0.06        0.62        0.63         -96.34         -90.65         90.65           -69.76        -21.73        21.63          
23.97 -0.491 0.145  -0.531 0.29           0.63           0.65            -152.01       -113.39       112.86         0.13        0.58        0.60         -90.79         -90.18         90.18           -61.22        -23.21        22.68          
24.00 -0.491 0.139  -0.520 0.19           0.30           0.36            -92.99        -91.92        91.61          0.31        0.39        0.43         -39.07         -51.73         56.40           -53.92        -40.18        35.21          
24.03 -0.493 0.129  -0.501 0.31           0.60           0.67            -101.97       -96.12        95.47          0.35        0.62        0.69         -58.25         -72.62         74.39           -43.72        -23.51        21.08          
24.07 -0.498 0.136  -0.494 0.26           0.25           0.33            122.51        -123.55       114.68         0.24        0.24        0.32         62.34          -61.40         69.30           60.17         -62.15        45.38          
24.10 -0.502 0.131  -0.480 0.20           0.42           0.45            -129.00       -107.31       106.21         0.20        0.42        0.45         -51.06         -72.73         73.82           -77.94        -34.58        32.40          
24.13 -0.508 0.143  -0.467 0.42           0.44           0.58            115.18        -113.56       107.73         0.38        0.41        0.56         79.00          -79.78         82.47           36.18         -33.78        25.26          
24.17 -0.508 0.142  -0.453 0.05           0.43           0.43            -73.01        -87.91        87.93          0.27        0.50        0.50         -10.82         -58.04         58.22           -62.19        -29.88        29.71          
24.20 -0.509 0.149  -0.436 0.23           0.51           0.55            100.43        -94.70        94.29          0.31        0.54        0.59         47.12          -67.49         69.27           53.32         -27.21        25.02          
24.23 -0.511 0.156  -0.431 0.22           0.16           0.26            107.85        -115.74       104.99         0.28        0.23        0.31         49.19          -37.73         54.32           58.66         -78.01        50.67          
24.27 -0.512 0.152  -0.430 0.13           0.03           0.14            -100.40       -137.22       100.25         0.26        0.23        0.26         -30.24         -5.65          30.59           -70.16        -131.57       69.66          
24.30 -0.506 0.134  -0.414 0.57           0.51           0.75            -71.29        -69.04        75.76          0.70        0.65        0.85         -51.39         -47.92         59.11           -19.89        -21.12        16.65          
24.33 -0.508 0.112  -0.404 0.64           0.32           0.71            -95.61        -101.12       95.02          0.66        0.37        0.73         -73.52         -59.39         75.18           -22.09        -41.73        19.85          
24.37 -0.499 0.089  -0.396 0.76           0.34           0.79            -69.92        -40.44        70.76          0.87        0.56        0.90         -54.34         -23.46         55.59           -15.59        -16.97        15.18          
24.40 -0.491 0.067  -0.392 0.70           0.28           0.71            -68.52        -24.62        68.83          0.82        0.52        0.83         -52.13         -13.06         52.58           -16.38        -11.56        16.25          
24.43 -0.480 0.054  -0.387 0.52           0.37           0.55            -50.36        -25.66        52.41          0.71        0.61        0.73         -34.63         -15.37         36.62           -15.73        -10.29        15.79          
24.47 -0.466 0.055  -0.393 0.41           0.44           0.44            4.38          23.21         23.53          0.65        0.68        0.68         2.71           14.84          15.06           1.67          8.37          8.47           
24.50 -0.460 0.069  -0.394 0.46           0.18           0.46            67.18         13.39         67.28          0.61        0.43        0.61         44.81          5.68           44.95           22.37         7.71          22.33          
24.53 -0.455 0.086  -0.396 0.53           0.17           0.53            71.99         14.01         72.05          0.65        0.41        0.65         50.49          5.62           50.58           21.50         8.39          21.46          
24.57 -0.451 0.096  -0.399 0.33           0.16           0.35            71.00         46.79         72.09          0.47        0.37        0.49         40.97          17.65          42.77           30.03         29.13         29.32          
24.60 -0.449 0.111  -0.401 0.46           0.08           0.46            81.35         29.43         81.38          0.56        0.32        0.56         54.97          6.98           55.07           26.38         22.45         26.31          
24.63 -0.461 0.140  -0.406 0.96           0.41           0.97            112.66        155.18        112.29         0.89        0.21        0.91         97.63          124.76         97.50           15.03         30.42         14.80          
24.67 -0.467 0.148  -0.408 0.30           0.19           0.30            126.95        164.85        126.39         0.25        0.09        0.25         73.45          34.41          73.76           53.50         130.44        52.63          
24.70 -0.484 0.154  -0.412 0.53           0.51           0.54            162.15        168.10        158.95         0.30        0.27        0.32         147.26         157.19         142.47          14.88         10.91         16.48          
24.73 -0.498 0.174  -0.414 0.75           0.44           0.75            125.38        170.53        125.19         0.64        0.20        0.64         106.67         158.42         106.56          18.71         12.11         18.63          
24.77 -0.505 0.180  -0.414 0.27           0.22           0.27            142.10        -178.03       142.07         0.17        0.03        0.17         78.56          -12.33         78.57           63.54         -165.69       63.50          
24.80 -0.506 0.182  -0.415 0.07           0.04           0.08            103.39        114.51        101.92         0.24        0.24        0.25         15.98          8.51           17.90           87.42         106.00        84.01          
24.83 -0.514 0.183  -0.413 0.24           0.24           0.25            168.93        -166.69       162.93         0.05        0.06        0.07         71.55          -74.59         78.00           97.38         -92.10        84.93          
24.87 -0.515 0.185  -0.420 0.06           0.21           0.22            108.72        95.48         95.28          0.24        0.31        0.32         14.73          42.88          43.99           93.99         52.60         51.29          
24.90 -0.513 0.190  -0.430 0.13           0.30           0.33            72.86         82.87         83.39          0.31        0.42        0.43         22.94          46.23          48.40           49.92         36.64         34.99          
24.93 -0.501 0.194  -0.440 0.39           0.49           0.50            17.73         39.37         41.37          0.64        0.70        0.71         10.87          26.22          27.86           6.87          13.15         13.50          
24.97 -0.494 0.192  -0.454 0.20           0.44           0.44            -12.94        63.98         64.12          0.45        0.59        0.60         -5.72          41.79          41.96           -7.22         22.19         22.15          
25.00 -0.483 0.192  -0.470 0.35           0.59           0.59            -1.23         54.12         54.12          0.60        0.77        0.77         -0.71          38.79          38.79           -0.51         15.33         15.33          
25.03 -0.470 0.189  -0.487 0.38           0.64           0.64            -11.68        54.26         54.56          0.63        0.81        0.81         -7.05          39.76          40.06           -4.62         14.51         14.50          
25.07 -0.457 0.189  -0.499 0.41           0.54           0.54            -2.21         40.81         40.84          0.66        0.75        0.75         -1.37          28.21          28.23           -0.84         12.60         12.60          
25.10 -0.450 0.183  -0.508 0.25           0.34           0.38            -39.71        55.61         59.25          0.47        0.52        0.55         -19.87         32.44          36.17           -19.85        23.17         23.07          
25.13 -0.441 0.190  -0.524 0.34           0.56           0.59            36.86         61.19         63.05          0.56        0.71        0.74         21.22          43.28          45.53           15.64         17.91         17.52          
25.17 -0.432 0.188  -0.538 0.28           0.50           0.50            -12.06        56.74         56.99          0.53        0.67        0.67         -6.36          38.51          38.79           -5.70         18.23         18.21          
25.20 -0.429 0.203  -0.548 0.47           0.32           0.56            77.98         72.26         79.95          0.57        0.46        0.65         52.79          41.22          57.70           25.20         31.04         22.25          
25.23 -0.427 0.219  -0.556 0.46           0.25           0.52            81.61         74.08         82.54          0.56        0.40        0.61         55.31          36.75          58.41           26.30         37.33         24.13          
25.27 -0.429 0.232  -0.571 0.41           0.44           0.60            99.90         99.21         96.77          0.44        0.47        0.62         66.15          67.66          73.25           33.75         31.55         23.52          
25.30 -0.435 0.240  -0.579 0.28           0.30           0.38            126.60        124.62        116.82         0.24        0.26        0.35         70.67          71.94          76.57           55.94         52.68         40.26          
25.33 -0.435 0.255  -0.588 0.47           0.26           0.54            92.44         94.39         92.13          0.52        0.35        0.58         63.84          48.51          66.76           28.60         45.87         25.37          
25.37 -0.447 0.266  -0.592 0.48           0.37           0.49            137.92        161.80        136.14         0.34        0.16        0.36         108.16         132.02         107.13          29.76         29.78         29.01          
25.40 -0.455 0.274  -0.589 0.33           0.26           0.34            136.86        -159.01       134.64         0.23        0.09        0.24         87.93          -84.95         88.08           48.93         -74.06        46.56          
25.43 -0.458 0.285  -0.588 0.36           0.08           0.36            102.04        -162.31       102.01         0.39        0.18        0.39         63.15          -7.65          63.20           38.89         -154.65       38.81          
25.47 -0.463 0.289  -0.577 0.19           0.35           0.36            145.49        -116.63       115.36         0.14        0.32        0.34         48.29          -72.92         73.80           97.21         -43.71        41.56          
25.50 -0.472 0.293  -0.566 0.28           0.43           0.45            156.85        -127.33       125.95         0.11        0.34        0.36         95.99          -91.96         91.86           60.86         -35.37        34.08          
25.53 -0.473 0.290  -0.557 0.09           0.26           0.27            -128.25       -101.62       101.25         0.21        0.32        0.33         -18.87         -52.66         53.56           -109.38       -48.96        47.69          
25.57 -0.478 0.283  -0.538 0.28           0.60           0.65            -122.18       -104.10       103.13         0.26        0.59        0.64         -66.20         -80.02         80.71           -55.98        -24.08        22.42          
25.60 -0.477 0.274  -0.514 0.25           0.72           0.76            -80.53        -86.78        86.95          0.38        0.78        0.82         -39.97         -68.07         69.12           -40.57        -18.71        17.83          
25.63 -0.481 0.255  -0.496 0.59           0.54           0.79            -100.56       -101.52       97.83          0.60        0.55        0.80         -76.23         -74.99         79.75           -24.33        -26.53        18.09          
25.67 -0.482 0.254  -0.470 0.05           0.80           0.80            -128.32       -92.13        92.12          0.22        0.83        0.83         -9.66          -74.57         74.59           -118.66       -17.55        17.53          
25.70 -0.478 0.238  -0.444 0.47           0.77           0.90            -78.84        -83.21        84.18          0.58        0.84        0.96         -53.64         -66.03         69.16           -25.20        -17.18        15.01          
25.73 -0.470 0.233  -0.414 0.29           0.93           0.95            -31.38        -74.82        75.02          0.52        1.03        1.04         -16.79         -61.26         61.59           -14.59        -13.56        13.43          
25.77 -0.461 0.211  -0.377 0.73           1.15           1.33            -68.44        -76.44        78.36          0.86        1.23        1.40         -52.66         -65.02         68.32           -15.78        -11.41        10.04          
25.80 -0.454 0.204  -0.349 0.31           0.86           0.88            -44.58        -75.11        75.57          0.52        0.95        0.98         -24.76         -60.39         61.20           -19.82        -14.72        14.37          
25.83 -0.449 0.194  -0.328 0.32           0.64           0.70            -59.86        -75.29        76.55          0.50        0.75        0.80         -34.21         -56.38         58.79           -25.65        -18.91        17.76          
25.87 -0.447 0.194  -0.310 0.05           0.57           0.57            7.49          -84.97        84.97          0.30        0.64        0.64         1.25           -62.08         62.08           6.24          -22.89        22.89          
25.90 -0.448 0.193  -0.302 0.06           0.24           0.25            -108.72       -94.54        94.42          0.24        0.33        0.34         -13.73         -46.20         46.96           -94.99        -48.34        47.46          
25.93 -0.443 0.194  -0.297 0.15           0.20           0.21            17.15         -43.40        44.85          0.40        0.42        0.42         6.52           -19.30         20.22           10.63         -24.10        24.63          
25.97 -0.446 0.186  -0.287 0.27           0.32           0.40            -113.84       -110.04       105.71         0.28        0.33        0.41         -60.07         -64.58         69.87           -53.77        -45.46        35.84          
26.00 -0.440 0.183  -0.283 0.21           0.21           0.24            -28.17        -30.31        38.40          0.45        0.45        0.46         -12.84         -13.97         18.65           -15.33        -16.33        19.75          
26.03 -0.432 0.170  -0.287 0.46           0.27           0.48            -57.03        23.05         57.98          0.63        0.51        0.64         -37.74         12.06          38.76           -19.29        10.99         19.22          
26.07 -0.427 0.159  -0.292 0.34           0.21           0.37            -63.08        42.85         65.33          0.51        0.43        0.53         -37.00         19.54          39.79           -26.09        23.31         25.54          
26.10 -0.428 0.157  -0.305 0.08           0.39           0.40            -114.67       94.88         94.80          0.23        0.44        0.45         -18.37         60.78          61.19           -96.30        34.10         33.60          
26.13 -0.424 0.145  -0.315 0.39           0.34           0.50            -72.98        70.29         76.90          0.52        0.48        0.61         -45.57         41.08          53.30           -27.41        29.21         23.60          
26.17 -0.413 0.119  -0.343 0.84           0.89           1.18            -66.92        68.25         73.76          0.96        1.01        1.27         -53.11         54.92          62.85           -13.80        13.34         10.91          
26.20 -0.410 0.120  -0.370 0.10           0.82           0.82            15.72         83.41         83.41          0.34        0.88        0.88         4.39           67.03          67.04           11.33         16.38         16.37          
26.23 -0.401 0.113  -0.373 0.33           0.28           0.34            -35.86        21.05         39.32          0.55        0.53        0.56         -20.42         11.22          22.87           -15.44        9.84          16.44          
26.27 -0.394 0.109  -0.393 0.25           0.64           0.65            -31.04        70.06         70.48          0.48        0.76        0.77         -15.62         52.01          52.66           -15.42        18.05         17.83          
26.30 -0.374 0.102  -0.408 0.61           0.72           0.75            -19.00        36.86         39.52          0.85        0.93        0.95         -13.50         27.60          29.91           -5.50         9.26          9.61           
26.33 -0.360 0.102  -0.418 0.42           0.53           0.53            -3.74         37.47         37.57          0.67        0.75        0.75         -2.35          25.74          25.82           -1.38         11.73         11.75          
26.37 -0.348 0.115  -0.431 0.55           0.52           0.66            48.96         46.19         57.19          0.74        0.72        0.83         34.12          31.58          42.45           14.85         14.61         14.74          
26.40 -0.341 0.128  -0.435 0.44           0.26           0.46            57.97         27.87         59.29          0.61        0.50        0.62         37.68          14.33          39.13           20.29         13.54         20.17          
26.43 -0.333 0.143  -0.438 0.50           0.23           0.51            64.61         20.70         64.96          0.65        0.47        0.65         44.25          9.91           44.71           20.36         10.79         20.25          
26.47 -0.331 0.154  -0.438 0.35           0.07           0.35            77.81         0.14          77.81          0.47        0.32        0.47         46.53          0.03           46.53           31.28         0.11          31.28          
26.50 -0.340 0.186  -0.437 1.00           0.26           1.00            104.94        -174.00       104.93         0.97        0.03        0.97         90.48          -106.49        90.48           14.46         -67.51        14.46          
26.53 -0.340 0.205  -0.434 0.57           0.07           0.57            91.08         -98.48        91.08          0.62        0.25        0.62         67.20          -16.81         67.36           23.89         -81.67        23.71          
26.57 -0.350 0.214  -0.425 0.41           0.42           0.50            139.20        -138.23       128.84         0.28        0.29        0.39         103.16         -102.74        99.23           36.04         -35.50        29.61          
26.60 -0.347 0.200  -0.419 0.45           0.20           0.48            -77.13        -59.44        77.97          0.56        0.39        0.58         -51.23         -25.73         53.16           -25.90        -33.71        24.80          
26.63 -0.361 0.205  -0.406 0.45           0.59           0.61            160.23        -136.60       134.67         0.23        0.44        0.46         138.94         -113.57        112.18          21.29         -23.03        22.48          
26.67 -0.368 0.204  -0.398 0.20           0.32           0.32            -172.41       -128.77       128.61         0.06        0.25        0.26         -28.15         -78.69         78.75           -144.26       -50.08        49.86          
26.70 -0.385 0.200  -0.400 0.54           0.53           0.55            -166.49       170.93        163.91         0.30        0.29        0.31         -155.39        163.06         151.18          -11.11        7.87          12.73          
26.73 -0.397 0.211  -0.395 0.47           0.37           0.50            135.13        -154.77       132.24         0.35        0.18        0.38         104.49         -118.62        103.14          30.65         -36.15        29.10          
26.77 -0.405 0.213  -0.391 0.26           0.28           0.29            170.29        -155.38       153.93         0.05        0.12        0.13         101.11         -94.19         93.93           69.18         -61.19        60.00          
26.80 -0.416 0.221  -0.385 0.42           0.38           0.46            141.33        -150.35       135.52         0.27        0.20        0.33         106.44         -112.53        103.52          34.89         -37.82        31.99          
26.83 -0.420 0.222  -0.381 0.13           0.18           0.18            170.01        -133.49       133.09         0.13        0.18        0.18         10.07          -46.72         47.12           159.94        -86.76        85.97          
26.87 -0.436 0.243  -0.379 0.78           0.48           0.79            127.61        -174.04       127.52         0.66        0.23        0.66         110.21         -167.68        110.15          17.40         -6.36         17.37          
26.90 -0.432 0.256  -0.365 0.42           0.44           0.60            71.54         -72.30        77.01          0.56        0.57        0.70         46.29          -47.58         56.55           25.25         -24.72        20.46          
26.93 -0.433 0.266  -0.342 0.30           0.70           0.76            98.51         -93.66        93.36          0.36        0.73        0.79         55.43          -73.61         74.86           43.09         -20.05        18.50          
26.97 -0.440 0.281  -0.326 0.49           0.50           0.67            113.13        -112.26       106.46         0.45        0.47        0.65         82.44          -82.75         84.75           30.68         -29.51        21.71          
27.00 -0.442 0.284  -0.314 0.10           0.38           0.39            124.56        -99.03        98.80          0.21        0.42        0.43         24.36          -62.99         63.59           100.20        -36.04        35.21          
27.03 -0.453 0.299  -0.299 0.57           0.55           0.71            125.77        -127.23       117.60         0.47        0.44        0.64         100.02         -100.56        97.31           25.75         -26.67        20.29          
27.07 -0.451 0.310  -0.289 0.34           0.31           0.46            80.49         -79.43        82.89          0.46        0.43        0.55         47.85          -44.77         56.04           32.64         -34.66        26.85          
27.10 -0.450 0.329  -0.282 0.55           0.20           0.58            88.33         -85.39        88.43          0.61        0.33        0.64         64.00          -36.56         65.36           24.33         -48.83        23.06          
27.13 -0.453 0.336  -0.272 0.23           0.31           0.38            106.98        -102.23       100.02         0.29        0.36        0.42         50.00          -59.21         64.09           56.98         -43.02        35.93          
27.17 -0.449 0.336  -0.251 0.12           0.63           0.63            0.57          -79.46        79.46          0.37        0.72        0.72         0.18           -59.51         59.51           0.39          -19.95        19.95          
27.20 -0.447 0.336  -0.243 0.05           0.27           0.27            3.03          -79.59        79.59          0.30        0.40        0.40         0.50           -41.90         41.90           2.53          -37.69        37.69          
27.23 -0.436 0.337  -0.224 0.34           0.64           0.64            7.33          -58.83        58.90          0.58        0.80        0.80         4.20           -43.36         43.44           3.13          -15.47        15.46          
27.27 -0.427 0.335  -0.215 0.27           0.38           0.39            -16.69        -47.04        48.11          0.52        0.58        0.59         -8.70          -28.72         29.63           -7.99         -18.32        18.48          
27.30 -0.416 0.325  -0.183 0.46           1.01           1.05            -41.09        -69.64        70.56          0.67        1.12        1.16         -26.96         -57.54         58.82           -14.13        -12.11        11.74          
27.33 -0.407 0.319  -0.176 0.30           0.33           0.37            -32.87        -40.70        47.09          0.53        0.55        0.57         -17.99         -23.38         28.41           -14.87        -17.32        18.69          
27.37 -0.388 0.292  -0.179 1.01           0.58           1.01            -55.41        8.79          55.56          1.17        0.83        1.17         -45.26         6.14           45.42           -10.15        2.65          10.14          
27.40 -0.373 0.271  -0.177 0.76           0.46           0.77            -53.69        -6.72         53.80          0.93        0.70        0.94         -41.24         -4.34          41.34           -12.46        -2.38         12.45          
27.43 -0.361 0.265  -0.186 0.42           0.44           0.49            -27.91        33.68         40.41          0.65        0.67        0.69         -17.53         21.68          26.92           -10.38        12.00         13.49          
27.47 -0.344 0.260  -0.194 0.52           0.57           0.58            -15.67        27.42         30.53          0.76        0.80        0.81         -10.61         19.10          21.49           -5.06         8.32          9.04           
27.50 -0.329 0.267  -0.199 0.49           0.46           0.51            25.74         16.63         29.56          0.72        0.70        0.73         17.08          10.78          19.87           8.66          5.85          9.68           
27.53 -0.321 0.275  -0.202 0.36           0.28           0.37            43.88         23.03         46.44          0.56        0.52        0.57         25.95          12.14          28.02           17.93         10.89         18.42          
27.57 -0.305 0.283  -0.204 0.52           0.48           0.53            25.66         6.06          26.20          0.76        0.72        0.76         17.45          3.97           17.85           8.21          2.09          8.36           
27.60 -0.296 0.296  -0.209 0.48           0.32           0.51            55.62         30.97         57.67          0.66        0.55        0.68         37.31          17.38          39.49           18.30         13.59         18.18          
27.63 -0.287 0.317  -0.211 0.68           0.26           0.68            67.89         8.50          67.93          0.81        0.51        0.81         51.23          4.32           51.28           16.66         4.18          16.65          
27.67 -0.290 0.344  -0.201 0.80           0.31           0.86            95.00         -103.21       94.69          0.82        0.35        0.87         77.35          -58.95         78.12           17.66         -44.27        16.57          
27.70 -0.287 0.351  -0.193 0.23           0.23           0.31            68.95         -69.38        74.94          0.39        0.40        0.45         32.59          -33.17         42.44           36.36         -36.20        32.50          
27.73 -0.288 0.361  -0.193 0.30           0.03           0.30            93.66         -129.87       93.65          0.37        0.23        0.38         51.90          -5.58          51.98           41.76         -124.29       41.67          
27.77 -0.288 0.368  -0.186 0.23           0.19           0.30            94.41         -95.25        93.38          0.33        0.30        0.38         44.70          -39.72         52.26           49.71         -55.53        41.12          
27.80 -0.292 0.378  -0.182 0.32           0.17           0.34            108.01        -126.57       106.58         0.34        0.20        0.36         63.38          -41.15         65.34           44.63         -85.42        41.24          
27.83 -0.294 0.395  -0.176 0.52           0.19           0.55            98.39         -112.85       97.93          0.54        0.25        0.57         71.13          -45.68         72.12           27.26         -67.16        25.81          
27.87 -0.297 0.405  -0.174 0.31           0.11           0.32            107.23        -146.30       106.90         0.34        0.17        0.34         62.13          -21.37         62.62           45.10         -124.93       44.27          
27.90 -0.294 0.425  -0.175 0.59           0.11           0.59            80.27         22.30         80.30          0.68        0.35        0.68         58.96          6.66           59.02           21.32         15.64         21.28          
27.93 -0.288 0.439  -0.173 0.45           0.18           0.46            68.76         -23.00        69.02          0.59        0.42        0.59         45.53          -9.54          45.92           23.23         -13.46        23.10          
27.97 -0.293 0.458  -0.180 0.60           0.26           0.63            104.81        126.15        103.96         0.59        0.23        0.62         80.42          65.01          80.99           24.38         61.14         22.97          
28.00 -0.296 0.463  -0.186 0.17           0.22           0.26            122.94        114.76        110.59         0.21        0.25        0.29         41.17          50.85          56.45           81.77         63.91         54.15          
28.03 -0.298 0.470  -0.202 0.22           0.47           0.52            102.37        95.69         95.18          0.29        0.51        0.55         46.35          66.58          68.48           56.02         29.11         26.70          
28.07 -0.293 0.457  -0.216 0.41           0.43           0.57            -69.29        70.46         75.49          0.55        0.56        0.68         -43.99         45.80          54.66           -25.30        24.66         20.83          
28.10 -0.295 0.459  -0.232 0.09           0.50           0.50            135.09        97.69         97.62          0.20        0.53        0.53         19.91          69.61          69.78           115.18        28.08         27.85          
28.13 -0.292 0.444  -0.248 0.46           0.50           0.67            -78.79        79.66         82.36          0.56        0.59        0.75         -52.99         55.23          62.95           -25.80        24.43         19.41          
28.17 -0.281 0.426  -0.265 0.65           0.62           0.83            -57.32        55.73         64.96          0.81        0.79        0.96         -42.28         40.55          51.31           -15.05        15.17         13.66          
28.20 -0.277 0.411  -0.284 0.47           0.56           0.73            -76.70        78.92         81.42          0.58        0.66        0.80         -52.01         57.10          63.52           -24.69        21.82         17.91          
28.23 -0.272 0.400  -0.309 0.36           0.78           0.85            -64.33        78.63         79.49          0.52        0.87        0.93         -38.50         62.26          64.12           -25.83        16.37         15.37          
28.27 -0.261 0.384  -0.331 0.58           0.73           0.88            -55.74        63.45         68.06          0.75        0.87        1.00         -39.77         48.61          54.60           -15.97        14.84         13.46          
28.30 -0.246 0.365  -0.362 0.73           1.02           1.17            -52.35        64.27         67.77          0.90        1.15        1.29         -39.67         53.01          57.43           -12.68        11.26         10.34          
28.33 -0.238 0.351  -0.381 0.47           0.63           0.75            -59.00        67.28         71.04          0.64        0.76        0.87         -39.42         49.71          55.18           -19.58        17.57         15.86          
28.37 -0.233 0.343  -0.403 0.29           0.65           0.70            -60.27        77.47         78.30          0.46        0.75        0.79         -32.37         58.45          60.22           -27.90        19.02         18.07          
28.40 -0.225 0.327  -0.425 0.56           0.73           0.88            -61.51        68.65         72.40          0.71        0.85        0.98         -43.50         52.79          58.36           -18.02        15.86         14.04          
28.43 -0.224 0.326  -0.440 0.03           0.44           0.44            -30.87        87.10         87.10          0.27        0.52        0.52         -2.81          58.38          58.39           -28.06        28.73         28.72          
28.47 -0.221 0.335  -0.461 0.29           0.63           0.69            73.28         82.51         83.13          0.43        0.71        0.76         39.45          62.00          64.03           33.83         20.51         19.11          
28.50 -0.228 0.336  -0.474 0.22           0.45           0.45            177.27        119.07        119.07         0.03        0.39        0.39         18.12          85.37          85.37           159.15        33.71         33.70          
28.53 -0.230 0.333  -0.481 0.09           0.23           0.24            -122.46       102.35        101.69         0.22        0.30        0.31         -20.93         48.03          49.62           -101.53       54.32         52.08          
28.57 -0.236 0.354  -0.476 0.65           0.24           0.67            106.41        -139.41       105.94         0.62        0.17        0.64         83.82          -66.79         84.01           22.59         -72.63        21.93          
28.60 -0.247 0.365  -0.476 0.46           0.33           0.46            135.12        179.01        135.11         0.33        0.08        0.33         103.30         175.81         103.30          31.82         3.20          31.81          
28.63 -0.259 0.381  -0.476 0.60           0.37           0.60            128.05        -179.62       128.05         0.49        0.12        0.49         104.34         -178.84        104.34          23.71         -0.78         23.71          
28.67 -0.276 0.394  -0.465 0.66           0.61           0.74            140.64        -146.84       133.64         0.49        0.42        0.59         121.74         -127.83        115.82          18.91         -19.02        17.83          
28.70 -0.278 0.392  -0.453 0.09           0.37           0.37            -138.15       -100.04       99.92          0.19        0.41        0.41         -17.23         -62.93         63.22           -120.92       -37.11        36.70          
28.73 -0.283 0.402  -0.454 0.33           0.14           0.33            115.07        172.18        115.02         0.32        0.11        0.32         69.15          9.58           69.19           45.92         162.60        45.83          
28.77 -0.290 0.405  -0.444 0.23           0.35           0.36            155.71        -126.16       124.76         0.10        0.29        0.30         65.03          -81.27         81.70           90.68         -44.89        43.06          
28.80 -0.289 0.394  -0.426 0.35           0.54           0.64            -84.37        -86.35        86.94          0.45        0.61        0.70         -50.84         -62.24         66.15           -33.53        -24.12        20.79          
28.83 -0.294 0.394  -0.415 0.17           0.37           0.37            172.59        -116.63       116.58         0.09        0.34        0.34         14.25          -75.59         75.62           158.34        -41.04        40.96          
28.87 -0.280 0.377  -0.401 0.68           0.60           0.80            -51.86        -45.18        58.36          0.86        0.79        0.96         -38.59         -32.23         45.48           -13.27        -12.94        12.88          
28.90 -0.278 0.379  -0.384 0.11           0.52           0.52            46.80         -81.82        81.91          0.33        0.61        0.61         13.65          -57.77         58.07           33.16         -24.05        23.84          
28.93 -0.284 0.371  -0.364 0.31           0.63           0.68            -124.01       -106.17       104.92         0.27        0.61        0.67         -74.21         -83.07         83.63           -49.80        -23.11        21.29          
28.97 -0.283 0.364  -0.336 0.20           0.83           0.86            -80.74        -87.74        87.80          0.35        0.88        0.90         -35.45         -71.20         71.69           -45.29        -16.54        16.11          
29.00 -0.270 0.339  -0.305 0.84           1.03           1.27            -62.40        -67.73        72.13          0.98        1.15        1.37         -49.35         -56.08         62.10           -13.05        -11.65        10.03          
29.03 -0.277 0.331  -0.286 0.33           0.59           0.64            -130.75       -111.41       109.64         0.25        0.55        0.61         -82.28         -86.47         86.79           -48.47        -24.93        22.85          
29.07 -0.269 0.309  -0.254 0.70           0.98           1.19            -70.37        -76.11        78.51          0.82        1.07        1.26         -53.71         -63.01         67.29           -16.66        -13.09        11.22          
29.10 -0.268 0.302  -0.232 0.21           0.67           0.70            -80.41        -86.95        87.09          0.35        0.72        0.75         -36.30         -66.76         67.73           -44.11        -20.19        19.36          
29.13 -0.264 0.294  -0.211 0.25           0.65           0.68            -61.41        -79.16        79.76          0.43        0.74        0.77         -31.00         -59.69         61.12           -30.41        -19.47        18.64          
29.17 -0.251 0.293  -0.195 0.37           0.61           0.61            -5.42         -52.13        52.21          0.62        0.79        0.79         -3.25          -37.58         37.65           -2.17         -14.55        14.55          
29.20 -0.252 0.301  -0.188 0.23           0.20           0.31            94.62         -95.41        93.52          0.33        0.30        0.38         45.22          -40.66         52.94           49.40         -54.76        40.58          
29.23 -0.248 0.303  -0.180 0.14           0.28           0.29            28.85         -64.86        65.57          0.38        0.45        0.45         10.09          -34.54         35.41           18.76         -30.32        30.16          
29.27 -0.247 0.300  -0.189 0.08           0.27           0.28            -70.52        84.06         84.30          0.29        0.38        0.39         -15.74         43.78          44.97           -54.78        40.28         39.33          
29.30 -0.245 0.303  -0.191 0.09           0.10           0.12            46.02         49.86         57.58          0.32        0.32        0.33         11.64          13.26          17.38           34.38         36.60         40.21          
29.33 -0.250 0.290  -0.194 0.40           0.18           0.40            -114.51       156.96        114.11         0.37        0.11        0.38         -76.78         39.53          77.01           -37.73        117.43        37.10          
29.37 -0.248 0.283  -0.209 0.24           0.47           0.52            -72.68        81.08         82.02          0.40        0.56        0.61         -35.70         55.00          57.97           -36.98        26.08         24.05          
29.40 -0.250 0.266  -0.216 0.52           0.21           0.56            -96.89        106.83        96.40          0.55        0.28        0.58         -69.92         47.52          71.24           -26.97        59.30         25.15          
29.43 -0.246 0.253  -0.223 0.41           0.25           0.46            -71.30        57.88         73.41          0.55        0.44        0.59         -45.69         28.92          49.33           -25.60        28.96         24.07          
29.47 -0.231 0.248  -0.232 0.47           0.52           0.54            -17.45        30.64         33.85          0.71        0.74        0.76         -11.39         20.78          23.25           -6.07         9.86          10.60          
29.50 -0.230 0.245  -0.236 0.09           0.15           0.17            -66.50        75.90         77.73          0.30        0.32        0.33         -16.27         26.80          30.26           -50.23        49.10         47.47          
29.53 -0.222 0.254  -0.238 0.35           0.23           0.35            49.56         12.41         50.05          0.55        0.48        0.55         29.21          5.99           29.63           20.35         6.43          20.42          
29.57 -0.215 0.258  -0.237 0.23           0.20           0.24            31.73         -10.39        32.82          0.46        0.45        0.47         15.30          -4.64          15.92           16.43         -5.75         16.90          
29.60 -0.203 0.261  -0.238 0.38           0.37           0.38            15.26         6.09          16.33          0.62        0.62        0.62         9.20           3.63           9.87            6.06          2.47          6.46           
29.63 -0.201 0.274  -0.235 0.37           0.11           0.38            81.42         -58.56        81.67          0.48        0.32        0.48         50.09          -16.43         50.92           31.34         -42.13        30.75          
29.67 -0.196 0.296  -0.240 0.68           0.21           0.70            77.14         44.92         77.45          0.77        0.43        0.79         58.80          20.60          59.43           18.34         24.32         18.02          
29.70 -0.193 0.310  -0.247 0.44           0.24           0.49            75.13         61.85         76.62          0.56        0.42        0.60         49.74          30.36          52.81           25.40         31.49         23.81          
29.73 -0.189 0.317  -0.251 0.23           0.14           0.25            62.85         41.54         64.97          0.41        0.37        0.42         30.27          14.85          32.66           32.58         26.69         32.31          
29.77 -0.190 0.327  -0.264 0.30           0.40           0.50            96.33         94.78         93.82          0.37        0.46        0.55         54.44          61.69          66.72           41.88         33.09         27.10          
29.80 -0.188 0.334  -0.275 0.21           0.34           0.40            75.48         80.99         82.30          0.37        0.45        0.50         34.32          48.12          52.60           41.16         32.87         29.70          
29.83 -0.174 0.332  -0.289 0.43           0.59           0.59            -7.10         43.30         43.55          0.68        0.79        0.79         -4.50          30.74          30.96           -2.61         12.56         12.59          
29.87 -0.165 0.336  -0.304 0.29           0.54           0.55            23.87         60.49         61.23          0.53        0.70        0.71         12.85          42.33          43.20           11.02         18.17         18.04          
29.90 -0.154 0.342  -0.320 0.38           0.56           0.59            30.05         54.80         56.85          0.61        0.74        0.76         18.11          38.71          40.88           11.94         16.09         15.97          
29.93 -0.148 0.341  -0.329 0.19           0.34           0.34            -7.90         56.09         56.21          0.44        0.53        0.53         -3.45          32.83          32.94           -4.46         23.26         23.27          
29.97 -0.131 0.329  -0.340 0.63           0.61           0.71            -35.44        32.57         43.72          0.85        0.83        0.91         -25.58         23.25          32.75           -9.86         9.32          10.97          
30.00 -0.133 0.335  -0.339 0.17           0.07           0.18            108.70        -139.62       108.02         0.25        0.20        0.26         39.42          -13.32         40.54           69.29         -126.30       67.48          
30.03 -0.124 0.331  -0.330 0.27           0.36           0.37            -20.97        -45.21        47.15          0.51        0.56        0.57         -10.85         -26.75         28.33           -10.12        -18.47        18.81          
30.07 -0.119 0.331  -0.315 0.15           0.49           0.49            -2.08         -72.09        72.10          0.40        0.61        0.61         -0.78          -49.15         49.16           -1.31         -22.94        22.94          
30.10 -0.113 0.323  -0.303 0.32           0.40           0.47            -49.89        -59.42        64.18          0.52        0.57        0.62         -28.13         -37.32         42.96           -21.75        -22.10        21.23          
30.13 -0.121 0.330  -0.288 0.32           0.51           0.55            142.58        -119.28       117.26         0.19        0.45        0.49         90.42          -90.18         90.16           52.16         -29.10        27.09          
30.17 -0.109 0.324  -0.264 0.40           0.81           0.83            -26.66        -64.04        64.69          0.63        0.94        0.96         -16.38         -50.25         51.07           -10.28        -13.79        13.62          
30.20 -0.114 0.327  -0.246 0.19           0.57           0.58            145.25        -106.10       105.81         0.14        0.56        0.57         50.07          -80.48         80.67           95.19         -25.62        25.14          
30.23 -0.095 0.315  -0.234 0.67           0.68           0.76            -32.22        -32.62        41.93          0.89        0.90        0.97         -23.65         -23.97         31.97           -8.58         -8.65         9.97           
