time  x      y      z      groundspeedxy  groundspeedxz  groundspeedxyz  trackanglexy  trackanglexz  trackanglexyz  airspeedxy  airspeedxz  airspeedxyz  courseanglexy  courseanglexz  courseanglexyz  driftanglexy  driftanglexz  driftanglexyz  
0.00  -1.092 0.424  -0.318 
0.03  -1.090 0.392  -0.343 0.98           0.76           1.24            -87.55        86.85         88.06          1.02        0.81        1.27         -73.38         69.01          76.74           -14.17        17.84         11.32          
0.07  -1.084 0.371  -0.383 0.66           1.20           1.36            -73.69        81.11         82.14          0.77        1.27        1.42         -55.55         69.85          72.07           -18.14        11.25         10.07          
0.10  -1.073 0.352  -0.414 0.65           1.00           1.14            -58.44        70.10         72.68          0.81        1.11        1.24         -43.19         57.88          61.59           -15.25        12.22         11.08          
0.13  -1.066 0.323  -0.441 0.90           0.83           1.21            -76.63        75.43         80.05          0.99        0.92        1.27         -62.41         60.26          68.91           -14.22        15.18         11.14          
0.17  -1.052 0.286  -0.462 1.17           0.77           1.34            -69.04        56.84         71.71          1.28        0.93        1.44         -58.56         43.81          62.20           -10.47        13.03         9.51           
0.20  -1.033 0.261  -0.479 0.94           0.75           1.07            -53.27        41.60         58.12          1.11        0.96        1.22         -42.88         31.60          48.09           -10.39        10.00         10.03          
0.23  -1.007 0.235  -0.488 1.11           0.83           1.14            -44.54        18.14         46.05          1.30        1.07        1.33         -36.79         13.98          38.25           -7.75         4.16          7.80           
0.27  -0.975 0.217  -0.495 1.11           0.98           1.13            -30.25        12.80         32.04          1.33        1.23        1.35         -24.82         10.22          26.40           -5.42         2.58          5.64           
0.30  -0.940 0.206  -0.506 1.08           1.09           1.14            -17.62        18.50         24.76          1.32        1.33        1.37         -14.34         15.07          20.37           -3.28         3.43          4.39           
0.33  -0.907 0.207  -0.522 1.01           1.11           1.11            2.13          24.65         24.72          1.26        1.34        1.34         1.70           20.19          20.25           0.42          4.46          4.47           
0.37  -0.881 0.209  -0.528 0.77           0.80           0.80            3.84          14.73         15.18          1.02        1.04        1.04         2.90           11.23          11.58           0.94          3.50          3.60           
0.40  -0.000 0.000  -0.000 27.16          30.82          31.45           -13.33        -30.96        32.83          27.40       31.03       31.66        -13.21         -30.73         32.58           -0.12         -0.24         0.25           
0.43  -0.796 0.226  -0.556 24.83          29.13          29.91           164.13        145.10        143.01         24.59       28.92       29.71        163.98         144.81         142.72          0.16          0.28          0.29           
0.47  -0.761 0.238  -0.567 1.12           1.12           1.18            18.91         18.39         25.52          1.36        1.36        1.41         15.50          15.07          21.13           3.41          3.33          4.39           
0.50  -0.723 0.246  -0.569 1.14           1.12           1.14            10.94         2.48          11.20          1.39        1.37        1.39         8.98           2.03           9.20            1.96          0.45          2.00           
0.53  -0.687 0.264  -0.565 1.21           1.09           1.21            26.44         -6.79         27.08          1.44        1.34        1.44         21.99          -5.52          22.55           4.45          -1.27         4.53           
0.57  -0.663 0.280  -0.552 0.88           0.83           0.96            34.00         -27.90        40.61          1.10        1.05        1.16         26.67          -21.52         32.56           7.33          -6.38         8.05           
0.60  -0.639 0.287  -0.529 0.75           0.98           1.01            16.58         -43.29        44.65          0.99        1.18        1.20         12.45          -34.93         36.22           4.13          -8.36         8.43           
0.63  -0.625 0.290  -0.499 0.45           1.00           1.01            11.32         -64.20        64.30          0.69        1.14        1.14         7.25           -52.77         52.89           4.06          -11.43        11.41          
0.67  -0.618 0.298  -0.460 0.31           1.17           1.20            53.79         -80.94        81.14          0.50        1.24        1.26         30.14          -69.44         69.87           23.65         -11.50        11.27          
0.70  -0.622 0.306  -0.419 0.26           1.25           1.27            115.12        -95.00        94.91          0.27        1.25        1.27         58.64          -83.52         83.62           56.47         -11.48        11.29          
0.73  -0.623 0.305  -0.388 0.06           0.93           0.93            -133.12       -92.41        92.41          0.22        0.95        0.95         -11.15         -77.14         77.15           -121.97       -15.28        15.26          
0.77  -0.615 0.296  -0.362 0.36           0.84           0.88            -47.19        -73.17        73.96          0.56        0.94        0.98         -27.98         -58.42         59.70           -19.21        -14.75        14.26          
0.80  -0.613 0.294  -0.344 0.10           0.54           0.55            -39.23        -82.16        82.21          0.33        0.63        0.63         -10.56         -58.91         59.07           -28.66        -23.25        23.14          
0.83  -0.603 0.306  -0.323 0.45           0.68           0.77            49.72         -64.55        67.47          0.65        0.82        0.89         32.53          -48.64         52.49           17.19         -15.91        14.98          
0.87  -0.590 0.306  -0.300 0.39           0.79           0.79            3.84          -60.57        60.58          0.64        0.94        0.94         2.34           -47.16         47.18           1.50          -13.41        13.41          
0.90  -0.575 0.315  -0.279 0.52           0.78           0.82            30.66         -54.59        56.77          0.75        0.94        0.98         20.87          -42.14         44.47           9.79          -12.45        12.30          
0.93  -0.554 0.330  -0.260 0.77           0.85           0.96            34.59         -41.65        48.38          0.99        1.05        1.14         26.34          -32.57         38.94           8.25          -9.09         9.43           
0.97  -0.530 0.360  -0.254 1.14           0.73           1.15            51.77         -13.71        52.28          1.31        0.97        1.32         43.14          -10.21         43.66           8.63          -3.50         8.62           
1.00  -0.506 0.373  -0.245 0.83           0.79           0.88            27.63         -21.71        33.33          1.05        1.02        1.09         21.31          -16.53         26.11           6.32          -5.18         7.22           
1.03  -0.482 0.382  -0.251 0.77           0.75           0.79            20.41         15.38         24.83          1.01        0.99        1.02         15.43          11.53          18.95           4.98          3.84          5.88           
1.07  -0.463 0.400  -0.258 0.78           0.60           0.81            44.44         20.16         46.32          0.98        0.83        1.00         34.12          14.23          35.88           10.32         5.93          10.44          
1.10  -0.437 0.409  -0.267 0.85           0.85           0.89            18.52         19.06         25.70          1.09        1.09        1.12         14.34          14.77          20.17           4.18          4.29          5.53           
1.13  -0.411 0.404  -0.270 0.76           0.76           0.77            -9.90         6.28          11.65          1.01        1.01        1.01         -7.46          4.72           8.80            -2.44         1.56          2.85           
1.17  -0.388 0.400  -0.278 0.72           0.75           0.76            -10.73        19.03         21.48          0.97        0.99        1.00         -7.97          14.31          16.22           -2.75         4.72          5.26           
1.20  -0.361 0.390  -0.302 0.85           1.07           1.11            -19.55        41.38         43.53          1.09        1.27        1.30         -15.16         33.92          35.94           -4.39         7.47          7.59           
1.23  -0.338 0.381  -0.318 0.74           0.83           0.88            -22.37        35.22         39.25          0.97        1.05        1.09         -16.75         27.32          30.87           -5.61         7.90          8.38           
1.27  -0.318 0.369  -0.336 0.69           0.80           0.87            -30.56        41.81         46.98          0.91        1.00        1.06         -22.56         32.19          37.02           -8.00         9.62          9.96           
1.30  -0.299 0.350  -0.367 0.83           1.12           1.26            -44.15        57.92         61.83          1.02        1.27        1.39         -34.35         48.32          52.74           -9.81         9.60          9.09           
1.33  -0.275 0.328  -0.406 0.98           1.35           1.51            -43.35        58.17         61.83          1.17        1.50        1.64         -34.95         50.02          54.12           -8.40         8.15          7.71           
1.37  -0.254 0.301  -0.441 1.02           1.22           1.47            -53.01        59.87         65.31          1.19        1.36        1.59         -43.32         50.75          57.09           -9.69         9.12          8.22           
1.40  -0.239 0.291  -0.481 0.56           1.30           1.33            -32.15        68.46         69.04          0.79        1.41        1.44         -22.42         58.97          59.72           -9.73         9.48          9.31           
1.43  -0.226 0.277  -0.512 0.57           1.02           1.10            -47.78        67.90         69.66          0.76        1.13        1.21         -33.67         56.11          58.49           -14.10        11.79         11.17          
1.47  -0.214 0.252  -0.552 0.82           1.24           1.44            -64.78        73.69         76.04          0.95        1.33        1.52         -51.02         63.31          66.87           -13.76        10.38         9.17           
1.50  -0.213 0.236  -0.583 0.47           0.94           1.05            -85.37        87.68         87.92          0.55        0.98        1.09         -58.51         72.95          74.66           -26.86        14.73         13.26          
1.53  -0.203 0.210  -0.613 0.85           0.95           1.24            -69.56        71.72         76.12          0.97        1.05        1.32         -55.52         58.67          65.51           -14.05        13.06         10.61          
1.57  -0.194 0.186  -0.630 0.75           0.55           0.89            -69.92        62.12         73.26          0.87        0.70        0.99         -54.22         43.79          59.33           -15.70        18.32         13.93          
1.60  -0.187 0.147  -0.640 1.19           0.40           1.23            -78.67        54.08         79.07          1.26        0.58        1.30         -67.47         33.70          68.21           -11.20        20.38         10.86          
1.63  -0.182 0.132  -0.636 0.48           0.19           0.49            -73.08        -41.44        73.63          0.60        0.41        0.61         -49.58         -17.50         50.56           -23.50        -23.94        23.07          
1.67  -0.165 0.101  -0.631 1.06           0.53           1.07            -61.02        -15.58        61.31          1.20        0.78        1.21         -50.54         -10.62         50.87           -10.48        -4.96         10.44          
1.70  -0.157 0.061  -0.610 1.23           0.69           1.40            -79.26        -70.55        80.52          1.30        0.81        1.46         -68.40         -53.61         70.77           -10.86        -16.95        9.74           
1.73  -0.153 0.048  -0.581 0.40           0.86           0.94            -71.93        -81.68        82.40          0.53        0.93        1.00         -45.49         -66.22         68.09           -26.44        -15.46        14.31          
1.77  -0.148 0.038  -0.545 0.35           1.09           1.14            -62.85        -81.52        81.85          0.52        1.16        1.20         -37.37         -69.16         69.92           -25.48        -12.36        11.93          
1.80  -0.147 0.028  -0.511 0.28           1.03           1.07            -87.80        -89.41        89.43          0.38        1.06        1.10         -46.74         -75.82         76.29           -41.06        -13.59        13.14          
1.83  -0.160 0.022  -0.477 0.42           1.07           1.09            -152.16       -110.35       110.00         0.23        1.02        1.03         -122.07        -97.00         96.87           -30.09        -13.35        13.13          
1.87  -0.169 0.024  -0.450 0.28           0.85           0.86            164.84        -108.49       108.42         0.08        0.81        0.81         105.93         -91.48         91.48           58.91         -17.01        16.94          
1.90  -0.179 0.032  -0.419 0.38           0.98           1.01            142.39        -107.93       107.43         0.24        0.94        0.97         102.72         -93.22         93.13           39.66         -14.71        14.30          
1.93  -0.186 0.041  -0.393 0.34           0.81           0.86            125.33        -104.23       103.43         0.29        0.79        0.84         79.75          -86.30         86.52           45.58         -17.93        16.91          
1.97  -0.196 0.051  -0.375 0.43           0.62           0.68            136.08        -119.82       116.65         0.30        0.54        0.61         100.82         -96.02         95.28           35.27         -23.80        21.38          
2.00  -0.204 0.078  -0.364 0.83           0.43           0.90            107.13        -124.89       105.75         0.79        0.35        0.86         89.50          -88.87         89.54           17.63         -36.01        16.20          
2.03  -0.217 0.090  -0.352 0.53           0.51           0.63            135.20        -137.34       126.43         0.40        0.37        0.53         108.74         -110.09        103.97          26.45         -27.25        22.46          
2.07  -0.230 0.117  -0.351 0.90           0.40           0.90            116.49        -175.31       116.48         0.82        0.16        0.82         100.66         -167.73        100.65          15.84         -7.58         15.83          
2.10  -0.235 0.135  -0.338 0.57           0.42           0.69            105.88        -111.78       103.05         0.55        0.40        0.67         80.07          -76.18         81.88           25.82         -35.60        21.17          
2.13  -0.250 0.162  -0.339 0.91           0.44           0.91            118.71        176.96        118.70         0.82        0.19        0.82         103.25         172.96         103.24          15.46         4.00          15.46          
2.17  -0.256 0.179  -0.351 0.56           0.41           0.67            109.82        117.56        106.52         0.53        0.37        0.65         83.65          80.84          84.77           26.17         36.72         21.75          
2.20  -0.253 0.190  -0.375 0.34           0.73           0.80            73.90         82.46         83.14          0.48        0.80        0.86         43.69          64.36          66.43           30.20         18.10         16.71          
2.23  -0.257 0.212  -0.401 0.66           0.78           1.02            101.18        99.51         97.28          0.66        0.78        1.02         79.47          81.05          83.15           21.71         18.46         14.13          
2.27  -0.262 0.223  -0.407 0.34           0.24           0.39            114.62        126.37        111.26         0.33        0.22        0.38         71.13          61.21          73.81           43.49         65.16         37.45          
2.30  -0.261 0.227  -0.428 0.13           0.64           0.65            74.77         86.84         86.90          0.31        0.70        0.71         24.44          65.96          66.38           50.33         20.88         20.52          
2.33  -0.267 0.229  -0.465 0.21           1.11           1.11            159.23        100.01        99.98          0.09        1.10        1.10         52.18          87.03          87.03           107.04        12.98         12.95          
2.37  -0.262 0.225  -0.491 0.19           0.79           0.80            -37.87        79.32         79.43          0.41        0.88        0.88         -16.07         63.03          63.28           -21.80        16.29         16.16          
2.40  -0.260 0.230  -0.519 0.14           0.85           0.86            63.84         85.91         85.96          0.33        0.91        0.91         21.71          69.93          70.13           42.13         15.98         15.83          
2.43  -0.262 0.249  -0.548 0.58           0.86           1.03            94.79         93.23         92.68          0.61        0.88        1.05         70.72          76.75          78.95           24.07         16.47         13.73          
2.47  -0.262 0.248  -0.573 0.02           0.75           0.75            -138.11       91.15         91.15          0.24        0.79        0.79         -3.31          72.71          72.71           -134.80       18.45         18.44          
2.50  -0.271 0.268  -0.602 0.64           0.90           1.07            113.61        106.57        103.82         0.58        0.86        1.04         90.53          90.36          90.30           23.08         16.21         13.52          
2.53  -0.279 0.283  -0.633 0.51           0.96           1.06            117.23        104.06        102.69         0.45        0.93        1.04         87.95          89.00          89.10           29.29         15.06         13.59          
2.57  -0.282 0.295  -0.662 0.36           0.89           0.96            103.80        95.60         95.20          0.39        0.90        0.97         65.22          79.56          80.29           38.58         16.04         14.91          
2.60  -0.316 0.325  -0.681 1.38           1.18           1.49            138.96        151.30        134.20         1.20        0.97        1.33         131.10         144.20         126.44          7.86          7.09          7.76           
2.63  -0.321 0.346  -0.710 0.65           0.88           1.09            103.15        99.64         97.82          0.64        0.88        1.08         80.82          83.30          84.57           22.33         16.35         13.25          
2.67  -0.346 0.369  -0.726 1.03           0.90           1.13            137.46        147.83        131.95         0.86        0.70        0.98         126.14         136.81         121.06          11.32         11.02         10.89          
2.70  -0.366 0.388  -0.740 0.81           0.72           0.91            135.39        143.63        129.09         0.66        0.54        0.78         119.86         127.55         114.70          15.53         16.07         14.39          
2.73  -0.388 0.387  -0.735 0.68           0.70           0.70            -177.11       -167.30       167.00         0.43        0.46        0.46         -175.43        -160.37        159.93          -1.68         -6.93         7.07           
2.77  -0.412 0.405  -0.736 0.90           0.72           0.90            143.11        177.24        143.06         0.72        0.47        0.72         131.04         175.78         130.98          12.07         1.46          12.07          
2.80  -0.427 0.418  -0.735 0.60           0.46           0.60            139.33        -175.67       139.22         0.44        0.21        0.44         117.77         -170.51        117.68          21.56         -5.17         21.55          
2.83  -0.442 0.423  -0.721 0.47           0.60           0.62            160.06        -136.87       134.87         0.25        0.45        0.48         139.79         -114.61        113.13          20.27         -22.26        21.74          
2.87  -0.455 0.424  -0.718 0.38           0.39           0.39            177.97        -165.70       165.57         0.13        0.16        0.16         174.13         -143.59        143.32          3.83          -22.12        22.25          
2.90  -0.470 0.436  -0.700 0.60           0.73           0.82            141.79        -130.00       124.99         0.43        0.60        0.71         120.72         -111.43        108.14          21.07         -18.56        16.86          
2.93  -0.503 0.459  -0.679 1.21           1.17           1.37            144.70        -147.52       136.40         1.02        0.97        1.20         136.54         -139.57        128.12          8.16          -7.95         8.28           
2.97  -0.510 0.469  -0.652 0.34           0.82           0.87            126.30        -104.24       103.49         0.28        0.80        0.84         80.13          -86.56         86.75           46.17         -17.68        16.74          
3.00  -0.531 0.492  -0.630 0.94           0.92           1.15            132.37        -133.39       123.28         0.79        0.77        1.04         118.90         -119.78        111.67          13.47         -13.61        11.61          
3.03  -0.559 0.513  -0.603 1.04           1.15           1.30            143.10        -136.39       129.51         0.85        0.98        1.16         132.93         -126.26        119.94          10.17         -10.14        9.57           
3.07  -0.587 0.543  -0.571 1.24           1.30           1.58            133.24        -130.81       122.46         1.08        1.15        1.46         123.56         -121.34        114.16          9.68          -9.46         8.29           
3.10  -0.606 0.564  -0.544 0.86           0.97           1.16            130.53        -125.15       118.53         0.72        0.85        1.07         115.19         -111.17        106.65          15.34         -13.97        11.88          
3.13  -0.631 0.580  -0.520 0.88           1.05           1.14            148.83        -136.03       131.29         0.68        0.89        1.00         137.87         -124.74        120.43          10.95         -11.29        10.86          
3.17  -0.657 0.596  -0.477 0.93           1.52           1.59            148.42        -121.29       119.65         0.73        1.41        1.49         138.02         -112.55        111.25          10.40         -8.74         8.40           
3.20  -0.673 0.600  -0.450 0.50           0.95           0.96            164.96        -120.86       120.54         0.27        0.85        0.86         151.09         -106.21        106.02          13.87         -14.65        14.53          
3.23  -0.699 0.607  -0.421 0.79           1.16           1.18            165.62        -131.61       130.89         0.56        1.01        1.03         159.22         -120.95        120.32          6.41          -10.66        10.57          
3.27  -0.712 0.603  -0.386 0.41           1.12           1.13            -166.12       -110.52       110.44         0.17        1.06        1.07         -145.85        -97.76         97.73           -20.27        -12.75        12.70          
3.30  -0.728 0.580  -0.353 0.84           1.08           1.29            -124.12       -116.04       111.62         0.73        0.99        1.22         -107.74        -102.99        100.60          -16.38        -13.05        11.02          
3.33  -0.740 0.573  -0.324 0.43           0.95           0.98            -149.80       -112.89       112.29         0.25        0.89        0.91         -119.18        -97.81         97.59           -30.62        -15.08        14.70          
3.37  -0.749 0.544  -0.307 0.92           0.58           1.05            -107.24       -117.76       104.97         0.88        0.52        1.02         -91.41         -92.39         91.21           -15.84        -25.37        13.76          
3.40  -0.750 0.526  -0.304 0.53           0.08           0.53            -92.17        -104.63       92.14          0.58        0.24        0.58         -66.46         -18.41         66.68           -25.71        -86.22        25.47          
3.43  -0.749 0.503  -0.303 0.71           0.05           0.71            -88.03        -61.11        88.04          0.76        0.28        0.76         -68.81         -9.12          68.85           -19.22        -51.99        19.19          
3.47  -0.741 0.482  -0.310 0.66           0.34           0.70            -67.35        41.58         68.63          0.79        0.55        0.82         -50.36         24.08          52.15           -16.99        17.50         16.48          
3.50  -0.737 0.462  -0.318 0.61           0.26           0.66            -79.00        63.23         79.72          0.71        0.43        0.74         -58.65         32.32          60.38           -20.35        30.91         19.33          
3.53  -0.727 0.434  -0.333 0.90           0.53           1.01            -71.69        57.77         73.67          1.01        0.70        1.11         -58.09         40.14          61.13           -13.60        17.64         12.54          
3.57  -0.711 0.406  -0.353 0.96           0.77           1.13            -59.01        50.06         63.99          1.11        0.95        1.26         -47.91         38.45          53.72           -11.10        11.61         10.27          
3.60  -0.691 0.380  -0.372 0.98           0.82           1.13            -53.01        43.88         58.61          1.15        1.01        1.28         -43.00         34.04          49.03           -10.01        9.84          9.58           
3.63  -0.674 0.347  -0.395 1.10           0.86           1.30            -62.18        53.25         66.69          1.24        1.03        1.42         -51.92         42.05          57.38           -10.26        11.21         9.31           
3.67  -0.654 0.324  -0.414 0.92           0.83           1.08            -48.82        43.10         55.91          1.10        1.02        1.23         -38.95         33.49          46.25           -9.88         9.61          9.66           
3.70  -0.624 0.304  -0.431 1.09           1.04           1.21            -34.34        30.16         41.89          1.30        1.26        1.41         -28.13         24.46          35.07           -6.21         5.70          6.82           
3.73  -0.602 0.292  -0.449 0.73           0.83           0.90            -28.48        39.32         44.49          0.96        1.04        1.10         -21.35         30.55          35.30           -7.12         8.76          9.19           
3.77  -0.566 0.283  -0.459 1.12           1.13           1.17            -14.60        16.63         21.62          1.37        1.37        1.40         -11.95         13.64          17.85           -2.65         2.98          3.76           
3.80  -0.550 0.302  -0.470 0.75           0.58           0.81            49.05         31.96         52.66          0.93        0.80        0.98         37.37          22.46          40.97           11.69         9.50          11.69          
3.83  -0.526 0.326  -0.483 1.04           0.83           1.11            45.10         28.17         48.68          1.23        1.06        1.29         36.79          21.76          40.28           8.31          6.41          8.39           
3.87  -0.512 0.350  -0.490 0.83           0.46           0.86            60.81         27.48         61.79          0.98        0.69        1.00         47.91          17.83          49.06           12.90         9.65          12.73          
3.90  -0.497 0.366  -0.497 0.65           0.50           0.69            46.49         24.96         49.04          0.85        0.73        0.87         34.11          16.66          36.52           12.38         8.30          12.51          
3.93  -0.488 0.385  -0.498 0.63           0.28           0.63            64.06         5.70          64.08          0.78        0.53        0.78         47.23          3.00           47.26           16.83         2.69          16.83          
3.97  -0.481 0.393  -0.500 0.32           0.22           0.32            48.05         15.15         48.87          0.52        0.47        0.52         27.06          7.09           27.73           21.00         8.07          21.14          
4.00  -0.466 0.400  -0.486 0.47           0.60           0.63            24.52         -44.53        47.32          0.71        0.80        0.82         16.06          -31.83         34.38           8.46          -12.70        12.94          
4.03  -0.458 0.399  -0.474 0.24           0.42           0.42            -3.47         -54.84        54.86          0.49        0.60        0.60         -1.72          -35.02         35.05           -1.76         -19.81        19.81          
4.07  -0.451 0.414  -0.459 0.51           0.51           0.69            64.67         -64.58        71.46          0.66        0.66        0.80         44.59          -44.48         54.30           20.08         -20.10        17.16          
4.10  -0.441 0.432  -0.440 0.60           0.64           0.83            60.66         -62.43        69.06          0.76        0.79        0.95         43.94          -46.04         54.76           16.73         -16.38        14.30          
4.13  -0.436 0.428  -0.413 0.20           0.82           0.82            -36.68        -78.90        79.01          0.42        0.90        0.91         -16.04         -63.04         63.29           -20.64        -15.85        15.72          
4.17  -0.430 0.439  -0.394 0.38           0.59           0.68            64.38         -73.87        76.09          0.54        0.70        0.78         39.58          -53.89         58.01           24.80         -19.98        18.08          
4.20  -0.431 0.456  -0.380 0.49           0.42           0.64            91.68         -91.93        91.27          0.54        0.48        0.69         64.12          -60.78         69.87           27.55         -31.15        21.39          
4.23  -0.429 0.470  -0.366 0.42           0.42           0.59            80.83         -80.84        83.49          0.52        0.52        0.67         52.66          -52.70         61.67           28.17         -28.15        21.82          
4.27  -0.430 0.488  -0.344 0.57           0.67           0.88            92.46         -92.07        91.58          0.61        0.71        0.91         68.26          -71.48         75.62           24.20         -20.59        15.97          
4.30  -0.434 0.514  -0.330 0.78           0.45           0.89            99.54         -106.86       98.36          0.78        0.44        0.89         81.09          -74.22         82.20           18.45         -32.63        16.17          
4.33  -0.437 0.539  -0.322 0.77           0.26           0.81            97.38         -112.19       97.04          0.78        0.29        0.81         78.79          -58.04         79.30           18.59         -54.15        17.73          
4.37  -0.438 0.572  -0.326 0.96           0.14           0.97            91.61         101.50        91.60          0.99        0.26        1.00         76.95          30.82          77.07           14.67         70.68         14.53          
4.40  -0.442 0.594  -0.329 0.70           0.16           0.70            100.82        145.66        100.73         0.70        0.15        0.70         80.15          36.95          80.24           20.66         108.72        20.49          
4.43  -0.454 0.626  -0.340 1.01           0.48           1.07            110.21        136.18        109.14         0.95        0.35        1.01         95.98          106.52         95.64           14.23         29.66         13.50          
4.47  -0.471 0.646  -0.356 0.79           0.71           0.92            131.53        137.75        124.61         0.65        0.55        0.81         114.83         119.90         109.83          16.70         17.84         14.78          
4.50  -0.489 0.658  -0.372 0.65           0.72           0.81            144.15        136.84        130.19         0.47        0.56        0.68         125.89         119.13         113.82          18.27         17.71         16.37          
4.53  -0.511 0.666  -0.401 0.70           1.08           1.10            161.72        128.08        127.18         0.47        0.94        0.97         152.09         116.04         115.32          9.63          12.04         11.87          
4.57  -0.527 0.667  -0.414 0.48           0.63           0.63            174.97        139.20        139.06         0.23        0.47        0.47         169.56         118.98         118.85          5.41          20.23         20.21          
4.60  -0.549 0.650  -0.433 0.82           0.86           1.00            -142.45       138.94        130.72         0.64        0.69        0.86         -128.70        125.26         117.93          -13.75        13.68         12.79          
4.63  -0.561 0.636  -0.462 0.56           0.94           1.03            -130.23       112.81        110.63         0.45        0.87        0.97         -104.87        97.52          96.74           -25.36        15.29         13.89          
4.67  -0.570 0.618  -0.489 0.62           0.85           1.01            -117.39       109.59        106.35         0.55        0.80        0.97         -93.56         92.44          92.01           -23.83        17.14         14.33          
4.70  -0.569 0.601  -0.526 0.51           1.11           1.22            -86.79        88.53         88.67          0.58        1.14        1.25         -61.24         75.91          77.14           -25.55        12.63         11.53          
4.73  -0.572 0.610  -0.548 0.28           0.68           0.73            109.28        97.81         97.28          0.31        0.69        0.74         59.10          76.79          77.67           50.18         21.02         19.61          
4.77  -0.577 0.617  -0.580 0.27           0.97           1.00            122.37        98.45         98.23          0.25        0.97        0.99         64.51          83.62          83.79           57.85         14.83         14.44          
4.80  -0.587 0.633  -0.612 0.56           0.99           1.10            120.82        106.80        105.07         0.48        0.95        1.06         94.36          92.21          91.97           26.46         14.59         13.10          
4.83  -0.598 0.638  -0.635 0.37           0.76           0.78            154.61        115.83        115.25         0.18        0.69        0.71         117.57         96.84          96.67           37.04         18.99         18.59          
4.87  -0.617 0.641  -0.656 0.59           0.86           0.87            172.54        132.29        132.09         0.34        0.72        0.72         167.05         117.39         117.22          5.49          14.90         14.86          
4.90  -0.640 0.638  -0.668 0.70           0.77           0.78            -171.55       152.69        151.75         0.45        0.56        0.57         -166.86        140.95         139.83          -4.69         11.74         11.92          
4.93  -0.670 0.625  -0.688 0.96           1.07           1.13            -157.77       145.53        141.38         0.73        0.88        0.95         -150.35        136.28         131.94          -7.42         9.25          9.44           
4.97  -0.658 0.628  -0.710 0.34           0.74           0.75            12.51         63.06         63.21          0.59        0.88        0.89         7.25           48.44          48.62           5.26          14.62         14.58          
5.00  -0.658 0.598  -0.728 0.90           0.55           1.06            -89.63        89.38         89.68          0.94        0.60        1.09         -74.17         64.93          76.37           -15.46        24.46         13.31          
5.03  -0.640 0.580  -0.746 0.75           0.75           0.91            -43.96        43.49         53.53          0.95        0.95        1.08         -33.45         33.01          42.82           -10.52        10.48         10.71          
5.07  -0.653 0.568  -0.737 0.54           0.46           0.60            -134.87       -145.15       129.29         0.40        0.29        0.48         -108.58        -115.87        105.44          -26.29        -29.28        23.84          
5.10  -0.653 0.560  -0.727 0.24           0.28           0.37            -91.61        -91.37        91.05          0.34        0.37        0.44         -44.41         -49.02         56.52           -47.20        -42.35        34.53          
5.13  -0.649 0.539  -0.712 0.65           0.48           0.80            -78.58        -74.61        80.75          0.74        0.60        0.88         -59.25         -50.96         64.37           -19.33        -23.65        16.38          
5.17  -0.642 0.515  -0.689 0.75           0.72           1.01            -74.14        -73.45        78.39          0.85        0.82        1.09         -57.68         -56.51         65.43           -16.45        -16.94        12.96          
5.20  -0.616 0.493  -0.669 1.02           0.98           1.19            -40.40        -37.84        49.05          1.22        1.19        1.36         -32.78         -30.45         41.09           -7.62         -7.39         7.96           
5.23  -0.614 0.477  -0.643 0.48           0.78           0.91            -82.16        -85.22        85.91          0.57        0.84        0.96         -56.23         -67.91         70.86           -25.92        -17.31        15.05          
5.27  -0.591 0.467  -0.609 0.74           1.21           1.25            -22.90        -56.01        57.04          0.97        1.37        1.40         -17.15         -47.30         48.41           -5.75         -8.71         8.62           
5.30  -0.576 0.465  -0.586 0.47           0.85           0.85            -8.97         -56.29        56.43          0.72        1.01        1.01         -5.88          -44.35         44.51           -3.09         -11.94        11.92          
5.33  -0.561 0.467  -0.563 0.45           0.82           0.82            6.51          -56.60        56.68          0.70        0.98        0.98         4.19           -44.27         44.35           2.31          -12.33        12.32          
5.37  -0.554 0.484  -0.536 0.57           0.86           1.01            69.21         -76.40        78.47          0.70        0.95        1.09         49.62          -61.54         65.43           19.59         -14.86        13.04          
5.40  -0.558 0.493  -0.510 0.30           0.77           0.82            114.67        -99.44        98.88          0.30        0.77        0.82         65.89          -80.80         81.34           48.78         -18.64        17.54          
5.43  -0.572 0.527  -0.481 1.10           0.96           1.40            113.03        -116.60       107.95         1.03        0.88        1.34         100.11         -101.86        97.74           12.92         -14.74        10.22          
5.47  -0.580 0.552  -0.453 0.77           0.90           1.16            107.62        -105.01       101.58         0.73        0.87        1.14         88.68          -88.88         89.15           18.95         -16.13        12.43          
5.50  -0.598 0.583  -0.427 1.07           0.93           1.32            120.00        -124.86       113.96         0.97        0.82        1.24         107.07         -110.34        103.31          12.92         -14.52        10.66          
5.53  -0.609 0.608  -0.406 0.85           0.71           1.05            113.87        -118.80       109.02         0.78        0.63        1.00         96.88          -98.53         95.37           16.99         -20.28        13.65          
5.57  -0.629 0.634  -0.393 0.95           0.70           1.03            127.53        -146.13       124.32         0.83        0.51        0.91         113.63         -130.31        111.25          13.90         -15.82        13.08          
5.60  -0.641 0.670  -0.378 1.14           0.59           1.23            108.33        -127.67       106.94         1.09        0.48        1.18         95.70          -103.09        95.24           12.63         -24.58        11.69          
5.63  -0.659 0.688  -0.370 0.78           0.61           0.81            135.48        -156.32       132.89         0.62        0.39        0.67         119.18         -141.39        117.03          16.30         -14.93        15.86          
5.67  -0.673 0.710  -0.365 0.79           0.44           0.80            121.88        -162.63       121.41         0.69        0.21        0.70         103.91         -141.84        103.67          17.97         -20.78        17.74          
5.70  -0.683 0.731  -0.358 0.68           0.36           0.71            115.98        -145.51       114.80         0.62        0.21        0.65         94.62          -103.57        94.38           21.36         -41.94        20.42          
5.73  -0.702 0.729  -0.372 0.58           0.71           0.71            -174.02       144.37        144.08         0.33        0.53        0.53         -169.52        128.31         128.01          -4.50         16.06         16.07          
5.77  -0.709 0.720  -0.381 0.33           0.33           0.42            -126.15       126.66        117.54         0.27        0.27        0.38         -78.73         78.52          81.90           -47.43        48.14         35.63          
5.80  -0.718 0.708  -0.394 0.43           0.47           0.58            -127.69       123.63        116.75         0.34        0.40        0.52         -92.16         91.86          91.41           -35.53        31.77         25.34          
5.83  -0.728 0.683  -0.409 0.82           0.55           0.94            -112.68       125.26        109.79         0.76        0.45        0.89         -95.08         98.56          94.38           -17.59        26.70         15.40          
5.87  -0.732 0.665  -0.419 0.56           0.32           0.64            -100.43       108.49        99.16          0.57        0.34        0.65         -74.98         64.02          76.78           -25.45        44.46         22.38          
5.90  -0.735 0.640  -0.441 0.76           0.66           1.00            -97.92        99.03         95.98          0.76        0.67        1.01         -78.97         77.45          81.66           -18.94        21.59         14.32          
5.93  -0.731 0.611  -0.466 0.86           0.75           1.13            -81.87        80.65         83.84          0.93        0.83        1.19         -66.42         63.29          71.75           -15.45        17.36         12.09          
5.97  -0.737 0.579  -0.489 0.99           0.73           1.22            -101.22       105.23        99.11          0.97        0.71        1.20         -86.64         85.40          87.29           -14.58        19.83         11.82          
6.00  -0.739 0.544  -0.521 1.06           0.97           1.43            -93.14        93.44         92.32          1.07        0.98        1.44         -79.69         78.74          82.35           -13.44        14.70         9.97           
6.03  -0.737 0.507  -0.548 1.08           0.81           1.35            -86.86        85.77         87.48          1.13        0.86        1.38         -74.06         68.93          77.07           -12.80        16.84         10.40          
6.07  -0.735 0.467  -0.577 1.20           0.85           1.47            -86.89        85.62         87.46          1.24        0.91        1.50         -75.27         69.65          77.90           -11.62        15.97         9.57           
6.10  -0.734 0.441  -0.602 0.78           0.75           1.08            -86.83        86.72         87.72          0.83        0.81        1.12         -69.38         68.69          74.85           -17.45        18.03         12.87          
6.13  -0.732 0.401  -0.626 1.22           0.74           1.43            -87.72        86.22         88.05          1.26        0.80        1.46         -76.26         67.96          78.18           -11.46        18.26         9.87           
6.17  -0.723 0.362  -0.649 1.20           0.73           1.37            -76.42        67.16         78.17          1.28        0.85        1.45         -65.50         51.53          68.43           -10.92        15.63         9.74           
6.20  -0.721 0.329  -0.647 0.99           0.08           0.99            -86.56        -38.74        86.57          1.03        0.31        1.03         -72.59         -8.73          72.61           -13.98        -30.01        13.96          
6.23  -0.714 0.293  -0.636 1.10           0.38           1.15            -79.47        -58.54        79.92          1.17        0.56        1.21         -67.34         -36.04         68.23           -12.13        -22.50        11.69          
6.27  -0.703 0.260  -0.617 1.03           0.67           1.18            -70.78        -59.45        73.29          1.14        0.83        1.28         -58.84         -44.33         62.49           -11.94        -15.12        10.80          
6.30  -0.704 0.228  -0.588 0.97           0.86           1.29            -92.01        -92.28        91.51          0.99        0.88        1.31         -77.42         -75.81         80.50           -14.60        -16.47        11.01          
6.33  -0.706 0.206  -0.550 0.66           1.16           1.34            -96.50        -93.69        93.21          0.68        1.18        1.35         -75.10         -81.43         82.53           -21.40        -12.26        10.68          
6.37  -0.714 0.189  -0.510 0.55           1.21           1.31            -113.38       -100.43       99.61          0.51        1.19        1.29         -86.45         -88.49         88.61           -26.93        -11.94        11.00          
6.40  -0.722 0.159  -0.474 0.95           1.11           1.44            -104.50       -102.30       99.46          0.92        1.09        1.42         -89.18         -89.31         89.47           -15.32        -12.99        9.99           
6.43  -0.729 0.121  -0.433 1.15           1.24           1.68            -100.51       -99.71        97.17          1.13        1.22        1.66         -87.94         -88.10         88.60           -12.57        -11.61        8.57           
6.47  -0.739 0.113  -0.397 0.40           1.12           1.15            -142.26       -106.34       105.96         0.25        1.08        1.10         -104.98        -93.48         93.39           -37.28        -12.87        12.57          
6.50  -0.742 0.111  -0.362 0.12           1.07           1.07            -142.97       -95.05        95.04          0.17        1.07        1.07         -24.35         -81.62         81.64           -118.63       -13.43        13.40          
6.53  -0.747 0.107  -0.331 0.19           0.95           0.95            -142.97       -99.28        99.21          0.15        0.94        0.95         -49.86         -84.07         84.11           -93.11        -15.21        15.10          
6.57  -0.739 0.105  -0.306 0.24           0.77           0.77            -10.93        -72.13        72.16          0.49        0.88        0.88         -5.36          -56.42         56.47           -5.57         -15.71        15.69          
6.60  -0.739 0.112  -0.288 0.18           0.54           0.57            90.08         -90.03        90.02          0.31        0.60        0.62         36.00          -65.25         66.39           54.08         -24.78        23.64          
6.63  -0.723 0.096  -0.265 0.67           0.84           0.96            -42.16        -53.81        58.62          0.87        1.01        1.11         -31.07         -42.29         47.49           -11.09        -11.52        11.13          
6.67  -0.707 0.101  -0.246 0.50           0.76           0.77            14.25         -49.91        50.54          0.75        0.94        0.95         9.54           -38.16         38.78           4.72          -11.75        11.76          
6.70  -0.686 0.092  -0.236 0.67           0.69           0.74            -22.80        -25.87        32.69          0.91        0.92        0.96         -16.69         -19.08         24.60           -6.11         -6.79         8.09           
6.73  -0.657 0.097  -0.228 0.87           0.89           0.90            9.70          -15.27        17.85          1.12        1.14        1.14         7.55           -11.94         14.02           2.16          -3.32         3.84           
6.77  -0.625 0.107  -0.231 1.01           0.96           1.01            17.87         5.74          18.66          1.25        1.21        1.25         14.34          4.56           14.99           3.53          1.18          3.67           
6.80  -0.603 0.130  -0.238 0.97           0.71           0.99            45.88         17.32         47.14          1.16        0.95        1.18         36.96          12.82          38.17           8.92          4.50          8.96           
6.83  -0.583 0.161  -0.254 1.09           0.76           1.19            56.93         39.00         60.06          1.24        0.97        1.33         47.22          29.67          50.70           9.71          9.32          9.36           
6.87  -0.577 0.192  -0.268 0.97           0.45           1.05            79.26         66.40         80.13          1.04        0.60        1.12         65.65          43.82          67.45           13.61         22.59         12.68          
6.90  -0.568 0.211  -0.288 0.63           0.65           0.86            64.43         65.25         71.63          0.77        0.79        0.97         47.43          48.48          57.49           17.00         16.76         14.15          
6.93  -0.564 0.234  -0.301 0.67           0.39           0.77            81.40         75.13         82.51          0.75        0.52        0.84         62.25          47.28          65.44           19.14         27.84         17.07          
6.97  -0.566 0.254  -0.318 0.63           0.51           0.81            93.95         94.82         93.06          0.66        0.55        0.84         71.74          68.02          75.67           22.21         26.80         17.39          
7.00  -0.560 0.258  -0.317 0.20           0.17           0.20            29.73         -4.78         29.99          0.43        0.42        0.43         13.15          -1.96          13.29           16.58         -2.82         16.71          
7.03  -0.552 0.259  -0.322 0.24           0.27           0.27            6.04          30.04         30.45          0.49        0.50        0.50         2.94           15.65          15.90           3.11          14.39         14.55          
7.07  -0.543 0.259  -0.330 0.29           0.39           0.39            2.89          40.97         41.02          0.54        0.60        0.60         1.55           25.04          25.07           1.33          15.94         15.95          
7.10  -0.525 0.261  -0.329 0.54           0.54           0.54            5.11          -3.92         6.43           0.79        0.79        0.79         3.50           -2.68          4.40            1.61          -1.24         2.03           
7.13  -0.507 0.258  -0.324 0.54           0.56           0.56            -8.17         -14.11        16.14          0.79        0.80        0.80         -5.60          -9.74          11.18           -2.57         -4.37         4.96           
7.17  -0.487 0.249  -0.322 0.64           0.58           0.65            -25.86        -7.02         26.57          0.88        0.83        0.88         -18.71         -4.92          19.27           -7.15         -2.10         7.31           
7.20  -0.461 0.251  -0.323 0.80           0.80           0.80            5.53          1.67          5.78           1.05        1.05        1.05         4.22           1.27           4.40            1.31          0.40          1.37           
7.23  -0.432 0.258  -0.322 0.90           0.88           0.90            13.22         -1.85         13.34          1.15        1.13        1.15         10.36          -1.44          10.46           2.86          -0.41         2.89           
7.27  -0.406 0.259  -0.316 0.76           0.78           0.78            2.32          -13.32        13.51          1.01        1.02        1.02         1.74           -10.08         10.23           0.58          -3.24         3.28           
7.30  -0.371 0.247  -0.324 1.12           1.09           1.15            -18.77        12.23         21.96          1.36        1.33        1.38         -15.39         9.96           18.08           -3.38         2.27          3.88           
7.33  -0.344 0.255  -0.336 0.85           0.90           0.92            15.19         23.82         27.40          1.09        1.13        1.15         11.76          18.70          21.67           3.43          5.12          5.73           
7.37  -0.322 0.256  -0.355 0.64           0.87           0.87            3.47          42.15         42.21          0.89        1.07        1.07         2.50           33.09          33.15           0.97          9.06          9.07           
7.40  -0.302 0.260  -0.374 0.61           0.82           0.83            11.22         43.54         44.15          0.85        1.02        1.03         7.96           33.81          34.38           3.26          9.73          9.78           
7.43  -0.283 0.259  -0.396 0.56           0.87           0.87            -1.73         49.52         49.53          0.81        1.05        1.05         -1.20          39.05          39.06           -0.53         10.47         10.47          
7.47  -0.276 0.268  -0.412 0.33           0.54           0.60            49.45         66.80         69.03          0.53        0.68        0.72         28.29          47.06          50.24           21.16         19.74         18.80          
7.50  -0.265 0.261  -0.435 0.39           0.74           0.77            -31.37        63.40         64.41          0.62        0.88        0.90         -19.16         48.70          49.96           -12.21        14.71         14.45          
7.53  -0.254 0.257  -0.455 0.35           0.70           0.71            -20.77        61.61         62.10          0.59        0.84        0.85         -12.20         46.52          47.11           -8.57         15.09         14.99          
7.57  -0.242 0.257  -0.478 0.36           0.79           0.79            1.76          62.57         62.57          0.61        0.93        0.93         1.04           48.74          48.74           0.72          13.83         13.83          
7.60  -0.223 0.249  -0.501 0.62           0.90           0.93            -22.68        50.40         51.98          0.86        1.07        1.10         -16.21         40.07          41.67           -6.47         10.34         10.31          
7.63  -0.208 0.254  -0.517 0.49           0.67           0.69            17.99         46.13         47.46          0.73        0.86        0.88         11.93          34.10          35.34           6.06          12.03         12.11          
7.67  -0.191 0.271  -0.542 0.72           0.90           1.03            45.28         56.03         60.88          0.91        1.06        1.18         34.00          44.76          50.18           11.27         11.27         10.70          
7.70  -0.183 0.293  -0.548 0.69           0.29           0.71            70.74         39.26         71.43          0.80        0.51        0.83         53.69          21.24          54.75           17.05         18.02         16.67          
7.73  -0.178 0.317  -0.545 0.75           0.17           0.76            78.93         -34.23        79.02          0.84        0.41        0.84         61.84          -13.97         62.05           17.09         -20.26        16.97          
7.77  -0.168 0.347  -0.535 0.93           0.44           0.99            71.19         -46.63        72.23          1.04        0.64        1.09         58.06          -30.04         59.61           13.13         -16.59        12.63          
7.80  -0.168 0.361  -0.528 0.44           0.20           0.49            88.13         -85.81        88.29          0.52        0.33        0.55         59.22          -36.81         61.45           28.91         -48.99        26.84          
7.83  -0.168 0.385  -0.504 0.70           0.73           1.01            90.90         -90.86        90.62          0.74        0.77        1.03         71.04          -71.80         76.64           19.86         -19.06        13.98          
7.87  -0.165 0.375  -0.478 0.29           0.78           0.83            -73.20        -83.77        84.14          0.44        0.85        0.89         -40.07         -66.75         68.00           -33.13        -17.02        16.14          
7.90  -0.170 0.389  -0.457 0.42           0.65           0.76            108.65        -101.95       100.17         0.42        0.65        0.76         73.96          -79.77         81.31           34.69         -22.18        18.85          
7.93  -0.183 0.388  -0.431 0.38           0.84           0.84            -176.25       -116.96       116.95         0.13        0.76        0.76         -169.27        -99.98         99.98           -6.98         -16.98        16.98          
7.97  -0.192 0.402  -0.399 0.51           1.01           1.10            124.28        -106.38       105.11         0.42        0.97        1.06         94.91          -92.12         91.95           29.36         -14.26        13.16          
8.00  -0.201 0.406  -0.367 0.28           1.00           1.00            155.84        -104.96       104.86         0.12        0.96        0.97         93.59          -90.43         90.43           62.24         -14.53        14.43          
8.03  -0.221 0.425  -0.334 0.83           1.16           1.30            135.33        -120.82       117.20         0.68        1.05        1.20         120.31         -109.02        106.54          15.02         -11.80        10.66          
8.07  -0.228 0.426  -0.304 0.24           0.94           0.94            171.49        -104.42       104.41         0.04        0.91        0.91         64.12          -88.93         88.93           107.37        -15.49        15.48          
8.10  -0.251 0.445  -0.281 0.88           0.95           1.11            139.20        -134.59       126.90         0.71        0.80        0.98         125.94         -121.66        115.16          13.26         -12.92        11.74          
8.13  -0.271 0.450  -0.248 0.62           1.17           1.18            167.91        -121.39       121.17         0.38        1.06        1.07         160.06         -109.81        109.66          7.85          -11.57        11.51          
8.17  -0.285 0.459  -0.217 0.51           1.02           1.05            148.47        -115.07       114.21         0.32        0.94        0.98         124.38         -101.11        100.69          24.09         -13.96        13.52          
8.20  -0.299 0.465  -0.184 0.45           1.08           1.09            155.34        -112.09       111.75         0.24        1.01        1.03         129.76         -98.81         98.66           25.58         -13.28        13.09          
8.23  -0.305 0.454  -0.154 0.38           0.92           0.98            -119.79       -101.88       101.17         0.34        0.90        0.96         -79.71         -86.18         86.41           -40.08        -15.70        14.75          
8.27  -0.309 0.443  -0.129 0.35           0.74           0.81            -108.23       -98.60        97.83          0.36        0.74        0.81         -67.38         -79.16         80.13           -40.85        -19.44        17.70          
8.30  -0.306 0.431  -0.120 0.36           0.30           0.46            -78.79        -76.32        81.26          0.48        0.43        0.56         -47.89         -42.03         54.98           -30.89        -34.29        26.28          
8.33  -0.306 0.428  -0.109 0.07           0.33           0.34            -89.00        -89.78        89.79          0.26        0.42        0.42         -16.02         -52.78         53.42           -72.98        -37.00        36.36          
8.37  -0.288 0.391  -0.116 1.25           0.58           1.27            -64.33        21.29         64.72          1.38        0.82        1.39         -54.91         14.92          55.37           -9.43         6.37          9.35           
8.40  -0.286 0.369  -0.131 0.66           0.45           0.80            -84.66        82.13         85.57          0.73        0.54        0.85         -64.70         55.03          68.61           -19.97        27.10         16.96          
8.43  -0.283 0.354  -0.149 0.46           0.56           0.72            -78.74        80.72         82.80          0.57        0.65        0.79         -53.10         58.36          64.53           -25.64        22.36         18.27          
8.47  -0.287 0.363  -0.184 0.28           1.05           1.08            113.27        96.15         95.97          0.30        1.05        1.08         62.19          82.47          82.70           51.08         13.68         13.27          
8.50  -0.287 0.362  -0.214 0.02           0.91           0.92            -67.62        89.44         89.44          0.26        0.95        0.95         -4.76          74.20          74.20           -62.86        15.25         15.24          
8.53  -0.300 0.379  -0.248 0.65           1.07           1.20            126.07        110.94        108.71         0.54        1.01        1.14         104.24         97.59          96.73           21.83         13.34         11.98          
8.57  -0.303 0.389  -0.245 0.30           0.14           0.32            110.43        -141.01       109.63         0.32        0.17        0.33         63.25          -30.88         64.23           47.18         -110.13       45.39          
8.60  -0.299 0.400  -0.257 0.37           0.40           0.53            68.34         69.75         74.88          0.52        0.54        0.64         41.76          43.87          52.69           26.58         25.88         22.19          
8.63  -0.297 0.410  -0.255 0.29           0.07           0.30            80.38         -46.75        80.53          0.42        0.30        0.42         44.05          -9.89          44.51           36.33         -36.86        36.02          
8.67  -0.283 0.402  -0.249 0.49           0.46           0.53            -30.37        -25.05        36.85          0.72        0.70        0.74         -20.18         -16.34         25.19           -10.18        -8.70         11.66          
8.70  -0.272 0.404  -0.234 0.33           0.55           0.55            9.57          -53.93        54.13          0.57        0.72        0.73         5.42           -37.71         37.92           4.14          -16.22        16.22          
8.73  -0.256 0.395  -0.230 0.54           0.50           0.56            -27.39        -15.71        30.52          0.77        0.74        0.78         -18.79         -10.47         21.16           -8.59         -5.24         9.35           
8.77  -0.251 0.390  -0.221 0.21           0.31           0.34            -44.07        -60.59        63.68          0.43        0.48        0.51         -20.10         -33.85         37.38           -23.97        -26.75        26.30          
8.80  -0.240 0.380  -0.209 0.46           0.48           0.57            -42.15        -45.76        53.85          0.66        0.68        0.75         -27.49         -30.55         38.20           -14.66        -15.21        15.65          
8.83  -0.227 0.347  -0.181 1.06           0.93           1.36            -68.19        -65.02        73.11          1.18        1.06        1.45         -56.81         -52.70         63.61           -11.38        -12.31        9.51           
8.87  -0.212 0.327  -0.174 0.75           0.48           0.77            -54.63        -24.81        56.00          0.92        0.71        0.94         -41.77         -16.33         43.23           -12.86        -8.48         12.78          
8.90  -0.199 0.304  -0.153 0.81           0.75           1.03            -60.04        -57.25        66.77          0.96        0.91        1.15         -47.02         -43.88         55.24           -13.02        -13.37        11.53          
8.93  -0.198 0.303  -0.118 0.04           1.05           1.05            -11.69        -87.94        87.94          0.29        1.08        1.08         -1.55          -74.62         74.62           -10.14        -13.33        13.32          
8.97  -0.192 0.306  -0.099 0.18           0.62           0.62            22.66         -74.59        74.69          0.42        0.73        0.73         9.39           -55.18         55.35           13.27         -19.41        19.33          
9.00  -0.180 0.295  -0.085 0.48           0.54           0.63            -41.14        -48.70        55.13          0.68        0.73        0.80         -27.21         -33.83         40.19           -13.93        -14.88        14.94          
9.03  -0.170 0.285  -0.071 0.44           0.53           0.62            -47.00        -55.30        60.93          0.64        0.70        0.77         -30.37         -38.28         44.51           -16.63        -17.02        16.42          
9.07  -0.161 0.271  -0.064 0.47           0.33           0.52            -56.57        -38.41        59.68          0.65        0.55        0.68         -37.70         -22.02         41.10           -18.87        -16.38        18.58          
9.10  -0.149 0.255  -0.062 0.61           0.38           0.61            -52.22        -8.80         52.42          0.79        0.63        0.79         -37.70         -5.30          37.90           -14.52        -3.50         14.52          
9.13  -0.138 0.254  -0.062 0.34           0.34           0.34            -8.17         1.68          8.34           0.59        0.59        0.59         -4.71          0.96           4.80            -3.46         0.72          3.53           
9.17  -0.139 0.269  -0.072 0.46           0.29           0.54            96.55         100.34        95.55          0.50        0.35        0.57         66.54          55.41          69.83           30.01         44.94         25.72          
9.20  -0.138 0.290  -0.076 0.65           0.14           0.66            85.23         67.31         85.32          0.71        0.33        0.72         64.79          22.99          65.21           20.44         44.32         20.10          
9.23  -0.141 0.303  -0.088 0.38           0.38           0.53            102.99        102.94        99.25          0.40        0.41        0.55         65.96          66.04          72.53           37.03         36.90         26.72          
9.27  -0.150 0.311  -0.115 0.37           0.84           0.88            136.97        109.00        108.15         0.26        0.79        0.83         95.20          91.68          91.59           41.77         17.32         16.55          
9.30  -0.163 0.342  -0.133 1.01           0.67           1.15            113.56        126.86        110.65         0.94        0.56        1.08         99.44          105.95         98.18           14.12         20.91         12.47          
9.33  -0.183 0.354  -0.156 0.69           0.92           0.99            149.65        130.09        127.06         0.49        0.79        0.86         134.70         116.00         113.63          14.95         14.09         13.43          
9.37  -0.196 0.367  -0.182 0.56           0.87           0.96            133.80        116.47        113.84         0.43        0.79        0.89         108.73         99.99          98.88           25.06         16.48         14.96          
9.40  -0.199 0.377  -0.198 0.30           0.49           0.57            109.74        102.05        100.39         0.32        0.50        0.58         62.47          72.78          75.08           47.27         29.27         25.31          
9.43  -0.212 0.387  -0.210 0.50           0.53           0.61            142.14        138.30        130.22         0.34        0.38        0.49         115.42         112.53         107.35          26.72         25.78         22.87          
9.47  -0.207 0.381  -0.229 0.24           0.60           0.62            -45.51        73.58         74.24          0.45        0.71        0.73         -22.32         53.84          55.01           -23.19        19.74         19.23          
9.50  -0.200 0.395  -0.246 0.47           0.55           0.69            65.72         69.36         73.87          0.61        0.68        0.80         43.97          49.12          56.40           21.75         20.24         17.48          
9.53  -0.195 0.415  -0.267 0.61           0.66           0.89            73.65         74.93         78.78          0.72        0.77        0.97         54.32          56.62          64.10           19.33         18.32         14.68          
9.57  -0.200 0.448  -0.274 1.00           0.26           1.02            99.63         131.02        99.45          0.99        0.21        1.01         85.22          66.77          85.30           14.41         64.25         14.15          
9.60  -0.204 0.475  -0.282 0.83           0.26           0.87            97.21         113.31        96.92          0.84        0.28        0.87         80.04          59.11          80.44           17.17         54.21         16.48          
9.63  -0.217 0.504  -0.284 0.93           0.41           0.94            115.77        169.64        115.68         0.86        0.17        0.86         100.52         154.58         100.48          15.25         15.06         15.20          
9.67  -0.227 0.521  -0.293 0.61           0.40           0.67            119.74        138.75        117.06         0.53        0.27        0.60         95.72          101.31         95.12           24.02         37.44         21.94          
9.70  -0.238 0.551  -0.297 0.96           0.33           0.96            108.78        161.32        108.66         0.91        0.12        0.91         93.68          119.22         93.66           15.10         42.10         15.01          
9.73  -0.262 0.572  -0.295 0.96           0.75           0.96            140.83        -177.22       140.78         0.78        0.50        0.78         129.20         -175.83        129.15          11.62         -1.40         11.62          
9.77  -0.267 0.589  -0.287 0.55           0.28           0.60            103.98        -118.10       102.71         0.54        0.27        0.60         77.45          -64.46         78.59           26.53         -53.65        24.12          
9.80  -0.285 0.609  -0.259 0.81           1.00           1.17            131.94        -122.74       117.60         0.67        0.89        1.07         115.76         -109.05        105.69          16.17         -13.68        11.91          
9.83  -0.284 0.590  -0.247 0.58           0.37           0.68            -88.70        -87.95        88.90          0.63        0.45        0.73         -65.51         -54.30         68.95           -23.19        -33.65        19.95          
9.87  -0.282 0.576  -0.213 0.43           1.02           1.10            -80.44        -85.98        86.29          0.53        1.07        1.15         -52.81         -72.45         73.73           -27.63        -13.54        12.57          
9.90  -0.290 0.567  -0.203 0.36           0.37           0.46            -130.87       -128.90       120.55         0.27        0.29        0.40         -86.47         -86.70         87.59           -44.40        -42.20        32.96          
9.93  -0.289 0.548  -0.172 0.57           0.95           1.10            -86.03        -87.62        87.96          0.63        0.99        1.14         -62.90         -72.98         75.28           -23.13        -14.65        12.68          
9.97  -0.292 0.517  -0.147 0.94           0.77           1.21            -96.89        -98.47        95.36          0.94        0.77        1.21         -81.63         -79.72         83.48           -15.26        -18.76        11.88          
10.00 -0.290 0.486  -0.126 0.92           0.63           1.12            -85.80        -83.90        86.54          0.97        0.71        1.16         -70.94         -63.30         74.10           -14.86        -20.60        12.44          
10.03 -0.290 0.462  -0.081 0.73           1.34           1.53            -89.98        -89.99        89.99          0.77        1.37        1.55         -71.04         -79.45         80.70           -18.94        -10.54        9.29           
10.07 -0.304 0.455  -0.066 0.48           0.61           0.65            -154.05       -134.59       131.63         0.28        0.47        0.52         -130.67        -112.40        110.39          -23.38        -22.18        21.24          
10.10 -0.312 0.422  -0.025 1.03           1.27           1.62            -102.21       -99.84        97.71          1.01        1.26        1.61         -88.16         -88.52         88.85           -14.05        -11.32        8.86           
10.13 -0.323 0.415  -0.013 0.41           0.50           0.54            -148.65       -134.20       129.91         0.23        0.37        0.43         -115.04        -105.47        103.39          -33.61        -28.73        26.52          
10.17 -0.341 0.387  0.036  0.99           1.54           1.76            -121.76       -109.71       107.23         0.88        1.48        1.70         -107.84        -100.55        99.16           -13.92        -9.16         8.07           
10.20 -0.350 0.377  0.065  0.40           0.93           0.98            -134.21       -107.56       106.75         0.29        0.89        0.94         -96.18         -92.02         91.92           -38.03        -15.54        14.83          
10.23 -0.357 0.361  0.084  0.53           0.61           0.78            -114.25       -111.15       106.36         0.49        0.57        0.75         -86.30         -86.82         87.59           -27.94        -24.33        18.77          
10.27 -0.355 0.334  0.075  0.79           0.28           0.84            -85.73        78.03         85.97          0.85        0.42        0.89         -68.61         41.99          69.73           -17.11        36.04         16.24          
10.30 -0.357 0.309  0.075  0.77           0.04           0.77            -92.79        159.34        92.79          0.80        0.21        0.80         -74.56         3.80           74.56           -18.23        155.53        18.23          
10.33 -0.360 0.293  0.065  0.49           0.31           0.57            -100.69       106.88        99.11          0.50        0.34        0.59         -71.58         61.85          74.21           -29.12        45.03         24.90          
10.37 -0.359 0.264  0.047  0.86           0.54           1.01            -88.74        87.99         88.93          0.90        0.60        1.05         -72.62         63.38          75.13           -16.12        24.61         13.80          
10.40 -0.358 0.243  0.028  0.65           0.56           0.86            -86.29        85.74         87.20          0.71        0.63        0.90         -65.65         62.54          71.15           -20.65        23.20         16.05          
10.43 -0.359 0.215  -0.000 0.84           0.86           1.20            -93.56        93.49         92.50          0.86        0.88        1.21         -76.73         76.97          80.62           -16.83        16.52         11.88          
10.47 -0.366 0.183  -0.018 0.99           0.56           1.11            -101.97       111.60        100.59         0.97        0.52        1.10         -87.33         85.01          87.64           -14.65        26.59         12.95          
10.50 -0.362 0.163  -0.048 0.61           0.90           1.08            -77.56        81.65         83.03          0.71        0.97        1.14         -57.35         66.92          70.46           -20.21        14.73         12.57          
10.53 -0.368 0.130  -0.082 1.01           1.06           1.45            -101.48       100.96        97.98          0.99        1.04        1.44         -87.20         87.33          88.06           -14.28        13.63         9.91           
10.57 -0.366 0.102  -0.120 0.83           1.12           1.40            -85.28        86.51         87.19          0.89        1.17        1.43         -68.99         74.14          77.13           -16.30        12.37         10.06          
10.60 -0.365 0.080  -0.149 0.65           0.88           1.10            -85.97        87.05         87.62          0.71        0.93        1.13         -65.45         71.49          74.89           -20.52        15.55         12.73          
10.63 -0.358 0.062  -0.178 0.60           0.90           1.06            -69.02        76.29         78.37          0.72        0.99        1.13         -50.20         62.07          65.90           -18.82        14.22         12.47          
10.67 -0.362 0.051  -0.204 0.35           0.78           0.84            -111.14       99.31         98.58          0.35        0.78        0.84         -69.09         80.80          81.52           -42.05        18.51         17.07          
10.70 -0.371 0.037  -0.236 0.51           0.99           1.08            -122.46       105.87        104.55         0.43        0.95        1.05         -92.87         91.28          91.17           -29.59        14.59         13.38          
10.73 -0.366 0.038  -0.260 0.14           0.74           0.74            8.54          79.17         79.17          0.39        0.83        0.83         3.08           61.91          61.92           5.46          17.25         17.25          
10.77 -0.366 0.044  -0.273 0.19           0.39           0.44            85.17         87.68         87.91          0.33        0.48        0.51         35.45          56.00          58.70           49.73         31.67         29.20          
10.80 -0.351 0.045  -0.279 0.45           0.48           0.48            3.42          20.96         21.19          0.70        0.72        0.72         2.20           13.83          13.99           1.22          7.13          7.20           
10.83 -0.335 0.023  -0.280 0.80           0.46           0.80            -55.24        5.21          55.30          0.96        0.70        0.96         -42.89         3.36           42.94           -12.35        1.85          12.35          
10.87 -0.317 0.025  -0.284 0.57           0.58           0.58            7.44          12.22         14.20          0.82        0.83        0.83         5.18           8.55           9.96            2.26          3.67          4.24           
10.90 -0.309 0.029  -0.265 0.24           0.62           0.62            22.10         -68.62        68.86          0.48        0.75        0.75         10.89          -50.45         50.80           11.20         -18.18        18.07          
10.93 -0.286 0.019  -0.250 0.75           0.82           0.87            -22.75        -32.81        37.56          0.98        1.04        1.08         -17.11         -25.33         29.45           -5.64         -7.48         8.12           
10.97 -0.275 0.036  -0.214 0.60           1.14           1.25            57.28         -73.53        74.96          0.76        1.24        1.34         41.31          -62.35         64.55           15.98         -11.17        10.41          
11.00 -0.259 0.037  -0.177 0.49           1.20           1.20            6.16          -65.99        66.01          0.74        1.33        1.33         4.09           -56.07         56.10           2.07          -9.92         9.92           
11.03 -0.258 0.055  -0.135 0.52           1.27           1.37            87.24         -88.88        88.96          0.59        1.30        1.40         61.98          -77.79         78.67           25.26         -11.09        10.29          
11.07 -0.259 0.068  -0.098 0.40           1.10           1.17            94.63         -91.66        91.56          0.45        1.13        1.19         61.08          -78.83         79.47           33.55         -12.83        12.10          
11.10 -0.267 0.087  -0.064 0.61           1.04           1.19            111.63        -102.48       100.94         0.57        1.02        1.17         87.50          -88.60         88.78           24.13         -13.88        12.16          
11.13 -0.283 0.108  -0.042 0.79           0.82           1.04            127.26        -125.47       117.48         0.67        0.71        0.95         109.95         -108.78        103.94          17.31         -16.69        13.54          
11.17 -0.293 0.119  -0.009 0.46           1.04           1.09            132.39        -107.55       106.63         0.35        0.99        1.05         100.31         -93.61         93.41           32.07         -13.94        13.22          
11.20 -0.320 0.157  0.004  1.40           0.89           1.45            125.00        -154.01       123.53         1.27        0.68        1.33         115.74         -144.70        114.53          9.25          -9.30         9.00           
11.23 -0.336 0.174  0.027  0.70           0.84           0.98            134.29        -125.81       120.12         0.56        0.72        0.88         115.51         -109.44        105.84          18.78         -16.37        14.28          
11.27 -0.351 0.201  0.036  0.92           0.52           0.96            119.69        -150.73       118.50         0.83        0.33        0.87         104.46         -128.91        103.80          15.23         -21.82        14.70          
11.30 -0.375 0.233  0.045  1.20           0.78           1.24            126.80        -157.71       125.57         1.07        0.55        1.11         116.03         -147.87        115.03          10.77         -9.84         10.55          
11.33 -0.391 0.258  0.043  0.88           0.47           0.88            121.95        169.61        121.79         0.78        0.23        0.78         106.09         158.38         106.00          15.86         11.23         15.79          
11.37 -0.413 0.301  0.038  1.46           0.67           1.47            116.37        167.49        116.24         1.37        0.43        1.38         106.97         160.17         106.87          9.41          7.32          9.37           
11.40 -0.433 0.331  0.028  1.07           0.68           1.11            124.60        154.50        123.24         0.95        0.46        1.00         112.14         141.05         111.13          12.46         13.46         12.10          
11.43 -0.457 0.362  0.008  1.19           0.95           1.33            127.63        140.09        122.94         1.05        0.77        1.22         116.80         128.08         113.00          10.83         12.02         9.94           
11.47 -0.477 0.386  -0.013 0.93           0.85           1.11            129.57        134.22        122.21         0.80        0.70        1.00         115.58         119.41         110.05          13.99         14.81         12.16          
11.50 -0.497 0.403  -0.035 0.81           0.91           1.05            139.89        132.76        126.11         0.64        0.76        0.92         125.23         118.81         113.46          14.67         13.95         12.66          
11.53 -0.513 0.413  -0.059 0.55           0.87           0.92            149.96        122.75        121.08         0.35        0.77        0.82         129.16         106.86         105.85          20.79         15.89         15.23          
11.57 -0.531 0.422  -0.088 0.60           1.02           1.05            152.18        121.33        120.09         0.39        0.91        0.95         134.95         107.77         106.97          17.24         13.56         13.12          
11.60 -0.541 0.433  -0.124 0.45           1.13           1.17            133.11        105.75        105.11         0.33        1.09        1.14         99.75          92.96          92.84           33.36         12.79         12.28          
11.63 -0.557 0.439  -0.161 0.52           1.19           1.21            157.53        113.59        113.25         0.30        1.12        1.13         139.00         101.74         101.55          18.53         11.85         11.70          
11.67 -0.568 0.446  -0.202 0.40           1.28           1.29            150.20        105.60        105.41         0.22        1.23        1.25         115.36         94.33          94.28           34.84         11.26         11.13          
11.70 -0.582 0.446  -0.245 0.41           1.37           1.37            -179.07       107.49        107.49         0.16        1.32        1.32         -177.63        97.08          97.08           -1.43         10.41         10.41          
11.73 -0.591 0.435  -0.297 0.42           1.58           1.62            -129.05       99.70         99.50          0.33        1.56        1.60         -92.93         90.62          90.61           -36.12        9.08          8.89           
11.77 -0.601 0.420  -0.343 0.54           1.39           1.46            -123.13       102.29        101.67         0.45        1.36        1.43         -95.73         91.92          91.82           -27.40        10.37         9.85           
11.80 -0.604 0.400  -0.392 0.60           1.49           1.60            -100.63       94.31         94.00          0.61        1.49        1.60         -76.89         84.66          85.04           -23.75        9.64          8.95           
11.83 -0.613 0.387  -0.442 0.46           1.51           1.56            -122.58       99.51         99.20          0.39        1.49        1.54         -89.99         90.00          90.00           -32.60        9.51          9.21           
11.87 -0.624 0.370  -0.479 0.59           1.18           1.27            -123.91       106.27        104.99         0.50        1.13        1.23         -99.20         94.02          93.69           -24.71        12.25         11.30          
11.90 -0.623 0.376  -0.513 0.16           1.01           1.02            85.13         89.22         89.23          0.31        1.04        1.06         31.55          75.35          75.53           53.58         13.87         13.70          
11.93 -0.629 0.384  -0.549 0.30           1.08           1.11            122.09        98.45         98.23          0.27        1.07        1.10         70.23          85.13          85.26           51.86         13.32         12.96          
11.97 -0.633 0.400  -0.583 0.48           1.04           1.14            107.27        97.87         97.20          0.47        1.04        1.13         76.77          84.03          84.54           30.49         13.84         12.65          
12.00 -0.635 0.418  -0.603 0.55           0.59           0.81            94.27         93.98         92.91          0.59        0.63        0.83         69.25          70.54          75.51           25.02         23.44         17.40          
12.03 -0.641 0.444  -0.617 0.81           0.46           0.92            102.88        113.46        101.43         0.80        0.42        0.90         85.08          80.71          85.64           17.80         32.75         15.79          
12.07 -0.667 0.481  -0.618 1.34           0.79           1.34            125.70        176.82        125.67         1.22        0.54        1.22         116.08         175.34         116.06          9.62          1.48          9.61           
12.10 -0.686 0.510  -0.619 1.04           0.58           1.04            123.71        177.89        123.71         0.93        0.33        0.93         110.77         176.29         110.77          12.94         1.60          12.94          
12.13 -0.707 0.530  -0.619 0.87           0.62           0.87            135.17        -179.90       135.17         0.72        0.37        0.72         120.91         -179.83        120.91          14.26         -0.07         14.26          
12.17 -0.729 0.547  -0.606 0.84           0.78           0.93            143.33        -149.80       136.62         0.66        0.58        0.77         130.28         -137.31        123.73          13.05         -12.49        12.89          
12.20 -0.753 0.577  -0.595 1.13           0.76           1.17            128.25        -156.35       126.69         1.00        0.54        1.04         116.88         -145.74        115.60          11.37         -10.61        11.09          
12.23 -0.776 0.591  -0.581 0.83           0.83           0.94            149.12        -148.17       139.24         0.62        0.64        0.76         137.25         -136.19        126.90          11.86         -11.98        12.34          
12.27 -0.794 0.605  -0.567 0.67           0.66           0.78            141.70        -141.80       131.90         0.49        0.49        0.64         123.44         -123.54        115.07          18.26         -18.27        16.82          
12.30 -0.804 0.626  -0.548 0.71           0.66           0.92            115.41        -117.46       109.32         0.64        0.59        0.87         94.88          -95.34         93.61           20.53         -22.13        15.72          
12.33 -0.817 0.655  -0.532 0.95           0.60           1.05            115.09        -131.68       112.51         0.87        0.48        0.98         100.04         -108.60        98.90           15.06         -23.08        13.61          
12.37 -0.000 0.000  -0.000 31.41          29.26          35.24           -38.69        -33.08        45.91          31.61       29.47       35.42        -38.40         -32.82         45.62           -0.28         -0.27         0.29           
12.40 -0.000 0.000  -0.000 0.00           0.00           0.00            0.00          0.00          0.00           0.25        0.25        0.25         0.00           -0.00          0.00            0.00          0.00          0.00           
12.43 -0.000 0.000  -0.000 0.00           0.00           0.00            0.00          0.00          0.00           0.25        0.25        0.25         0.00           -0.00          0.00            0.00          0.00          0.00           
12.47 -0.000 0.000  -0.000 0.00           0.00           0.00            0.00          0.00          0.00           0.25        0.25        0.25         0.00           -0.00          0.00            0.00          0.00          0.00           
12.50 -0.883 0.748  -0.437 34.72          29.55          37.11           139.72        153.68        135.54         34.53       29.33       36.93        139.46         153.46         135.27          0.27          0.22          0.27           
12.53 -0.912 0.757  -0.417 0.92           1.07           1.10            163.59        -146.20       143.82         0.69        0.87        0.91         157.69         -136.99        134.46          5.90          -9.21         9.36           
12.57 -0.926 0.746  -0.389 0.52           0.93           0.99            -140.15       -115.61       113.99         0.37        0.85        0.91         -114.24        -100.21        99.49           -25.92        -15.40        14.50          
12.60 -0.930 0.750  -0.359 0.18           0.92           0.93            135.76        -98.19        98.12          0.17        0.92        0.93         47.05          -82.56         82.63           88.70         -15.63        15.48          
12.63 -0.937 0.745  -0.329 0.25           0.91           0.93            -142.44       -102.59       102.41         0.16        0.89        0.91         -71.70         -86.75         86.80           -70.74        -15.84        15.61          
12.67 -0.940 0.733  -0.297 0.38           0.96           1.03            -106.83       -96.54        96.12          0.39        0.96        1.03         -68.78         -81.62         82.16           -38.05        -14.92        13.96          
12.70 -0.938 0.712  -0.271 0.63           0.79           1.01            -82.01        -83.69        85.04          0.71        0.86        1.06         -61.52         -66.85         71.44           -20.49        -16.84        13.60          
12.73 -0.933 0.706  -0.235 0.22           1.09           1.10            -55.64        -83.38        83.47          0.42        1.14        1.16         -26.03         -70.83         71.08           -29.61        -12.55        12.39          
12.77 -0.929 0.694  -0.224 0.37           0.35           0.49            -70.49        -69.31        75.51          0.51        0.49        0.60         -42.85         -41.03         51.82           -27.64        -28.28        23.69          
12.80 -0.927 0.666  -0.179 0.85           1.36           1.60            -84.95        -86.85        87.32          0.91        1.40        1.63         -68.99         -76.54         78.52           -15.96        -10.30        8.80           
12.83 -0.925 0.641  -0.153 0.75           0.77           1.07            -85.33        -85.45        86.74          0.81        0.83        1.11         -67.37         -67.90         73.78           -17.96        -17.55        12.95          
12.87 -0.920 0.604  -0.120 1.13           1.01           1.51            -82.77        -81.86        84.58          1.19        1.07        1.55         -70.74         -68.51         75.36           -12.03        -13.35        9.22           
12.90 -0.912 0.579  -0.091 0.79           0.92           1.19            -71.89        -74.46        78.04          0.90        1.02        1.27         -56.64         -60.75         66.90           -15.25        -13.71        11.14          
12.93 -0.903 0.551  -0.070 0.89           0.68           1.09            -72.64        -67.10        75.89          0.99        0.81        1.17         -58.70         -50.60         63.96           -13.94        -16.50        11.94          
12.97 -0.899 0.521  -0.035 0.90           1.05           1.37            -81.86        -83.01        84.68          0.97        1.10        1.42         -67.02         -70.02         74.57           -14.84        -12.98        10.11          
13.00 -0.888 0.486  -0.032 1.10           0.34           1.10            -72.72        -16.15        72.78          1.20        0.58        1.20         -61.22         -9.32          61.32           -11.49        -6.83         11.46          
13.03 -0.882 0.459  -0.007 0.83           0.76           1.11            -77.22        -76.09        80.50          0.91        0.85        1.17         -61.75         -59.59         68.38           -15.47        -16.50        12.12          
13.07 -0.863 0.429  0.001  1.07           0.62           1.10            -58.51        -24.97        59.50          1.22        0.85        1.25         -48.45         -17.85         49.56           -10.06        -7.13         9.93           
13.10 -0.850 0.406  0.009  0.79           0.45           0.82            -60.32        -29.89        61.56          0.94        0.68        0.96         -46.91         -19.29         48.36           -13.41        -10.59        13.20          
13.13 -0.833 0.377  -0.004 1.00           0.65           1.08            -59.07        37.21         61.39          1.15        0.86        1.22         -48.35         27.09          51.01           -10.72        10.12         10.38          
13.17 -0.813 0.350  -0.018 1.01           0.74           1.09            -52.82        34.43         56.06          1.17        0.95        1.25         -43.05         25.90          46.48           -9.77         8.53          9.59           
13.20 -0.793 0.304  -0.034 1.50           0.75           1.58            -67.51        40.15         68.65          1.62        0.96        1.69         -59.29         30.45          60.71           -8.22         9.70          7.94           
13.23 -0.782 0.270  -0.046 1.10           0.50           1.15            -70.94        44.14         71.86          1.20        0.70        1.25         -59.59         29.73          60.91           -11.35        14.40         10.96          
13.27 -0.756 0.232  -0.068 1.37           1.03           1.52            -55.25        40.84         59.25          1.52        1.23        1.66         -47.50         33.20          51.83           -7.75         7.64          7.42           
13.30 -0.743 0.184  -0.103 1.50           1.10           1.82            -75.43        69.91         78.04          1.58        1.21        1.89         -66.65         58.72          70.61           -8.79         11.20         7.43           
13.33 -0.728 0.138  -0.128 1.43           0.88           1.63            -72.23        60.21         74.38          1.53        1.03        1.71         -63.27         48.04          66.28           -8.96         12.18         8.10           
13.37 -0.708 0.115  -0.168 0.92           1.34           1.51            -47.69        62.36         65.58          1.11        1.47        1.63         -38.09         53.72          57.53           -9.60         8.64          8.05           
13.40 -0.685 0.088  -0.201 1.06           1.19           1.44            -50.27        55.47         62.08          1.23        1.35        1.58         -41.29         46.69          54.02           -8.98         8.78          8.06           
13.43 -0.663 0.080  -0.232 0.70           1.16           1.18            -19.87        55.00         55.83          0.94        1.31        1.34         -14.70         46.04          46.93           -5.17         8.96          8.91           
13.47 -0.644 0.079  -0.259 0.57           0.98           0.98            -3.76         54.56         54.59          0.82        1.14        1.14         -2.61          44.27          44.30           -1.15         10.30         10.29          
13.50 -0.628 0.101  -0.277 0.81           0.73           0.98            54.09         49.11         60.95          0.98        0.91        1.12         42.14          37.11          49.71           11.95         12.00         11.24          
13.53 -0.601 0.106  -0.293 0.84           0.96           0.97            11.22         30.12         31.52          1.09        1.18        1.19         8.66           24.01          25.21           2.56          6.11          6.30           
13.57 -0.575 0.127  -0.304 0.99           0.83           1.04            38.91         22.37         42.18          1.20        1.07        1.24         31.37          17.27          34.38           7.54          5.10          7.79           
13.60 -0.551 0.157  -0.311 1.16           0.75           1.18            51.77         16.88         52.54          1.33        0.99        1.34         43.26          12.68          44.05           8.51          4.20          8.49           
13.63 -0.528 0.185  -0.314 1.07           0.70           1.07            49.79         6.70          49.93          1.25        0.94        1.25         40.97          4.93           41.11           8.82          1.77          8.82           
13.67 -0.513 0.216  -0.308 1.06           0.49           1.07            63.75         -18.24        64.04          1.19        0.73        1.20         52.87          -12.12         53.23           10.88         -6.12         10.81          
13.70 -0.499 0.236  -0.293 0.72           0.62           0.86            55.10         -48.80        61.39          0.89        0.81        1.00         41.72          -35.40         48.75           13.38         -13.41        12.64          
13.73 -0.482 0.249  -0.281 0.64           0.62           0.73            37.54         -35.69        46.45          0.85        0.84        0.92         27.20          -25.66         35.13           10.34         -10.03        11.32          
13.77 -0.471 0.252  -0.268 0.35           0.51           0.51            14.81         -48.38        49.15          0.59        0.70        0.70         8.61           -32.83         33.53           6.19          -15.56        15.62          
13.80 -0.460 0.251  -0.249 0.34           0.67           0.67            -6.30         -60.31        60.35          0.58        0.83        0.83         -3.61          -45.07         45.13           -2.69         -15.24        15.23          
13.83 -0.441 0.259  -0.241 0.61           0.60           0.65            24.45         -21.32        30.93          0.85        0.84        0.87         17.42          -15.07         22.47           7.03          -6.25         8.46           
13.87 -0.420 0.263  -0.237 0.64           0.64           0.65            10.80         -11.58        15.64          0.89        0.89        0.90         7.78           -8.35          11.34           3.02          -3.23         4.31           
13.90 -0.393 0.252  -0.232 0.87           0.83           0.89            -21.27        -11.00        23.52          1.11        1.07        1.12         -16.58         -8.45          18.41           -4.69         -2.54         5.11           
13.93 -0.369 0.263  -0.229 0.79           0.73           0.79            22.54         -5.37         23.06          1.02        0.98        1.03         17.17          -4.00          17.57           5.38          -1.37         5.48           
13.97 -0.343 0.275  -0.232 0.86           0.78           0.87            26.02         6.43          26.61          1.09        1.03        1.09         20.26          4.87           20.74           5.77          1.56          5.87           
14.00 -0.313 0.280  -0.253 0.92           1.09           1.10            9.96          34.19         35.06          1.16        1.31        1.32         7.83           28.02          28.79           2.13          6.17          6.26           
14.03 -0.300 0.290  -0.266 0.50           0.57           0.64            36.93         45.29         51.54          0.72        0.77        0.82         24.82          31.86          37.77           12.11         13.43         13.78          
14.07 -0.277 0.295  -0.278 0.69           0.76           0.77            10.49         27.52         28.94          0.94        0.99        1.00         7.71           20.84          22.00           2.79          6.68          6.94           
14.10 -0.267 0.293  -0.293 0.29           0.54           0.54            -9.18         57.51         57.65          0.54        0.70        0.70         -4.94          40.06          40.21           -4.23         17.45         17.44          
14.13 -0.255 0.289  -0.307 0.40           0.57           0.58            -18.70        48.50         49.71          0.64        0.76        0.77         -11.50         34.19          35.35           -7.20         14.30         14.37          
14.17 -0.241 0.289  -0.326 0.43           0.72           0.72            1.18          53.09         53.09          0.68        0.89        0.89         0.75           40.08          40.09           0.43          13.00         13.00          
14.20 -0.222 0.277  -0.338 0.68           0.67           0.76            -32.96        31.37         41.67          0.90        0.89        0.96         -24.26         22.97          31.75           -8.69         8.40          9.92           
14.23 -0.208 0.270  -0.346 0.44           0.47           0.51            -27.27        32.69         39.46          0.67        0.69        0.72         -17.49         21.42          26.71           -9.78         11.27         12.75          
14.27 -0.189 0.258  -0.347 0.68           0.57           0.68            -33.09        1.27          33.11          0.90        0.82        0.90         -24.34         0.88           24.36           -8.75         0.39          8.75           
14.30 -0.171 0.255  -0.340 0.55           0.59           0.60            -6.90         -21.67        22.56          0.80        0.83        0.83         -4.75          -15.28         15.93           -2.14         -6.40         6.62           
14.33 -0.153 0.251  -0.321 0.57           0.78           0.79            -13.80        -45.36        46.18          0.81        0.97        0.98         -9.58          -34.83         35.60           -4.22         -10.53        10.58          
14.37 -0.139 0.245  -0.293 0.45           0.93           0.95            -24.93        -64.04        64.60          0.69        1.07        1.08         -16.10         -51.89         52.58           -8.84         -12.15        12.01          
14.40 -0.132 0.247  -0.262 0.22           0.95           0.95            18.59         -77.25        77.28          0.46        1.03        1.03         8.71           -63.59         63.65           9.88          -13.66        13.63          
14.43 -0.124 0.249  -0.240 0.25           0.72           0.72            13.79         -70.26        70.33          0.50        0.84        0.84         6.90           -53.94         54.05           6.89          -16.32        16.28          
14.47 -0.124 0.257  -0.218 0.25           0.65           0.69            89.34         -89.74        89.76          0.36        0.69        0.74         44.92          -68.64         69.98           44.42         -21.10        19.78          
14.50 -0.120 0.257  -0.195 0.13           0.72           0.72            -4.53         -79.53        79.53          0.38        0.80        0.80         -1.56          -61.70         61.71           -2.97         -17.83        17.83          
14.53 -0.116 0.287  -0.166 0.92           0.86           1.25            82.37         -81.84        84.41          0.98        0.93        1.30         67.79          -66.38         73.38           14.58         -15.46        11.03          
14.57 -0.101 0.277  -0.159 0.53           0.47           0.57            -36.73        -25.29        41.45          0.75        0.71        0.77         -25.20         -16.59         29.12           -11.53        -8.69         12.33          
14.60 -0.084 0.270  -0.151 0.56           0.58           0.61            -21.72        -25.13        31.60          0.80        0.81        0.83         -15.06         -17.58         22.57           -6.66         -7.54         9.03           
14.63 -0.080 0.295  -0.132 0.76           0.59           0.95            80.87         -78.21        82.75          0.84        0.69        1.02         63.70          -57.30         68.61           17.17         -20.92        14.13          
14.67 -0.072 0.307  -0.145 0.45           0.46           0.60            56.82         57.50         65.47          0.62        0.63        0.74         37.25          37.97          47.45           19.57         19.53         18.02          
14.70 -0.064 0.330  -0.150 0.71           0.27           0.73            71.16         32.01         71.55          0.83        0.50        0.84         54.54          16.67          55.14           16.62         15.34         16.41          
14.73 -0.061 0.350  -0.158 0.61           0.27           0.66            79.90         66.45         80.64          0.70        0.43        0.75         59.41          34.65          61.31           20.49         31.80         19.33          
14.77 -0.071 0.372  -0.172 0.72           0.51           0.83            114.77        126.35        111.35         0.65        0.41        0.77         94.44          97.06          93.76           20.33         29.29         17.59          
14.80 -0.080 0.391  -0.181 0.63           0.39           0.69            115.64        133.79        113.23         0.57        0.28        0.63         92.25          94.49          92.01           23.39         39.31         21.22          
14.83 -0.087 0.394  -0.195 0.24           0.47           0.48            159.11        118.45        117.95         0.09        0.42        0.43         74.09          86.63          86.70           85.02         31.83         31.26          
14.87 -0.093 0.391  -0.205 0.19           0.36           0.36            -159.04       120.24        119.64         0.10        0.32        0.32         -44.75         77.31          77.60           -114.30       42.93         42.03          
14.90 -0.108 0.392  -0.213 0.43           0.49           0.49            176.74        152.39        152.26         0.18        0.29        0.29         172.29         128.82         128.66          4.45          23.57         23.60          
