x_trail,y_trail,x_snout,y_snout,x_shoulder,y_shoulder,x_tailbase,y_tailbase,x_leftear,y_leftear,x_rightear,y_rightear,poly_x0,poly_y0,poly_x1,poly_y1,poly_x2,poly_y2,poly_x3,poly_y3,poly_x4,poly_y4
0.0,15.94629331846495,-8.583437601725223,17.54944672455659,-9.953029208713133,17.721112225506758,-17.418589274088504,16.51493216849662,-9.120383368598027,18.46306053367821,-9.451678805881102,17.028582598711992,-8.583437601725223,17.54944672455659,-9.120383368598027,18.46306053367821,-17.418589274088504,16.51493216849662,-9.451678805881102,17.028582598711992,-8.583437601725223,17.54944672455659
0.22963333333336777,15.960320434570312,-8.26833385687928,17.05676929370777,-9.79707209065748,17.327993032094593,-17.308915454101566,17.039662953969593,-8.905618877495613,18.068356075802363,-9.303574030219124,16.53898166965794,-8.26833385687928,17.05676929370777,-8.905618877495613,18.068356075802363,-17.308915454101566,17.039662953969593,-9.303574030219124,16.53898166965794,-8.26833385687928,17.05676929370777
0.784580555555749,15.960320434570312,-7.5696513848197355,16.764137061866553,-9.238209293619661,17.004031619510137,-16.711616615125763,17.76487278293919,-8.247813005913486,17.638756004539697,-8.755830651855263,16.213842443517738,-7.5696513848197355,16.764137061866553,-8.247813005913486,17.638756004539697,-16.711616615125763,17.76487278293919,-8.755830651855263,16.213842443517738,-7.5696513848197355,16.764137061866553
1.0333500000000413,15.959234685124578,-7.242828148057697,16.15018607474662,-9.406445600043412,16.94793701171875,-16.296553496636307,18.309538970122468,-7.977062428114095,17.17095947265625,-8.539294551595049,15.867944665857264,-7.242828148057697,16.15018607474662,-7.977062428114095,17.17095947265625,-16.296553496636307,18.309538970122468,-8.539294551595049,15.867944665857264,-7.242828148057697,16.15018607474662
1.703113888888879,15.917444969383446,-6.590859398057773,15.62317554370777,-8.580531740993933,16.174334551836992,-15.347474083116367,18.37626194309544,-7.289053266059,16.679900298247468,-7.802983692762609,15.82236130173142,-6.590859398057773,15.62317554370777,-7.289053266059,16.679900298247468,-15.347474083116367,18.37626194309544,-7.802983692762609,15.82236130173142,-6.590859398057773,15.62317554370777
2.066699999999969,15.917444969383446,-6.944982298448281,14.398853198902026,-8.541431408691437,15.517746384079391,-14.75884287380643,17.87418014938767,-7.19580457763675,16.01118922877956,-7.6014942409939295,14.70941821948902,-6.944982298448281,14.398853198902026,-7.19580457763675,16.01118922877956,-14.75884287380643,17.87418014938767,-7.6014942409939295,14.70941821948902,-6.944982298448281,14.398853198902026
2.3920138888889824,15.917444969383446,-6.614974636501643,13.355084393475506,-7.355836317274225,14.592062460409629,-14.394707234700377,17.29552562816723,-6.289002821180475,14.9757360509924,-7.162718539767752,13.704492517419764,-6.614974636501643,13.355084393475506,-6.289002821180475,14.9757360509924,-14.394707234700377,17.29552562816723,-7.162718539767752,13.704492517419764,-6.614974636501643,13.355084393475506
2.774736111111224,15.927498762800887,-5.616096577962139,13.143054034258869,-7.061975348578358,13.828876392261401,-13.937118611653545,17.00560863597973,-6.033353251139147,14.194388724662161,-6.86266250271251,12.946265968116554,-5.616096577962139,13.143054034258869,-6.033353251139147,14.194388724662161,-13.937118611653545,17.00560863597973,-6.86266250271251,12.946265968116554,-5.616096577962139,13.143054034258869
3.157458333333466,15.927498762800887,-5.234221218532866,12.66616491369299,-6.67052170817044,13.29819797825169,-13.24774898274734,16.951745935388512,-5.746513020833277,13.726141027502111,-6.45690035671646,12.393197549355996,-5.234221218532866,12.66616491369299,-5.746513020833277,13.726141027502111,-13.24774898274734,16.951745935388512,-6.45690035671646,12.393197549355996,-5.234221218532866,12.66616491369299
3.7506777777778098,15.927498762800887,-4.7976086602104715,12.41905418602196,-6.2540787258570845,13.071853225295609,-12.397583398437405,16.95083865603885,-5.2666511203341315,13.568927661792651,-6.047684954155784,12.189292289115286,-4.7976086602104715,12.41905418602196,-5.2666511203341315,13.568927661792651,-12.397583398437405,16.95083865603885,-6.047684954155784,12.189292289115286,-4.7976086602104715,12.41905418602196
4.0377194444445195,15.90710638922614,-4.352531715223449,12.372440647434544,-5.9132998426648555,12.89080893026816,-12.45953905978729,16.56833793021537,-4.927456608072816,13.368362839157516,-5.668161462402281,11.934341843063766,-4.352531715223449,12.372440647434544,-4.927456608072816,13.368362839157516,-12.45953905978729,16.56833793021537,-5.668161462402281,11.934341843063766,-4.352531715223449,12.372440647434544
4.401305555555723,15.90710638922614,-4.152976738823668,12.646648510082349,-5.800436828613215,13.09008706582559,-12.49912067328546,16.12130324904983,-4.815142062716859,13.727487100137246,-5.411236829969539,12.191644617029139,-4.152976738823668,12.646648510082349,-4.815142062716859,13.727487100137246,-12.49912067328546,16.12130324904983,-5.411236829969539,12.191644617029139,-4.152976738823668,12.646648510082349
4.707483333333357,15.90710638922614,-3.8454612738714786,13.40420944626267,-6.200816430663963,13.24974183778505,-12.716473643663107,15.653826739336994,-5.287549083116232,14.057768950591216,-5.193560028754291,12.645276043866131,-3.8454612738714786,13.40420944626267,-5.287549083116232,14.057768950591216,-12.716473643663107,15.653826739336994,-5.193560028754291,12.645276043866131,-3.8454612738714786,13.40420944626267
5.205022222222283,15.925710630674619,-3.2722760904947563,14.68043311866554,-6.256625659179576,13.556576290646115,-12.767350892469494,15.217629922402871,-4.847263713921393,14.937382878483954,-4.642105904134041,13.57284133498733,-3.2722760904947563,14.68043311866554,-4.847263713921393,14.937382878483954,-12.767350892469494,15.217629922402871,-4.642105904134041,13.57284133498733,-3.2722760904947563,14.68043311866554
5.530336111111183,15.905196401235218,-3.034458641221704,15.602845887880068,-4.857600798882345,14.636726997994089,-12.922049685329853,14.965749379750845,-4.511787471516868,15.836491765202704,-4.0080711086696965,14.247411779455236,-3.034458641221704,15.602845887880068,-4.511787471516868,15.836491765202704,-12.922049685329853,14.965749379750845,-4.0080711086696965,14.247411779455236,-3.034458641221704,15.602845887880068
5.855650000000082,15.94551289326436,-3.0576063273111913,16.63782398120777,-4.374344032118074,15.31167849978885,-12.492916691080723,14.836071117504224,-4.140885407172277,16.59316604201858,-3.51187065022782,14.991928512985641,-3.0576063273111913,16.63782398120777,-4.140885407172277,16.59316604201858,-12.492916691080723,14.836071117504224,-3.51187065022782,14.991928512985641,-3.0576063273111913,16.63782398120777
6.16182777777783,15.960520332955024,-2.4079803344725406,17.134415910050677,-3.7222588311088884,15.97103634396115,-11.576967184787236,14.846588959565034,-3.5386379543728026,17.21351417335304,-2.8459219916449,15.752438107052365,-2.4079803344725406,17.134415910050677,-3.5386379543728026,17.21351417335304,-11.576967184787236,14.846588959565034,-2.8459219916449,15.752438107052365,-2.4079803344725406,17.134415910050677
6.563686111111224,15.965428796716639,-1.9011915473088266,17.520301612647803,-3.252415810817979,16.37771194045608,-10.598107915581409,14.807480270798141,-3.009169520399155,17.634165171030407,-2.3624698269312603,16.094561602618242,-1.9011915473088266,17.520301612647803,-3.009169520399155,17.634165171030407,-10.598107915581409,14.807480270798141,-2.3624698269312603,16.094561602618242,-1.9011915473088266,17.520301612647803
7.003816666666808,15.965428796716639,-1.5029980780706182,17.604020402238177,-2.7895182942706924,16.45030913481841,-9.842132294379212,14.7595495275549,-2.536953122287173,17.72781784470017,-1.9404277180988174,16.156414959881758,-1.5029980780706182,17.604020402238177,-2.536953122287173,17.72781784470017,-9.842132294379212,14.7595495275549,-1.9404277180988174,16.156414959881758,-1.5029980780706182,17.604020402238177
7.290858333333404,15.99817790263408,-1.1706038994683468,17.31505027977196,-2.5451181613498193,16.413671545080238,-9.565941322157073,14.710061563027871,-2.2295350382486276,17.66725777290963,-1.6930673800998193,16.04311226509713,-1.1706038994683468,17.31505027977196,-2.2295350382486276,17.66725777290963,-9.565941322157073,14.710061563027871,-1.6930673800998193,16.04311226509713,-1.1706038994683468,17.31505027977196
7.730988888888987,15.99817790263408,-0.6613586588540556,17.237695642419762,-2.0422799167208723,16.380633379961992,-9.301629315863693,14.961028227934966,-1.7077682657876494,17.62692013302365,-1.2124323689778294,15.96051685230152,-0.6613586588540556,17.237695642419762,-1.7077682657876494,17.62692013302365,-9.301629315863693,14.961028227934966,-1.2124323689778294,15.96051685230152,-0.6613586588540556,17.237695642419762
8.075438888888925,15.99817790263408,-0.11173643798827015,17.187943742081927,-1.6832026719833948,16.41220505173142,-9.121647021484364,15.442570866765204,-1.1963472710502856,17.60321044921875,-0.8928406317816098,15.933069177576014,-0.11173643798827015,17.187943742081927,-1.1963472710502856,17.60321044921875,-9.121647021484364,15.442570866765204,-0.8928406317816098,15.933069177576014,-0.11173643798827015,17.187943742081927
8.496433333333357,15.9911130008182,0.32433199462900575,16.913503286000843,-1.3318162801106155,16.42456714527027,-8.655062706163108,15.87728469436233,-0.7335895209417913,17.498056772592907,-0.5684716213648926,15.80691115920608,0.32433199462900575,16.913503286000843,-0.7335895209417913,17.498056772592907,-8.655062706163108,15.87728469436233,-0.5684716213648926,15.80691115920608,0.32433199462900575,16.913503286000843
8.783475000000067,15.948047221415749,0.6850371609158401,16.91271147856841,-1.1432412746852378,16.2559253589527,-8.43255384928375,16.26593677417652,-0.6558323187932729,17.28429515941723,-0.22891089816619115,15.702641667546454,0.6850371609158401,16.91271147856841,-0.6558323187932729,17.28429515941723,-8.43255384928375,16.26593677417652,-0.22891089816619115,15.702641667546454,0.6850371609158401,16.91271147856841
9.051380555555625,15.948047221415749,0.9053607259115779,16.876840952280407,-0.7940504543727229,16.211346600506758,-8.230622211371497,16.49764107369088,-0.17773948703336373,17.42152363545186,0.044610739474933325,15.724714949324325,0.9053607259115779,16.876840952280407,-0.17773948703336373,17.42152363545186,-8.230622211371497,16.49764107369088,0.044610739474933325,15.724714949324325,0.9053607259115779,16.876840952280407
9.51064722222236,15.945663501636401,0.9938667928061022,16.702709301097972,-0.49932524414043655,16.38339645798142,-7.9385783094616045,16.49852030986064,0.09593028971369222,17.44161080025338,0.13914826660175095,15.752682247677365,0.9938667928061022,16.702709301097972,0.09593028971369222,17.44161080025338,-7.9385783094616045,16.49852030986064,0.13914826660175095,15.752682247677365,0.9938667928061022,16.702709301097972
9.778552777777804,15.945663501636401,1.1209125325520972,16.37496040962838,-0.31434781629775443,16.246083852407093,-7.641267371961817,16.317542823585303,0.4059229763455505,17.164994523331927,0.2747321465386676,15.579571698163006,1.1209125325520972,16.37496040962838,0.4059229763455505,17.164994523331927,-7.641267371961817,16.317542823585303,0.2747321465386676,15.579571698163006,1.1209125325520972,16.37496040962838
10.237819444444426,15.945663501636401,1.4276023288302895,16.31974173880912,-0.020154968261749673,16.044212547508447,-7.350084743923617,16.18074654244088,0.6786670532226253,17.019569190772803,0.5748928765191295,15.374988452808276,1.4276023288302895,16.31974173880912,0.6786670532226253,17.019569190772803,-7.350084743923617,16.18074654244088,0.5748928765191295,15.374988452808276,1.4276023288302895,16.31974173880912
10.582269444444591,15.99827374432538,1.5591167751737203,16.02791286159206,0.1626832628039665,15.86055446315456,-7.097930072699569,16.058178051097972,0.8796920654298219,16.743439545502532,0.807369643826064,15.27510524440456,1.5591167751737203,16.02791286159206,0.8796920654298219,16.743439545502532,-7.097930072699569,16.058178051097972,0.807369643826064,15.27510524440456,1.5591167751737203,16.02791286159206
10.907583333333378,15.99827374432538,1.6738881971572255,16.00517974028716,0.17554886203345177,15.72689406936233,-7.026998847113646,16.20715991870777,0.8562476806641826,16.65739647117821,0.7994315795899638,15.080676929370776,1.6738881971572255,16.00517974028716,0.8562476806641826,16.65739647117821,-7.026998847113646,16.20715991870777,0.7994315795899638,15.080676929370776,1.6738881971572255,16.00517974028716
11.21376111111124,16.03380362845756,2.2654748426650713,16.0542652027027,0.6207206448026454,15.72259521484375,-7.013254066297577,16.579179093644427,1.3249349527995946,16.721630199535472,1.3716531263564775,15.157780827702704,2.2654748426650713,16.0542652027027,1.3249349527995946,16.721630199535472,-7.013254066297577,16.579179093644427,1.3716531263564775,15.157780827702704,2.2654748426650713,16.0542652027027
11.749572222222241,16.03380362845756,2.968585012478343,15.91204833984375,1.3094587307400616,15.790789629961994,-6.4187678249783175,16.913862898543073,2.1789087700738037,16.642378523543073,2.0562179334853,15.10912426097973,2.968585012478343,15.91204833984375,2.1789087700738037,16.642378523543073,-6.4187678249783175,16.913862898543073,2.0562179334853,15.10912426097973,2.968585012478343,15.91204833984375
12.036613888888951,15.971754348342483,3.6693941758898063,15.67911838840794,1.9985228651258922,15.606039511190879,-5.796076879882776,17.069324390308278,2.874234094238318,16.40991705817145,2.625793881564732,14.859068174619932,3.6693941758898063,15.67911838840794,2.874234094238318,16.40991705817145,-5.796076879882776,17.069324390308278,2.625793881564732,14.859068174619932,3.6693941758898063,15.67911838840794
12.438472222222344,15.971754348342483,4.1191040717232,15.531048748944256,2.5142600843643095,15.42041015625,-4.892406141492984,16.592816327069258,3.3711936781143095,16.321163692989863,3.1522614203560124,14.650578679265204,4.1191040717232,15.531048748944256,3.3711936781143095,16.321163692989863,-4.892406141492984,16.592816327069258,3.1522614203560124,14.650578679265204,4.1191040717232,15.531048748944256
12.72551388888894,15.971754348342483,3.9801746012369676,14.62571262668919,2.865438680013085,15.26605884448902,-4.382018188476536,16.19821579391892,3.547843092176663,16.1776782886402,3.36209954833987,14.542604188661318,3.9801746012369676,14.62571262668919,3.547843092176663,16.1776782886402,-4.382018188476536,16.19821579391892,3.36209954833987,14.542604188661318,3.9801746012369676,14.62571262668919
13.031691666666688,15.95669488030511,4.169982071940126,14.64504592483108,2.926072024197083,15.004547943940034,-4.1156488959417175,15.717065759607264,3.638843969726622,15.9239221521326,3.5429729980469347,14.378416319151182,4.169982071940126,14.64504592483108,3.638843969726622,15.9239221521326,-4.1156488959417175,15.717065759607264,3.5429729980469347,14.378416319151182,4.169982071940126,14.64504592483108
13.471822222222272,15.95669488030511,4.401125709364123,15.117543813344595,3.0311746731227913,14.94994457347973,-3.884270442708271,15.379569388724661,3.762838694932725,15.801292625633446,3.656292504882799,14.307458826013514,4.401125709364123,15.117543813344595,3.762838694932725,15.801292625633446,-3.884270442708271,15.379569388724661,3.656292504882799,14.307458826013514,4.401125709364123,15.117543813344595
13.701455555555754,15.95669488030511,3.8888436577692573,15.443859203441724,2.709912315538304,14.927602407094595,-4.1244094482420905,15.168204642630911,3.450560373264011,15.846880938555744,3.348221370442843,14.327194626266891,3.8888436577692573,15.443859203441724,3.450560373264011,15.846880938555744,-4.1244094482420905,15.168204642630911,3.348221370442843,14.327194626266891,3.8888436577692573,15.443859203441724
14.007633333333388,15.971754348342483,3.6079590237088723,15.510923643369932,2.3056739352756495,15.006956358213682,-4.497315600585807,15.219893171980575,3.082072488064341,15.901919803103885,2.9713801459419074,14.38425095016892,3.6079590237088723,15.510923643369932,3.082072488064341,15.901919803103885,-4.497315600585807,15.219893171980575,2.9713801459419074,14.38425095016892,3.6079590237088723,15.510923643369932
14.409491666666781,16.014016426705023,3.275827217610754,15.531238452808276,2.043688477918863,14.988241659628379,-4.760101296657922,15.316125818201014,2.8348897515191993,15.951950485641891,2.6563958279081135,14.375018145586994,3.275827217610754,15.531238452808276,2.8348897515191993,15.951950485641891,-4.760101296657922,15.316125818201014,2.6563958279081135,14.375018145586994,3.275827217610754,15.531238452808276
14.887894444444555,16.014016426705023,3.2533619398329847,15.504406078441724,1.8795190646702622,15.057547904349661,-4.9081277587889645,15.297605772276182,2.740993843587262,16.053455249683278,2.546464628092508,14.414844409839526,3.2533619398329847,15.504406078441724,2.740993843587262,16.053455249683278,-4.9081277587889645,15.297605772276182,2.546464628092508,14.414844409839526,3.2533619398329847,15.504406078441724
15.347161111111177,16.014016426705023,3.1233612996419424,15.516956226245776,1.7271329332139658,15.0247522302576,-5.012759814453034,15.342090503589526,2.549971610514376,16.016829207136823,2.3307062025282903,14.38735549514358,3.1233612996419424,15.516956226245776,2.549971610514376,16.016829207136823,-5.012759814453034,15.342090503589526,2.3307062025282903,14.38735549514358,3.1233612996419424,15.516956226245776
15.595930555555697,16.014016426705023,2.7420860188802862,15.512080012141046,1.399474494086462,15.05585376636402,-5.303403822157065,15.356148384712839,2.225015672471841,16.07893825221706,2.0527532687717667,14.404922072951859,2.7420860188802862,15.512080012141046,2.225015672471841,16.07893825221706,-5.303403822157065,15.356148384712839,2.0527532687717667,14.404922072951859,2.7420860188802862,15.512080012141046
15.997788888888977,16.014016426705023,2.573845475260555,15.50577194626267,1.2085398925781874,15.061574575063345,-5.452703122287289,15.349246463260135,2.01543991699225,16.104211755701012,1.8872126831055311,14.46828151393581,2.573845475260555,15.50577194626267,2.01543991699225,16.104211755701012,-5.452703122287289,15.349246463260135,1.8872126831055311,14.46828151393581,2.573845475260555,15.50577194626267
16.323102777777876,16.03380362845756,2.35538783230254,15.564522408150339,0.8810454861111339,15.016406909839526,-5.704607183159624,15.295469541807432,1.7001321967231888,16.08042454075169,1.6023742214626964,14.449454642630911,2.35538783230254,15.564522408150339,1.7001321967231888,16.08042454075169,-5.704607183159624,15.295469541807432,1.6023742214626964,14.449454642630911,2.35538783230254,15.564522408150339
16.85891388888888,16.03380362845756,2.209264162868976,15.577382680532095,0.7773709201388783,15.046870051203546,-5.7143384711371255,15.284036172402871,1.6575962076823316,16.11963385504645,1.5258433458117224,14.473129684860641,2.209264162868976,15.577382680532095,1.6575962076823316,16.11963385504645,-5.7143384711371255,15.284036172402871,1.5258433458117224,14.473129684860641,2.209264162868976,15.577382680532095
17.184227777777778,16.014016426705023,2.0229101643880085,15.591269003378379,0.5473191406250635,15.043671479096284,-5.935601188151054,15.31051223342483,1.298158374023501,16.154816498627532,1.2856122585720868,14.441119219805744,2.0229101643880085,15.591269003378379,1.298158374023501,16.154816498627532,-5.935601188151054,15.31051223342483,1.2856122585720868,14.441119219805744,2.0229101643880085,15.591269003378379
17.58608611111117,16.014016426705023,1.9224847656250859,15.580310718433276,0.436770383029625,14.986323176203546,-6.001506119791543,15.307871225717905,1.2018952338326017,16.13248587943412,1.161427229817832,14.406268145586994,1.9224847656250859,15.580310718433276,1.2018952338326017,16.13248587943412,-6.001506119791543,15.307871225717905,1.161427229817832,14.406268145586994,1.9224847656250859,15.580310718433276
17.93053611111111,16.03380362845756,1.6867532199436255,15.547785578547296,0.25073501790359387,14.97469020534206,-6.170346525065156,15.33095901076858,1.017797734917508,16.090058197846282,0.9854541883680668,14.384265796558276,1.6867532199436255,15.547785578547296,1.017797734917508,16.090058197846282,-6.170346525065156,15.33095901076858,0.9854541883680668,14.384265796558276,1.6867532199436255,15.547785578547296
18.50461944444453,16.014016426705023,1.7871884819878687,15.544638144003379,0.3585690972222437,14.958621463260135,-6.06667300889751,15.326894399282095,1.1129415879992166,16.074608055320947,1.078119335937572,14.346303578969595,1.7871884819878687,15.544638144003379,1.1129415879992166,16.074608055320947,-6.06667300889751,15.326894399282095,1.078119335937572,14.346303578969595,1.7871884819878687,15.544638144003379
18.887341666666657,15.971754348342483,1.669534320746493,15.563445220122466,0.24328174370657507,14.958989323796454,-6.165580900065152,15.327230917440879,0.9968879041883838,16.08743698532517,0.9841179931640909,14.358442976668075,1.669534320746493,15.563445220122466,0.9968879041883838,16.08743698532517,-6.165580900065152,15.327230917440879,0.9841179931640909,14.358442976668075,1.669534320746493,15.563445220122466
19.23179166666671,15.971754348342483,1.5250876329210996,15.52875415698902,0.09646994357649419,14.954086716110641,-6.347537082248209,15.29733688766892,0.8214980875651463,16.04669354413007,0.8279271240235175,14.345097722233954,1.5250876329210996,15.52875415698902,0.8214980875651463,16.04669354413007,-6.347537082248209,15.29733688766892,0.8279271240235175,14.345097722233954,1.5250876329210996,15.52875415698902
19.710194444444483,15.971754348342483,1.5134154052735767,15.53812717747044,0.058274549696307076,14.944964434649494,-6.339069403754252,15.29122512404983,0.7976171332466038,16.050771352407093,0.8064045003255842,14.342877362225506,1.5134154052735767,15.53812717747044,0.7976171332466038,16.050771352407093,-6.339069403754252,15.29122512404983,0.8064045003255842,14.342877362225506,1.5134154052735767,15.53812717747044
20.01637222222223,15.971754348342483,1.3380207139757658,15.560284588788006,-0.1797693386500896,14.956958667652026,-6.527488319227359,15.303219357052365,0.5759154079861446,16.07996265308277,0.6119770128038908,14.410063872466216,1.3380207139757658,15.560284588788006,0.5759154079861446,16.07996265308277,-6.527488319227359,15.303219357052365,0.6119770128038908,14.410063872466216,1.3380207139757658,15.560284588788006
20.456502777777814,15.971754348342483,1.3448999945746891,15.56014602248733,-0.18579729817702173,14.969160750105575,-6.560731176757713,15.299070616026182,0.5723119004992441,16.08040309596706,0.5769420952691462,14.395699165962839,1.3448999945746891,15.56014602248733,0.5723119004992441,16.08040309596706,-6.560731176757713,15.299070616026182,0.5769420952691462,14.395699165962839,1.3448999945746891,15.56014602248733
20.839225000000056,15.971754348342483,1.2208167968750558,15.532922693201014,-0.2965731363932491,14.92617385451858,-6.6630265190972295,15.32642261402027,0.4814640407986417,16.058874181798988,0.46764975043402046,14.359973804370776,1.2208167968750558,15.532922693201014,0.4814640407986417,16.058874181798988,-6.6630265190972295,15.32642261402027,0.46764975043402046,14.359973804370776,1.2208167968750558,15.532922693201014
21.183675000000108,15.971754348342483,1.1075099066841858,15.523034997888514,-0.5178393500432321,15.00718895164696,-6.824902134874037,15.329038877744932,0.33111050618504123,16.06989185230152,0.25527941080747496,14.38896385399071,1.1075099066841858,15.523034997888514,0.33111050618504123,16.06989185230152,-6.824902134874037,15.329038877744932,0.25527941080747496,14.38896385399071,1.1075099066841858,15.523034997888514
21.56639722222235,16.014016426705023,0.9093910644531888,15.560657398120776,-0.6328537407767953,14.994536528716216,-6.928509733072815,15.337763605891046,0.1952441324871188,16.13253536739865,0.1131976236980563,14.346689585092905,0.9093910644531888,15.560657398120776,0.1952441324871188,16.13253536739865,-6.928509733072815,15.337763605891046,0.1131976236980563,14.346689585092905,0.9093910644531888,15.560657398120776
22.02566388888897,16.014016426705023,0.7690025797526232,15.602141509184966,-0.7303921549478218,15.04539036106419,-6.963953352864564,15.348213814400339,0.13431833496099443,16.121605125633447,0.020255495876767782,14.42430980785473,0.7690025797526232,15.602141509184966,0.13431833496099443,16.121605125633447,-6.963953352864564,15.348213814400339,0.020255495876767782,14.42430980785473,0.7690025797526232,15.602141509184966
22.484930555555593,16.014016426705023,0.7292559814453625,15.529156659100506,-0.8474296061198174,15.036901525548986,-7.052755262586743,15.335681812183276,0.012094590928882099,16.08240240973395,-0.09300625271259833,14.439499313766891,0.7292559814453625,15.529156659100506,0.012094590928882099,16.08240240973395,-7.052755262586743,15.335681812183276,-0.09300625271259833,14.439499313766891,0.7292559814453625,15.529156659100506
22.810244444444493,16.03380362845756,0.6145708197700515,15.4780553869299,-0.9995547498914448,14.96727195945946,-7.232703960503386,15.34326831714527,-0.1329691243488469,16.073605099239863,-0.2591338785806556,14.370689598289696,0.6145708197700515,15.4780553869299,-0.1329691243488469,16.073605099239863,-7.232703960503386,15.34326831714527,-0.2591338785806556,14.370689598289696,0.6145708197700515,15.4780553869299
23.135558333333393,16.03380362845756,0.4940279785156463,15.497053816511825,-1.1413310438367716,14.970277528505068,-7.382633534071147,15.353857091955236,-0.322861466471295,16.043874379750843,-0.36419243977854876,14.40028175147804,0.4940279785156463,15.497053816511825,-0.322861466471295,16.043874379750843,-7.382633534071147,15.353857091955236,-0.36419243977854876,14.40028175147804,0.4940279785156463,15.497053816511825
23.499144444444596,16.03380362845756,0.4620384602865215,15.571473817567568,-1.2530104356552556,15.010506294869089,-7.567936583116193,15.35178684543919,-0.37816810980893933,16.093293061127532,-0.4718519883896306,14.401871964738175,0.4620384602865215,15.571473817567568,-0.37816810980893933,16.093293061127532,-7.567936583116193,15.35178684543919,-0.4718519883896306,14.401871964738175,0.4620384602865215,15.571473817567568
24.05409166666675,15.971754348342483,1.2526288574219961,15.626220703125,-0.6973189236109647,15.144059464738175,-7.51546467556409,15.384668298669764,0.14446947428393742,16.190038732580238,0.14375739746105864,14.527335502005911,1.2526288574219961,15.626220703125,0.14446947428393742,16.190038732580238,-7.51546467556409,15.384668298669764,0.14375739746105864,14.527335502005911,1.2526288574219961,15.626220703125
24.417677777777953,15.94983261520798,1.9368852023656018,15.85356346336571,0.08710967610693388,15.292845030088682,-7.364911604817621,15.43710079708615,0.8703399278430197,16.360374656883447,0.9436584092883322,14.67688648120777,1.9368852023656018,15.85356346336571,0.8703399278430197,16.360374656883447,-7.364911604817621,15.43710079708615,0.9436584092883322,14.67688648120777,1.9368852023656018,15.85356346336571
24.723855555555588,15.969518498601138,2.948707375759682,16.20721600506757,1.1422227294922322,15.476681271114865,-6.721609532335037,15.58551685230152,1.9060302381727752,16.591712745460303,1.992189838324748,14.920685639252534,2.948707375759682,16.20721600506757,1.9060302381727752,16.591712745460303,-6.721609532335037,15.58551685230152,1.992189838324748,14.920685639252534,2.948707375759682,16.20721600506757
25.163986111111285,15.969518498601138,3.859583441840414,16.26251880542652,2.2275406629775034,15.647089777766046,-5.4201779785155395,15.624881228885135,2.93895457628048,16.72614845069679,3.0904200981989334,15.098654257284629,3.859583441840414,16.26251880542652,2.93895457628048,16.72614845069679,-5.4201779785155395,15.624881228885135,3.0904200981989334,15.098654257284629,3.859583441840414,16.26251880542652
25.75720555555563,15.918485536317567,4.891604969618129,16.203346046241553,3.130932294379477,15.60162353515625,-4.139217784288121,15.813027871621621,3.9395735161675702,16.68722121779983,4.037307755533902,15.017749683277026,4.891604969618129,16.203346046241553,3.9395735161675702,16.68722121779983,-4.139217784288121,15.813027871621621,4.037307755533902,15.017749683277026,4.891604969618129,16.203346046241553
26.101655555555567,15.936607830975507,5.644052948676176,15.969832136824325,3.8793807752821294,15.506651182432432,-3.277220176866308,16.07759052998311,4.769078379991356,16.52173016522382,4.726009600151883,14.842634871199325,5.644052948676176,15.969832136824325,4.769078379991356,16.52173016522382,-3.277220176866308,16.07759052998311,4.726009600151883,14.842634871199325,5.644052948676176,15.969832136824325
26.44610555555562,15.926193946632178,6.383037589518267,15.7175012536951,4.444420307074779,15.366141654349661,-2.797217876518971,15.880057669974661,5.455209966362986,16.37078032622466,5.267323410373365,14.684494430954391,6.383037589518267,15.7175012536951,5.455209966362986,16.37078032622466,-2.797217876518971,15.880057669974661,5.267323410373365,14.684494430954391,6.383037589518267,15.7175012536951
26.73314722222233,15.946086574245143,6.909316723632969,15.69125778610642,5.0953332302518675,15.279374406144425,-2.4494089301214217,15.541871766786318,6.019425840928875,16.27518772434544,5.927391606987953,14.55862839157517,6.909316723632969,15.69125778610642,6.019425840928875,16.27518772434544,-2.4494089301214217,15.541871766786318,5.927391606987953,14.55862839157517,6.909316723632969,15.69125778610642
27.268958333333444,15.947358530405406,8.234899020724924,15.88663132126267,6.395887722439284,15.231689453125,-1.3456995985242202,15.55979465793919,7.148637695312573,16.330157305743242,7.298002590603346,14.635174725506756,8.234899020724924,15.88663132126267,7.148637695312573,16.330157305743242,-1.3456995985242202,15.55979465793919,7.298002590603346,14.635174725506756,8.234899020724924,15.88663132126267
27.76649722222237,16.004426780906883,9.625334773763143,16.194068702491553,7.825023155382041,15.491928512985641,0.3486590196398538,15.556048419024494,8.589752973090413,16.6306713207348,8.793818931749229,14.917023529877534,9.625334773763143,16.194068702491553,8.589752973090413,16.6306713207348,0.3486590196398538,15.556048419024494,8.793818931749229,14.917023529877534,9.625334773763143,16.194068702491553
28.072675000000004,15.992349358635979,11.156928946940184,16.729957374366553,9.347641769748293,15.900652911211994,1.8869145019531288,15.701620565878379,10.028429597981813,17.030791411528718,10.307372129991336,15.407630714210304,11.156928946940184,16.729957374366553,10.028429597981813,17.030791411528718,1.8869145019531288,15.701620565878379,10.307372129991336,15.407630714210304,11.156928946940184,16.729957374366553
28.359716666666714,15.953581394504857,12.608857088216268,16.708410314611488,10.83388692762594,16.148082836254222,3.249466829427206,15.439525707347974,11.599249137369839,17.25294288429054,11.648860546875085,15.562722695840371,12.608857088216268,16.708410314611488,11.599249137369839,17.25294288429054,3.249466829427206,15.439525707347974,11.648860546875085,15.562722695840371,12.608857088216268,16.708410314611488
28.723302777777917,15.984220614046665,13.909831301540862,16.61177516627956,12.191937489149382,16.1658935546875,4.702633900282194,14.869063093855575,12.97964195692282,17.208560428103887,12.973813099500944,15.590256149704391,13.909831301540862,16.61177516627956,12.97964195692282,17.208560428103887,4.702633900282194,14.869063093855575,12.973813099500944,15.590256149704391,13.909831301540862,16.61177516627956
29.125161111111197,15.981259105785472,14.827021327040029,16.266829207136823,13.143656458875967,15.803917137352196,6.079893370225818,14.518369932432432,13.989691886393302,16.87849879909206,13.89574013129345,15.162058237436655,14.827021327040029,16.266829207136823,13.989691886393302,16.87849879909206,6.079893370225818,14.518369932432432,13.89574013129345,15.162058237436655,14.827021327040029,16.266829207136823
29.373930555555603,15.970405718829179,15.773787970648868,16.029964962521113,14.125508992513119,15.613533638619089,6.885835801866392,14.38353172508446,14.890076049804748,16.642880001583613,14.875880289713564,15.012466018264359,15.773787970648868,16.029964962521113,14.890076049804748,16.642880001583613,6.885835801866392,14.38353172508446,14.875880289713564,15.012466018264359,15.773787970648868,16.029964962521113
29.699244444444503,15.940334703600085,16.62707630615239,15.692730877850506,14.923667323133714,15.37647144214527,7.504169303385424,14.619797165329391,15.771087909613698,16.35819388724662,15.643314200846362,14.76189525707348,16.62707630615239,15.692730877850506,15.771087909613698,16.35819388724662,7.504169303385424,14.619797165329391,15.643314200846362,14.76189525707348,16.62707630615239,15.692730877850506
30.062830555555593,15.935572740709459,17.21282869059246,15.415766535578546,15.5332149414063,15.12679806271115,7.972200130208421,15.180893356735641,16.53417115885418,16.03575340477196,16.211115467664968,14.45628563133446,17.21282869059246,15.415766535578546,16.53417115885418,16.03575340477196,7.972200130208421,15.180893356735641,16.211115467664968,14.45628563133446,17.21282869059246,15.415766535578546
30.33073611111115,15.935572740709459,17.533340616862006,14.83909153293919,15.911928127712713,14.856598725190034,8.302868476019967,15.740721006651182,16.95939991590717,15.63938450168919,16.57738595920148,14.018501900337839,17.533340616862006,14.83909153293919,16.95939991590717,15.63938450168919,8.302868476019967,15.740721006651182,16.57738595920148,14.018501900337839,17.533340616862006,14.83909153293919
30.847411111111114,15.935572740709459,17.791010388183622,13.226431356894004,16.721965215386263,14.28737331081081,9.100969799804716,15.93025661159206,17.8012956597222,14.909603634396115,17.18484651557071,13.45330068227407,17.791010388183622,13.226431356894004,17.8012956597222,14.909603634396115,9.100969799804716,15.93025661159206,17.18484651557071,13.45330068227407,17.791010388183622,13.226431356894004
31.057908333333444,15.950233781144426,18.32021115587031,12.88632614548142,17.294965489366405,13.856093947951859,9.765858501519233,15.61908618823902,18.27898445095491,14.491511164484796,17.70780643853095,12.99761303051098,18.32021115587031,12.88632614548142,18.27898445095491,14.491511164484796,9.765858501519233,15.61908618823902,17.70780643853095,12.99761303051098,18.32021115587031,12.88632614548142
31.383222222222344,15.947433834591425,19.437776631673273,13.277510359480575,17.9915884467232,13.415517446157095,10.496686577691094,15.011294803103885,18.931975748697937,14.06188305004223,18.31789934624578,12.617095122466216,19.437776631673273,13.277510359480575,18.931975748697937,14.06188305004223,10.496686577691094,15.011294803103885,18.31789934624578,12.617095122466216,19.437776631673273,13.277510359480575
31.70853611111113,15.947433834591425,20.177258984375044,13.161575729782516,18.63084598659941,13.094141779719171,11.28354831814238,14.496323044235641,19.534590154351122,13.93653003589527,19.056151671007,12.361920330975506,20.177258984375044,13.161575729782516,19.534590154351122,13.93653003589527,11.28354831814238,14.496323044235641,19.056151671007,12.361920330975506,20.177258984375044,13.161575729782516
32.22521111111121,15.978418084221916,21.335898366970582,13.333317937077704,19.720638560655516,12.963641192461994,12.155576779514035,14.344812341638514,20.513266531033082,13.968822582347974,20.370718075900754,12.304482124947214,21.335898366970582,13.333317937077704,20.513266531033082,13.968822582347974,12.155576779514035,14.344812341638514,20.370718075900754,12.304482124947214,21.335898366970582,13.333317937077704
32.47398055555561,15.96539730587521,21.949218084038648,13.644772091427365,20.420804523383254,13.158844818940034,12.847803933376781,14.382693728885135,21.05261757269966,14.208174421980575,21.120126694064766,12.52829391891892,21.949218084038648,13.644772091427365,21.05261757269966,14.208174421980575,12.847803933376781,14.382693728885135,21.120126694064766,12.52829391891892,21.949218084038648,13.644772091427365
32.72275000000002,15.96539730587521,22.29251487901479,14.720711372994089,21.135820678710957,13.515911205394849,13.621397732204855,14.551510372677365,21.424259263780414,14.795662544869089,21.938362623426656,13.145600190033784,22.29251487901479,14.720711372994089,21.424259263780414,14.795662544869089,13.621397732204855,14.551510372677365,21.938362623426656,13.145600190033784,22.29251487901479,14.720711372994089
33.1246083333333,15.96539730587521,23.05094652913408,15.275463207347974,21.774023243543866,14.104429502744932,14.546098472764811,14.695058461782095,22.06501937120231,15.318933435388514,22.688016231282518,13.739609177048141,23.05094652913408,15.275463207347974,22.06501937120231,15.318933435388514,14.546098472764811,14.695058461782095,22.688016231282518,13.739609177048141,23.05094652913408,15.275463207347974
33.20115277777779,15.988990791939399,23.697620368109824,15.723982527449325,22.20218444146053,14.672325340477196,14.671686360677086,14.315432986697635,22.507949381510457,15.92362522434544,23.087711310492637,14.34346461940456,23.697620368109824,15.723982527449325,22.507949381510457,15.92362522434544,14.671686360677086,14.315432986697635,23.087711310492637,14.34346461940456,23.697620368109824,15.723982527449325
33.89005277777778,16.004469225084456,24.4688932454427,16.09728344066723,22.991629688856392,15.107504354940879,15.605288170030349,13.833471349767736,23.356722496202224,16.35492768158784,23.854963496907544,14.770850929054054,24.4688932454427,16.09728344066723,23.356722496202224,16.35492768158784,15.605288170030349,13.833471349767736,23.854963496907544,14.770850929054054,24.4688932454427,16.09728344066723
34.196230555555644,15.988990791939399,24.875872279188457,16.573443438555742,23.577892712402445,15.477052430848818,16.306412575954937,13.38652822133657,23.828468307834214,16.70781645903716,24.452490049913308,15.178809913429054,24.875872279188457,16.573443438555742,23.828468307834214,16.70781645903716,16.306412575954937,13.38652822133657,24.452490049913308,15.178809913429054,24.875872279188457,16.573443438555742
34.54068055555558,16.009607708905193,25.44784353976786,16.73792163745777,24.091447394477086,15.59470016891892,16.954765096028723,13.187424118454391,24.294135823567785,16.85695998733108,24.98134675428605,15.339639199746621,25.44784353976786,16.73792163745777,24.294135823567785,16.85695998733108,16.954765096028723,13.187424118454391,24.98134675428605,15.339639199746621,25.44784353976786,16.73792163745777
34.73204166666676,16.010048580685176,25.81577427164723,16.61276657516892,24.400062974717912,15.647647342166385,17.35720442708339,13.011533170133024,24.700021945529556,16.89528511665963,25.250878641764416,15.33195701805321,25.81577427164723,16.61276657516892,24.700021945529556,16.89528511665963,17.35720442708339,13.011533170133024,25.250878641764416,15.33195701805321,25.81577427164723,16.61276657516892
35.24871666666672,16.010048580685176,26.40716308458127,16.40183402396537,24.826140610080415,15.467697555954391,17.953392976888153,13.392329860377956,25.20145850151914,16.70920872043919,25.694071552191986,15.05870922191723,26.40716308458127,16.40183402396537,25.20145850151914,16.70920872043919,17.953392976888153,13.392329860377956,25.694071552191986,15.05870922191723,26.40716308458127,16.40183402396537
35.669711111111155,16.00701587573902,26.76117992214631,16.543000092377532,25.256666711425737,15.57223263302365,18.176842051866288,14.074319375527871,25.563637943522167,16.86076396220439,26.096138316514725,15.167117557010135,26.76117992214631,16.543000092377532,25.563637943522167,16.86076396220439,18.176842051866288,14.074319375527871,26.096138316514725,15.167117557010135,26.76117992214631,16.543000092377532
36.01416111111121,16.00283717799831,27.1085257012262,16.682613888302363,25.547680432129027,15.81317138671875,18.25998868001318,14.44613400021115,26.01788679877393,17.01663455447635,26.46595520562073,15.389082625105575,27.1085257012262,16.682613888302363,26.01788679877393,17.01663455447635,18.25998868001318,14.44613400021115,26.46595520562073,15.389082625105575,27.1085257012262,16.682613888302363
36.39688333333345,16.00283717799831,27.198132519531327,17.3822961755701,25.79122808702266,16.180667361697637,18.508528502061722,14.56385597022804,25.998456005859452,17.480541332347972,26.71311410725923,15.909590437605575,27.198132519531327,17.3822961755701,25.998456005859452,17.480541332347972,18.508528502061722,14.56385597022804,26.71311410725923,15.909590437605575,27.198132519531327,17.3822961755701
36.74133333333339,15.987190337309965,27.849169738769547,17.90346217799831,26.459271226671035,16.779009844805742,18.946187662760508,14.253866659628379,26.617793090820328,18.068925187394427,27.30923240153004,16.463951317039697,27.849169738769547,17.90346217799831,26.617793090820328,18.068925187394427,18.946187662760508,14.253866659628379,27.30923240153004,16.463951317039697,27.849169738769547,17.90346217799831
37.33455277777796,15.972444408519848,28.528574214681157,17.98097682643581,27.082297867838633,17.01576851509713,19.71326574978309,14.39028518264358,27.405405269368657,18.276174184438343,27.866618275282235,16.61787208350929,28.528574214681157,17.98097682643581,27.405405269368657,18.276174184438343,19.71326574978309,14.39028518264358,27.866618275282235,16.61787208350929,28.528574214681157,17.98097682643581
37.717275000000086,15.990214827254013,28.747281408691492,18.58134501689189,27.532121462673672,17.17407721442145,20.108334027777914,14.950889793602196,27.59555140109603,18.457836254222972,28.354504071723227,16.94577933646537,28.747281408691492,18.58134501689189,27.59555140109603,18.457836254222972,20.108334027777914,14.950889793602196,28.354504071723227,16.94577933646537,28.747281408691492,18.58134501689189
38.13826944444452,16.004152947503165,29.105833497450135,19.418080922719593,27.963680075412412,17.911896576752532,20.52323004286029,15.576132284628379,27.948064400227963,19.183849437816722,28.82867370062945,17.883092931798988,29.105833497450135,19.418080922719593,27.948064400227963,19.183849437816722,20.52323004286029,15.576132284628379,28.82867370062945,17.883092931798988,29.105833497450135,19.418080922719593
38.54012777777791,16.004152947503165,29.51801440158431,19.96538646801098,28.22779986301009,18.712390796558278,20.944416175672814,16.170306231524492,28.322166148546103,19.988696948902028,29.13043607313375,18.59755562447213,29.51801440158431,19.96538646801098,28.322166148546103,19.988696948902028,20.944416175672814,16.170306231524492,29.13043607313375,18.59755562447213,29.51801440158431,19.96538646801098
39.13334722222237,16.018134881096916,30.174702779134236,20.365740801836992,28.86123808458126,19.248865076013512,21.458774807400346,16.603830698374157,29.092184095594803,20.45031078441723,29.731762173123002,18.991601892419762,30.174702779134236,20.365740801836992,29.092184095594803,20.45031078441723,21.458774807400346,16.603830698374157,29.731762173123002,18.991601892419762,30.174702779134236,20.365740801836992
39.49693333333346,16.018134881096916,30.289302752007416,20.34523463893581,28.922313616265228,19.475765743771113,21.814077091471404,16.700597814611488,29.256659115939783,20.64992213893581,29.790192000325646,19.163861248944258,30.289302752007416,20.34523463893581,29.256659115939783,20.64992213893581,21.814077091471404,16.700597814611488,29.790192000325646,19.163861248944258,30.289302752007416,20.34523463893581
39.80311111111121,16.018134881096916,30.485474833170656,19.937015017947637,29.036259474012695,19.35750270534206,22.202094536675418,16.358258221600508,29.564349209255738,20.481849464210303,29.840393419053953,18.863922943940032,30.485474833170656,19.937015017947637,29.564349209255738,20.481849464210303,22.202094536675418,16.358258221600508,29.840393419053953,18.863922943940032,30.485474833170656,19.937015017947637
40.24324166666668,16.018134881096916,30.576251174587696,18.33342021220439,29.289021424696216,18.9381103515625,22.698714824761396,16.231692752322637,30.03320189208989,19.83263665276605,29.939584982638962,18.29607989336993,30.576251174587696,18.33342021220439,30.03320189208989,19.83263665276605,22.698714824761396,16.231692752322637,29.939584982638962,18.29607989336993,30.576251174587696,18.33342021220439
40.60682777777788,16.018134881096916,30.488566228569994,16.97083839210304,29.532278420681564,18.08246674408784,22.75756087782122,16.24708515888936,30.52590024685344,18.670975968644427,30.023252846951095,17.24431053367821,30.488566228569994,16.97083839210304,30.52590024685344,18.670975968644427,22.75756087782122,16.24708515888936,30.023252846951095,17.24431053367821,30.488566228569994,16.97083839210304
41.16177500000015,16.022587412241343,30.926097916666777,16.224320695206927,29.988346146647245,17.12951495196368,22.96809688585074,16.3839771167652,30.901782188585116,17.68162742820946,30.365458641221835,16.3449426599451,30.926097916666777,16.224320695206927,30.901782188585116,17.68162742820946,22.96809688585074,16.3839771167652,30.365458641221835,16.3449426599451,30.926097916666777,16.224320695206927
41.3914083333334,16.022587412241343,31.69743097737637,16.106189624683278,30.230107674153714,16.45531401763091,23.03254704589847,16.686337032833613,31.25360366617838,16.998937658361488,30.572465733506988,15.626408757390204,31.69743097737637,16.106189624683278,31.25360366617838,16.998937658361488,23.03254704589847,16.686337032833613,30.572465733506988,15.626408757390204,31.69743097737637,16.106189624683278
41.812402777777834,15.990198397249788,31.55918741183814,15.157013764252534,30.532236999511724,15.97852222339527,23.35313696289063,17.042869774070947,31.654721842447998,16.61934352565456,30.981300618489627,15.167234678526182,31.55918741183814,15.157013764252534,31.654721842447998,16.61934352565456,23.35313696289063,17.042869774070947,30.981300618489627,15.167234678526182,31.55918741183814,15.157013764252534
42.175988888888924,15.980426652238176,32.706831987847295,15.520009633657095,31.108463661024416,15.597016205658784,23.72657516547315,17.48029884132179,32.15079493272572,16.26506908519848,31.52833806423621,14.898599160684121,32.706831987847295,15.520009633657095,32.15079493272572,16.26506908519848,23.72657516547315,17.48029884132179,31.52833806423621,14.898599160684121,32.706831987847295,15.520009633657095
42.69266388888889,15.980426652238176,32.55243392198349,14.475650271853885,30.387516929795993,15.854528478673986,24.476051814778657,17.933156606313343,32.81530471055771,15.935056944151182,31.93751659071188,14.908612225506756,32.55243392198349,14.475650271853885,32.81530471055771,15.935056944151182,24.476051814778657,17.933156606313343,31.93751659071188,14.908612225506756,32.55243392198349,14.475650271853885
43.0179777777779,15.978004595782304,32.85607948269319,14.011497703758446,31.656470785861643,15.45168654983108,25.121707025824776,18.293981603673988,33.22604832085517,15.70358688766892,32.454514778645944,14.3558069177576,32.85607948269319,14.011497703758446,33.22604832085517,15.70358688766892,25.121707025824776,18.293981603673988,32.454514778645944,14.3558069177576,32.85607948269319,14.011497703758446
43.34329166666669,15.978004595782304,33.40682417805999,13.585473962732264,32.69990143500445,14.78090358424831,25.822546495225765,18.230424210831927,33.715357740614195,15.079703666068411,32.90632402886297,13.865889265730575,33.40682417805999,13.585473962732264,33.715357740614195,15.079703666068411,25.822546495225765,18.230424210831927,32.90632402886297,13.865889265730575,33.40682417805999,13.585473962732264
43.68774166666674,15.978004595782304,33.317005650499254,12.680144438872466,33.07886681586376,14.287459089949325,26.35506107042113,17.589522078230573,34.098798185221426,14.396827491554054,33.061024205186754,13.221555967588682,33.317005650499254,12.680144438872466,34.098798185221426,14.396827491554054,26.35506107042113,17.589522078230573,33.061024205186754,13.221555967588682,33.317005650499254,12.680144438872466
44.05132777777783,15.978004595782304,33.83583976779528,12.413403485272381,33.36984313151049,13.86674705711571,26.791814770507926,16.656240102407093,34.38926841769762,14.12528538059544,33.46526312120238,12.850568616712415,33.83583976779528,12.413403485272381,34.38926841769762,14.12528538059544,26.791814770507926,16.656240102407093,33.46526312120238,12.850568616712415,33.83583976779528,12.413403485272381
44.548866666666754,15.979498356999578,34.685158170573004,12.255164893897804,34.019338366699344,13.47782444309544,27.200920499674567,16.10550174197635,35.05590096842457,13.94679054054054,34.18086875542542,12.59751438450169,34.685158170573004,12.255164893897804,35.05590096842457,13.94679054054054,27.200920499674567,16.10550174197635,34.18086875542542,12.59751438450169,34.685158170573004,12.255164893897804
44.95072500000015,15.979624320365286,35.85639092746317,13.1916033770587,34.34885817192935,13.439368995460304,27.415848494466218,15.728215398015204,35.32487050781265,14.144549395586994,34.74071828613296,12.659570642419764,35.85639092746317,13.1916033770587,35.32487050781265,14.144549395586994,27.415848494466218,15.728215398015204,34.74071828613296,12.659570642419764,35.85639092746317,13.1916033770587
45.237766666666744,15.990266855600717,36.69685785319018,14.260862608213682,34.614324758572025,13.666832176414696,27.400891598849853,15.889598949535474,35.34706537272143,14.782645560599661,35.30104147406689,13.070845320418075,36.69685785319018,14.260862608213682,35.34706537272143,14.782645560599661,27.400891598849853,15.889598949535474,35.30104147406689,13.070845320418075,36.69685785319018,14.260862608213682
45.639625000000024,15.990266855600717,36.82309413655605,15.193408862964526,35.00880377197268,14.33991138355152,27.474604587131125,16.060875145164697,35.69405903455947,15.59430591480152,35.84351972113711,13.954584894953546,36.82309413655605,15.193408862964526,35.69405903455947,15.59430591480152,27.474604587131125,16.060875145164697,35.84351972113711,13.954584894953546,36.82309413655605,15.193408862964526
46.1180277777778,16.029898764120567,36.887593783908414,16.1108678869299,35.48947502305771,15.125537769214526,27.76430192057296,16.1544750316723,35.80915343560116,16.26458740234375,36.350869269477016,14.81734982052365,36.887593783908414,16.1108678869299,35.80915343560116,16.26458740234375,27.76430192057296,16.1544750316723,36.350869269477016,14.81734982052365,36.887593783908414,16.1108678869299
46.53902222222234,16.03588613149282,37.386136785210624,16.558374353357262,36.00789259711382,15.704899968327704,28.20608053114165,15.972718934755068,36.41856171196844,16.857763341955238,36.82770749104827,15.32211056271115,37.386136785210624,16.558374353357262,36.41856171196844,16.857763341955238,28.20608053114165,15.972718934755068,36.82770749104827,15.32211056271115,37.386136785210624,16.558374353357262
46.88347222222228,16.03588613149282,37.971909620496945,16.50793292071368,36.41761461046008,15.801414695945946,28.59992153591577,15.526451317039696,36.95428741455078,16.936566327069258,37.20774607340502,15.345780656144425,37.971909620496945,16.50793292071368,36.95428741455078,16.936566327069258,28.59992153591577,15.526451317039696,37.20774607340502,15.345780656144425,37.971909620496945,16.50793292071368
47.18965000000003,16.03588613149282,38.32110870632607,16.481056007179053,36.76521745741104,15.694652660472974,28.984668513997462,15.094731511296454,37.280406734212306,16.861102129961992,37.52273410644534,15.218542150548986,38.32110870632607,16.481056007179053,37.280406734212306,16.861102129961992,28.984668513997462,15.094731511296454,37.52273410644534,15.218542150548986,38.32110870632607,16.481056007179053
47.55323611111112,16.03331894333298,38.874724385579384,16.26167091163429,37.18827554660368,15.522200300886825,29.524371568467927,14.5560583166174,37.73489538574222,16.69673610377956,37.99546379258902,15.028976852829391,38.874724385579384,16.26167091163429,37.73489538574222,16.69673610377956,29.524371568467927,14.5560583166174,37.99546379258902,15.028976852829391,38.874724385579384,16.26167091163429
47.91682222222221,16.03331894333298,39.324365828450595,16.583202465160472,37.864877065700966,15.550766403610641,30.107707977973064,14.287315574852196,38.151941512044345,16.852812895903718,38.67308256429044,15.139102420291385,39.324365828450595,16.583202465160472,38.151941512044345,16.852812895903718,30.107707977973064,14.287315574852196,38.67308256429044,15.139102420291385,39.324365828450595,16.583202465160472
48.261272222222374,16.020656886745144,39.87986692165816,17.346412452491553,38.54123794080954,15.961363096494932,30.819286138238,14.367035736908784,38.610828191460655,17.333736935177363,39.420317123752284,15.820517050253379,39.87986692165816,17.346412452491553,38.610828191460655,17.333736935177363,30.819286138238,14.367035736908784,39.420317123752284,15.820517050253379,39.87986692165816,17.346412452491553
48.51004166666678,16.025678991369297,40.2471369696724,17.705691775760137,38.88155418565543,16.33049712309966,31.424602620442784,14.729244747677365,39.03030194769974,17.577293602195947,39.804805867513096,16.190332361169762,40.2471369696724,17.705691775760137,39.03030194769974,17.577293602195947,31.424602620442784,14.729244747677365,39.804805867513096,16.190332361169762,40.2471369696724,17.705691775760137
48.77794722222234,16.025678991369297,40.50130537651921,17.780346019847972,38.61797238227007,16.210838524070947,31.673432994249197,15.447791847022804,38.34751712782122,17.786083324535472,39.97959296739373,16.4299596838049,40.50130537651921,17.780346019847972,38.34751712782122,17.786083324535472,31.673432994249197,15.447791847022804,39.97959296739373,16.4299596838049,40.50130537651921,17.780346019847972
49.21807777777792,16.025678991369297,40.80019888509128,17.76275799725507,37.8296110487197,16.11647487331081,31.92612458496103,15.565627639358109,39.69907295600058,17.967633221600508,40.25600773654526,16.32834274704392,40.80019888509128,17.76275799725507,39.69907295600058,17.967633221600508,31.92612458496103,15.565627639358109,40.25600773654526,16.32834274704392,40.80019888509128,17.76275799725507
49.48598333333348,16.025678991369297,40.952814964464096,17.378338788006758,39.35061329074449,16.60032695048564,31.88813550075963,15.199528874577704,39.85650996500658,17.625565812394427,40.377123741319565,16.2018102697424,40.952814964464096,17.378338788006758,39.85650996500658,17.625565812394427,31.88813550075963,15.199528874577704,40.377123741319565,16.2018102697424,40.952814964464096,17.378338788006758
49.811297222222265,16.005335907807222,41.21251012641062,16.772071632179053,39.707372153049164,16.19124293971706,31.888749140082496,15.071693214210304,40.286944194878515,17.34185626055743,40.471758648003515,15.643287452491554,41.21251012641062,16.772071632179053,40.286944194878515,17.34185626055743,31.888749140082496,15.071693214210304,40.471758648003515,15.643287452491554,41.21251012641062,16.772071632179053
50.098338888888975,15.967006077122045,41.582418037923276,15.82461135451858,40.00652590738946,15.59378299197635,31.96219658203131,14.954964302681589,40.72974079861126,16.568798168285472,40.62951768120672,14.934355864653716,41.582418037923276,15.82461135451858,40.72974079861126,16.568798168285472,31.96219658203131,14.954964302681589,40.62951768120672,14.934355864653716,41.582418037923276,15.82461135451858
50.500197222222255,15.967006077122045,42.014743934461876,15.468175939611486,40.515517046441005,15.161856986380911,32.466897458224935,15.064599939294764,41.19613957112642,16.172760834565032,41.11575796576619,14.522076580975506,42.014743934461876,15.468175939611486,41.19613957112642,16.172760834565032,32.466897458224935,15.064599939294764,41.11575796576619,14.522076580975506,42.014743934461876,15.468175939611486
50.99773611111118,15.97890824601457,42.7091822374133,15.144351443728885,41.12331679280612,14.8568115234375,33.309357883029634,14.998068319784629,41.85718910047751,15.88062843116554,41.79386512586814,14.180733345650339,42.7091822374133,15.144351443728885,41.85718910047751,15.88062843116554,33.309357883029634,14.998068319784629,41.79386512586814,14.180733345650339,42.7091822374133,15.144351443728885
51.34218611111112,15.98782152330553,43.03004469265409,15.113543536211994,41.44642907172306,14.774069296347129,33.73648678385416,15.142878351984796,42.10636915554471,15.806940851984796,42.10495432671439,14.12540085251267,43.03004469265409,15.113543536211994,42.10636915554471,15.806940851984796,33.73648678385416,15.142878351984796,42.10495432671439,14.12540085251267,43.03004469265409,15.113543536211994
51.74404444444451,15.98782152330553,43.34535178358294,15.189844079919764,41.81465872938372,14.823568808065879,34.058840044487965,15.52316696579392,42.477918447537036,15.850543047930744,42.47951468641497,14.183671281144425,43.34535178358294,15.189844079919764,42.477918447537036,15.850543047930744,34.058840044487965,15.52316696579392,42.47951468641497,14.183671281144425,43.34535178358294,15.189844079919764
52.06935833333341,15.98782152330553,43.57749635416678,15.344073321368244,41.998915285915814,14.977944863809121,34.375649701605994,15.464847049197635,42.76244559326176,15.96480910842483,42.6929723266602,14.3422571130701,43.57749635416678,15.344073321368244,42.76244559326176,15.96480910842483,34.375649701605994,15.464847049197635,42.6929723266602,14.3422571130701,43.57749635416678,15.344073321368244
52.62430555555568,16.037957681191934,43.87495574951174,14.901895059121621,42.54170633951833,15.116242279877534,34.946667819553,15.1632080078125,43.22318166097011,16.10466704497466,43.23247341579872,14.470313819679054,43.87495574951174,14.901895059121621,43.22318166097011,16.10466704497466,34.946667819553,15.1632080078125,43.23247341579872,14.470313819679054,43.87495574951174,14.901895059121621
52.930483333333314,15.98346209551837,44.490366451009095,15.760583826013514,42.84772813856341,15.314624683277026,35.251387535264826,14.60200954127956,43.560887487793025,16.254127296241553,43.5670639065213,14.77804153029983,44.490366451009095,15.760583826013514,43.560887487793025,16.254127296241553,35.251387535264826,14.60200954127956,43.5670639065213,14.77804153029983,44.490366451009095,15.760583826013514
53.21752500000002,15.98346209551837,44.68010197211379,15.36902515308277,43.17830482584634,15.257441340266046,35.80544614257815,14.08810837204392,43.94451983235683,16.17192118876689,43.68218903537331,14.567580764358109,44.68010197211379,15.36902515308277,43.94451983235683,16.17192118876689,35.80544614257815,14.08810837204392,43.68218903537331,14.567580764358109,44.68010197211379,15.36902515308277
53.65765555555561,15.98605529785156,45.28948471137164,15.06637985641892,43.78926176350922,14.942692937077704,36.306077796766544,13.93087356154983,44.551936730957095,15.891522381756756,44.39293336724188,14.189020930109796,45.28948471137164,15.06637985641892,44.551936730957095,15.891522381756756,36.306077796766544,13.93087356154983,44.39293336724188,14.189020930109796,45.28948471137164,15.06637985641892
53.96383333333347,15.98605529785156,45.805217373318214,14.894963444890204,44.101020867241914,14.665400324641046,36.59196647135434,14.027231577280405,44.9515822211373,15.697161700274494,44.79761849636509,14.021068676097974,45.805217373318214,14.894963444890204,44.9515822211373,15.697161700274494,36.59196647135434,14.027231577280405,44.79761849636509,14.021068676097974,45.805217373318214,14.894963444890204
54.48050833333343,16.01721617002745,46.32103279486773,14.919677734375,44.584392712402405,14.63798069309544,36.714713791232725,14.523922482052365,45.418234672037784,15.692493335620776,45.30315627577045,14.014344911317568,46.32103279486773,14.919677734375,45.418234672037784,15.692493335620776,36.714713791232725,14.523922482052365,45.30315627577045,14.014344911317568,46.32103279486773,14.919677734375
54.86323055555556,16.011964045344172,46.712326217990494,14.958797970333615,44.92070871853298,14.720976958403716,36.82037031250002,15.17270969700169,45.83093278537331,15.718862172719595,45.678200783962666,14.034829629434121,46.712326217990494,14.958797970333615,45.83093278537331,15.718862172719595,36.82037031250002,15.17270969700169,45.678200783962666,14.034829629434121,46.712326217990494,14.958797970333615
55.20768055555561,16.011964045344172,46.96553544108076,14.880501412056589,45.264982394748245,14.7085901208826,36.9773610026042,15.295286436338682,46.154701192220045,15.677920779666385,45.9284726901584,14.023868045291385,46.96553544108076,14.880501412056589,46.154701192220045,15.677920779666385,36.9773610026042,15.295286436338682,45.9284726901584,14.023868045291385,46.96553544108076,14.880501412056589
55.43731388888898,15.996136474609376,47.19800097520624,14.71864772487331,45.45155712076826,14.601387642525339,37.330468457031316,15.485749115815034,46.36682421739374,15.536551810599661,46.158451041666694,13.88063502956081,47.19800097520624,14.71864772487331,46.36682421739374,15.536551810599661,37.330468457031316,15.485749115815034,46.158451041666694,13.88063502956081,47.19800097520624,14.71864772487331
56.10707777777782,15.996136474609376,47.68986772867845,14.545388711465371,46.11322961290148,14.489516799514359,38.09431973470055,15.426711623733109,46.86242513563377,15.38844093116554,46.697557310655384,13.829753978832349,47.68986772867845,14.545388711465371,46.86242513563377,15.38844093116554,38.09431973470055,15.426711623733109,46.697557310655384,13.829753978832349,47.68986772867845,14.545388711465371
56.39411944444453,15.975400440112963,48.05159099527998,14.196463919974661,46.399320148383254,14.293833139780405,38.54910635579438,15.034392485747466,47.36234895019538,15.082321579391891,46.93454930148664,13.555512299408784,48.05159099527998,14.196463919974661,47.36234895019538,15.082321579391891,38.54910635579438,15.034392485747466,46.93454930148664,13.555512299408784,48.05159099527998,14.196463919974661
56.738569444444465,15.975400440112963,48.37354445393885,14.15426223342483,46.79385288492847,14.064408585831925,38.98471066623267,14.879640321473818,47.66124807400183,14.988015664590371,47.333981804741825,13.296912115973395,48.37354445393885,14.15426223342483,47.66124807400183,14.988015664590371,38.98471066623267,14.879640321473818,47.333981804741825,13.296912115973395,48.37354445393885,14.15426223342483
57.10215555555567,15.974084670608107,48.85372551540809,14.15648754222973,47.14525654839417,14.05169017894848,39.3544036838108,15.20805565086571,48.04711116943372,14.97655590160473,47.83439093424488,13.263901169235641,48.85372551540809,14.15648754222973,48.04711116943372,14.97655590160473,39.3544036838108,15.20805565086571,47.83439093424488,13.263901169235641,48.85372551540809,14.15648754222973
57.46574166666676,15.974084670608107,49.24110855577271,14.15776268211571,47.534752931043954,14.056221626900339,39.67407839084217,15.639643488703546,48.4546035983617,15.01634422508446,48.20638887668201,13.304007865287161,49.24110855577271,14.15776268211571,48.4546035983617,15.01634422508446,39.67407839084217,15.639643488703546,48.20638887668201,13.304007865287161,49.24110855577271,14.15776268211571
58.058961111111216,15.974084670608107,49.67062323404957,14.431536700274494,48.066623566352064,14.03933303420608,40.28473693576393,16.14198097022804,48.769532400173716,15.076547983530405,48.76507174750441,13.36714708482897,49.67062323404957,14.431536700274494,48.769532400173716,15.076547983530405,40.28473693576393,16.14198097022804,48.76507174750441,13.36714708482897,49.67062323404957,14.431536700274494
58.403411111111154,16.038065845386402,49.76122717149531,14.836490115603885,48.16377182888459,14.299496212521115,40.54233390842023,16.245532886402028,48.7948711059571,15.33462771853885,48.860395737033514,13.687178328230575,49.76122717149531,14.836490115603885,48.7948711059571,15.33462771853885,40.54233390842023,16.245532886402028,48.860395737033514,13.687178328230575,49.76122717149531,14.836490115603885
58.78613333333351,15.974084670608107,49.522864120822646,15.187739191828546,48.09892494574672,14.59571632179054,40.679167526584365,15.663882693728885,48.7523240953235,15.635788376266891,48.85084246690553,14.049154745565879,49.522864120822646,15.187739191828546,48.7523240953235,15.635788376266891,40.679167526584365,15.663882693728885,48.85084246690553,14.049154745565879,49.522864120822646,15.187739191828546
59.149719444444486,15.974084670608107,49.259273311360744,15.264874432538006,48.06931156005862,14.60547534839527,40.867804839409814,14.91703342747044,48.7411229817709,15.66434128220017,48.821841975911525,14.070500554265204,49.259273311360744,15.264874432538006,48.7411229817709,15.66434128220017,40.867804839409814,14.91703342747044,48.821841975911525,14.070500554265204,49.259273311360744,15.264874432538006
59.762075000000095,16.038065845386402,49.758256064181865,15.023704735008446,48.46341302625876,14.417627283044764,41.060172398546115,14.539329735008446,49.05422062310117,15.45162551467483,49.1826546983508,13.83985694679054,49.758256064181865,15.023704735008446,49.05422062310117,15.45162551467483,41.060172398546115,14.539329735008446,49.1826546983508,13.83985694679054,49.758256064181865,15.023704735008446
60.010844444444615,15.987595610747466,50.28627491183818,14.786901525548986,48.85410022922099,14.257993955869932,41.09692096896708,14.345305571684966,49.45226001926005,15.261946394636825,49.57915889078788,13.66537805505701,50.28627491183818,14.786901525548986,49.45226001926005,15.261946394636825,41.09692096896708,14.345305571684966,49.57915889078788,13.66537805505701,50.28627491183818,14.786901525548986
60.450975000000085,15.987595610747466,50.6970848564996,14.899628510346284,49.31206915690109,14.16455078125,41.67016580946188,14.26030174461571,49.823202986653655,15.256342707453546,50.088037920464444,13.6452166583087,50.6970848564996,14.899628510346284,49.823202986653655,15.256342707453546,41.67016580946188,14.26030174461571,50.088037920464444,13.6452166583087,50.6970848564996,14.899628510346284
60.738016666666795,15.987595610747466,50.358903575303884,15.414433659733954,49.309975420464525,14.25247604782517,42.066663856336845,14.240039722339526,49.63014465738945,15.499866382495776,50.09655921495232,13.833199990762246,50.358903575303884,15.414433659733954,49.63014465738945,15.499866382495776,42.066663856336845,14.240039722339526,50.09655921495232,13.833199990762246,50.358903575303884,15.414433659733954
61.17814722222238,15.987595610747466,50.34317526448581,15.517454405088682,49.16647085774753,14.411048682960304,42.192875344509616,14.277800688872466,49.50528548719626,15.689522408150339,50.067320094129855,14.0664342931799,50.34317526448581,15.517454405088682,49.50528548719626,15.689522408150339,42.192875344509616,14.277800688872466,50.067320094129855,14.0664342931799,50.34317526448581,15.517454405088682
61.69482222222234,15.987595610747466,50.337836070421076,15.48242847339527,49.090412262641166,14.47164504592483,42.085632023112,14.327313397381756,49.46925239122186,15.68203982791385,49.929999156358576,14.09046729835304,50.337836070421076,15.48242847339527,49.46925239122186,15.68203982791385,42.085632023112,14.327313397381756,49.929999156358576,14.09046729835304,50.337836070421076,15.48242847339527
61.962727777777786,15.987595610747466,49.93260777587898,15.477265229096284,48.77968164876313,14.398026749894425,41.7142773925782,14.27364699904983,49.09775449761287,15.633373363597974,49.65307099880647,14.052397856841216,49.93260777587898,15.477265229096284,49.09775449761287,15.633373363597974,41.7142773925782,14.27364699904983,49.65307099880647,14.052397856841216,49.93260777587898,15.477265229096284
62.402858333333484,15.987595610747466,49.790919856770984,15.439484467377534,48.57866925320104,14.298423973289696,41.53925495334215,14.275651261613175,48.95595298529736,15.654611948374155,49.472248524305655,14.032144082559121,49.790919856770984,15.439484467377534,48.95595298529736,15.654611948374155,41.53925495334215,14.275651261613175,49.472248524305655,14.032144082559121,49.790919856770984,15.439484467377534
62.68990000000008,15.987595610747466,49.41611832953572,15.556469066722974,48.28131540527352,14.266517432960304,41.235427140299635,14.333608266469595,48.51451463080525,15.626252045502534,49.17555843370235,14.043509818412161,49.41611832953572,15.556469066722974,48.51451463080525,15.626252045502534,41.235427140299635,14.333608266469595,49.17555843370235,14.043509818412161,49.41611832953572,15.556469066722974
63.16830277777785,16.00984457479941,49.36609822184255,15.491370948585304,48.172963490125994,14.255991342905405,41.18020802408864,14.31217502903294,48.42178517252614,15.65009204761402,49.082751833767475,14.01946361644848,49.36609822184255,15.491370948585304,48.42178517252614,15.65009204761402,41.18020802408864,14.31217502903294,49.082751833767475,14.01946361644848,49.36609822184255,15.491370948585304
63.45534444444445,16.00984457479941,49.09962985839843,15.561759330130911,47.88765476074218,14.2684326171875,40.92368415256078,14.351734058277026,48.13099006076391,15.677328573690879,48.852712133789055,14.07369582717483,49.09962985839843,15.561759330130911,48.13099006076391,15.677328573690879,40.92368415256078,14.351734058277026,48.852712133789055,14.07369582717483,49.09962985839843,15.561759330130911
63.76152222222231,16.038065845386402,48.912677482096456,15.561323836043075,47.76368388400613,14.271398595861486,40.73218465711818,14.29616897170608,48.00135478244363,15.690256479624155,48.73148614366323,14.076244457347974,48.912677482096456,15.561323836043075,48.00135478244363,15.690256479624155,40.73218465711818,14.29616897170608,48.73148614366323,14.076244457347974,48.912677482096456,15.561323836043075
64.14424444444444,16.038065845386402,48.85217426757811,15.55169677734375,47.65215188802085,14.318794869087839,40.63313943684898,14.28547462257179,47.92193914659288,15.71109421188767,48.6124180013021,14.119490339949325,48.85217426757811,15.55169677734375,47.92193914659288,15.71109421188767,40.63313943684898,14.28547462257179,48.6124180013021,14.119490339949325,48.85217426757811,15.55169677734375
64.5269666666668,16.038065845386402,48.745169045681564,15.547066353462839,47.52841455620671,14.31215358424831,40.500755457899345,14.251657846811655,47.778061908637255,15.68565574852196,48.462755986870775,14.09690403293919,48.745169045681564,15.547066353462839,47.778061908637255,15.68565574852196,40.500755457899345,14.251657846811655,48.462755986870775,14.09690403293919,48.745169045681564,15.547066353462839
65.15845833333344,16.038065845386402,48.81379280598969,15.554446658572635,47.5599153781468,14.282135834565034,40.56752273220502,14.213791305954391,47.83005019802533,15.66328883815456,48.51106521267377,14.028203190983954,48.81379280598969,15.554446658572635,47.83005019802533,15.66328883815456,40.56752273220502,14.213791305954391,48.51106521267377,14.028203190983954,48.81379280598969,15.554446658572635
65.3880916666667,16.038065845386402,48.5863711534289,15.55276901657517,47.21041154513898,14.311254552892736,40.25838856879341,14.238218565244932,47.48173655056428,15.6890588708826,48.17082007378474,14.06011962890625,48.5863711534289,15.55276901657517,47.48173655056428,15.6890588708826,40.25838856879341,14.238218565244932,48.17082007378474,14.06011962890625,48.5863711534289,15.55276901657517
65.86649444444447,16.038065845386402,48.457182514105966,15.537797257706925,47.162260639105966,14.31317138671875,40.23833587510853,14.211787043391046,47.439178838433236,15.745125435494089,48.09747351616761,14.06154983108108,48.457182514105966,15.537797257706925,47.439178838433236,15.745125435494089,40.23833587510853,14.211787043391046,48.09747351616761,14.06154983108108,48.457182514105966,15.537797257706925
66.24921666666671,16.038065845386402,48.101989697265594,15.516415157833615,46.874469284396696,14.276959393475506,40.09394662000864,14.220605798669764,47.22577238498263,15.66522876636402,47.833433314344575,14.03906909839527,48.101989697265594,15.516415157833615,47.22577238498263,15.66522876636402,40.09394662000864,14.220605798669764,47.833433314344575,14.03906909839527,48.101989697265594,15.516415157833615
66.6893472222223,16.038065845386402,48.02439801703565,15.401189030827704,46.67129437934034,14.239599279455236,39.95993641493055,14.23642380173142,47.04841026475697,15.64719700168919,47.65450632052955,13.996713999155405,48.02439801703565,15.401189030827704,47.04841026475697,15.64719700168919,39.95993641493055,14.23642380173142,47.65450632052955,13.996713999155405,48.02439801703565,15.401189030827704
66.95725277777785,16.038065845386402,47.7427226806642,15.46487014358108,46.478937212456685,14.216198070629224,39.72179101291249,14.29255470069679,46.814693302408955,15.671795819256756,47.44331302625881,13.983388539907095,47.7427226806642,15.46487014358108,46.814693302408955,15.671795819256756,39.72179101291249,14.29255470069679,47.44331302625881,13.983388539907095,47.7427226806642,15.46487014358108
67.20602222222226,16.038065845386402,47.571802522786584,15.513917665223818,46.221148768446255,14.27775120090794,39.44772144097226,14.260306693412161,46.57496278754354,15.724634118982264,47.24102418891073,14.041000778610641,47.571802522786584,15.513917665223818,46.57496278754354,15.724634118982264,39.44772144097226,14.260306693412161,47.24102418891073,14.041000778610641,47.571802522786584,15.513917665223818
67.60788055555565,16.00984457479941,47.63746904296886,15.610503325591216,46.270863072374254,14.36357982738598,39.35278242458776,14.24943748680321,46.598255650499254,15.800314413534629,47.23487776150182,14.072661528716216,47.63746904296886,15.610503325591216,46.598255650499254,15.800314413534629,39.35278242458776,14.24943748680321,47.23487776150182,14.072661528716216,47.63746904296886,15.610503325591216
68.04801111111112,15.987595610747466,48.068288346354166,15.875785209037161,46.53066017252604,14.668120513091216,39.38146990559892,14.321937354835304,46.9219192599827,16.05322760504645,47.540342721896764,14.394814980996621,48.068288346354166,15.875785209037161,46.9219192599827,16.05322760504645,39.38146990559892,14.321937354835304,47.540342721896764,14.394814980996621,48.068288346354166,15.875785209037161
68.3159166666668,16.051595953864016,48.761102010091236,16.237463048986488,47.221371514214525,15.1854248046875,39.57768627929693,14.540413521431589,47.6366241997614,16.484947410789697,48.16836078559038,14.84929760082348,48.761102010091236,16.237463048986488,47.6366241997614,16.484947410789697,39.57768627929693,14.540413521431589,48.16836078559038,14.84929760082348,48.761102010091236,16.237463048986488
68.69863888888892,16.05364833522487,50.03277415635853,16.64213603251689,48.31776425509986,15.724584631017736,40.46212257215723,14.75615135399071,48.892710340711915,16.928672996727197,49.334699815538215,15.296939334353885,50.03277415635853,16.64213603251689,48.892710340711915,16.928672996727197,40.46212257215723,14.75615135399071,49.334699815538215,15.296939334353885,50.03277415635853,16.64213603251689
69.00481666666667,16.01949309477935,51.104212418619795,16.960236420502532,49.526879180230026,16.0663122228674,41.837059844292526,14.97747142894848,50.09567597384978,17.2687427417652,50.47263418511284,15.602090371621621,51.104212418619795,16.960236420502532,50.09567597384978,17.2687427417652,41.837059844292526,14.97747142894848,50.47263418511284,15.602090371621621,51.104212418619795,16.960236420502532
69.31099444444465,16.057268412822005,52.41538490668415,17.38075215107686,50.91154986436652,16.423173234269427,43.38506060655402,15.093009330130911,51.368709966362985,17.61256862331081,51.78888276367206,15.959304397170609,52.41538490668415,17.38075215107686,51.368709966362985,17.61256862331081,43.38506060655402,15.093009330130911,51.78888276367206,15.959304397170609,52.41538490668415,17.38075215107686
69.78939722222242,16.066528089368667,53.81418936360694,17.78328560494088,52.290826462131236,16.786020639780407,44.99551294487867,15.287784060916385,52.80495779622413,18.017541833826012,53.21966964246974,16.38655708931588,53.81418936360694,17.78328560494088,52.80495779622413,18.017541833826012,44.99551294487867,15.287784060916385,53.21966964246974,16.38655708931588,53.81418936360694,17.78328560494088
70.0764388888889,16.065609378299197,55.27472685275609,18.05570365287162,53.75553977322056,17.111372664168073,46.21409859754783,16.006298168285472,54.27635615234385,18.25047508445946,54.73460132378477,16.65818168021537,55.27472685275609,18.05570365287162,54.27635615234385,18.25047508445946,46.21409859754783,16.006298168285472,54.73460132378477,16.65818168021537,55.27472685275609,18.05570365287162
70.36348055555561,16.08319632865287,56.51232834743928,18.0723876953125,54.91558762478303,17.240508208403718,47.423795157877635,16.661639239336992,55.49105081380219,18.421599516997468,55.83361740993928,16.7429760082348,56.51232834743928,18.0723876953125,55.49105081380219,18.421599516997468,47.423795157877635,16.661639239336992,55.83361740993928,16.7429760082348,56.51232834743928,18.0723876953125
70.74620277777797,16.0757562750739,57.6486677503799,18.03440403293919,56.219303228081685,17.346826501794762,48.61480764973976,16.681779191300677,56.86667430826833,18.456920726879222,57.031258997938494,16.764721019847972,57.6486677503799,18.03440403293919,56.86667430826833,18.456920726879222,48.61480764973976,16.681779191300677,57.031258997938494,16.764721019847972,57.6486677503799,18.03440403293919
70.99497222222226,16.090886939796242,58.755500786675384,18.231311694995778,57.259890231662325,17.547826818517738,49.829650024414036,16.65541530299831,57.914244750976536,18.64709637616132,58.08843823920358,16.991268673458613,58.755500786675384,18.231311694995778,57.914244750976536,18.64709637616132,49.829650024414036,16.65541530299831,58.08843823920358,16.991268673458613,58.755500786675384,18.231311694995778
71.43510277777784,16.075542685019002,59.99873531901051,18.305307749155407,58.55453755832252,17.69491989548142,51.126398825412366,16.731890704180742,59.181581388346444,18.79595287426098,59.35802215711806,17.107331147065032,59.99873531901051,18.305307749155407,59.181581388346444,18.79595287426098,51.126398825412366,16.731890704180742,59.35802215711806,17.107331147065032,59.99873531901051,18.305307749155407
71.76041666666663,16.102727496172932,60.94674258761938,18.252776274809968,59.487588670518676,17.57978779560811,51.96240064832898,17.255786792652028,60.10853152804907,18.71150001319679,60.353727552625855,17.087542559649492,60.94674258761938,18.252776274809968,60.10853152804907,18.71150001319679,51.96240064832898,17.255786792652028,60.353727552625855,17.087542559649492,60.94674258761938,18.252776274809968
72.14313888888898,16.069308867583402,61.926455607096386,17.646276525548988,60.61747021484382,17.713233741554053,52.84934107801655,17.874067976668073,61.15907245551227,18.80041338946368,61.39024565294062,17.19469719964105,61.926455607096386,17.646276525548988,61.15907245551227,18.80041338946368,52.84934107801655,17.874067976668073,61.39024565294062,17.19469719964105,61.926455607096386,17.646276525548988
72.37277222222235,16.069308867583402,62.910067245822574,18.51737357474662,61.307252677409,17.854102882179053,53.72070143500446,18.534405682538008,61.93684726833783,18.947574099978887,62.1341069593642,17.378515295080238,62.910067245822574,18.51737357474662,61.93684726833783,18.947574099978887,53.72070143500446,18.534405682538008,62.1341069593642,17.378515295080238,62.910067245822574,18.51737357474662
72.88944722222232,16.041130041173986,64.00621595323355,18.0506591796875,62.425692780219265,17.7750903980152,54.773892412652,18.47561892947635,63.14734195014114,18.7540283203125,63.13690409071182,17.182282318940032,64.00621595323355,18.0506591796875,63.14734195014114,18.7540283203125,54.773892412652,18.47561892947635,63.13690409071182,17.182282318940032,64.00621595323355,18.0506591796875
73.19562500000006,16.07603832347973,64.19367696126312,17.25113327438767,62.89241251627618,17.68762371991132,55.57669460720501,18.38081318623311,63.62734446207696,18.636571935705238,63.46681267632391,17.060530379011823,64.19367696126312,17.25113327438767,63.62734446207696,18.636571935705238,55.57669460720501,18.38081318623311,63.46681267632391,17.060530379011823,64.19367696126312,17.25113327438767
73.55921111111115,16.07603832347973,64.2465695434571,16.27889767208615,63.14411186116536,17.33910308013091,56.29786026746967,17.9230396167652,64.05586265462239,18.015521075274492,63.57666123182514,16.50408110747466,64.2465695434571,16.27889767208615,64.05586265462239,18.015521075274492,56.29786026746967,17.9230396167652,63.57666123182514,16.50408110747466,64.2465695434571,16.27889767208615
73.92279722222224,16.039875884184966,63.95519502224397,15.106067554370776,63.34568608398445,16.57246357685811,56.56377147894966,17.504986737225508,64.32966096462678,16.94390209301098,63.51825366346577,15.599835370038006,63.95519502224397,15.106067554370776,64.32966096462678,16.94390209301098,56.56377147894966,17.504986737225508,63.51825366346577,15.599835370038006,63.95519502224397,15.106067554370776
74.15243055555561,16.039875884184966,63.84295603434259,14.390219198690879,63.2055853949654,15.721719277871621,56.41649576822931,17.797549685916387,64.3204739040799,15.985829946157095,63.467043050130314,14.795624604096284,63.84295603434259,14.390219198690879,64.3204739040799,15.985829946157095,56.41649576822931,17.797549685916387,63.467043050130314,14.795624604096284,63.84295603434259,14.390219198690879
74.68824166666673,16.031749877929684,63.90994763319236,13.7555871911951,63.36479094238291,15.170202306798986,56.722306065538305,18.236054291596282,64.43909107259117,15.301104571368244,63.4828973605687,14.179445008973818,63.90994763319236,13.7555871911951,64.43909107259117,15.301104571368244,56.722306065538305,18.236054291596282,63.4828973605687,14.179445008973818,63.90994763319236,13.7555871911951
75.07096388888897,16.031749877929684,63.98822649603949,13.263449179159629,63.28238543158636,15.024051150760135,56.99271342773443,18.58820239917652,63.874465441894586,15.13511204075169,63.57795919596356,13.771970181851774,63.98822649603949,13.263449179159629,63.874465441894586,15.13511204075169,56.99271342773443,18.58820239917652,63.57795919596356,13.771970181851774,63.98822649603949,13.263449179159629
75.45368611111121,16.031749877929684,64.12423190104175,12.73543239284206,63.32744251980262,14.60597022804054,57.39324435221363,18.58680683857686,64.61362195638026,14.604226602090371,63.57829362114808,13.322162525073901,64.12423190104175,12.73543239284206,64.61362195638026,14.604226602090371,57.39324435221363,18.58680683857686,63.57829362114808,13.322162525073901,64.12423190104175,12.73543239284206
75.75986388888907,16.059427589210305,65.2771080159506,14.025321341849661,63.39415818684904,14.324492583403716,57.723927745225865,18.34874663481841,65.00368323160819,14.44807227882179,63.37855353190116,13.207176414695946,65.2771080159506,14.025321341849661,65.00368323160819,14.44807227882179,57.723927745225865,18.34874663481841,63.37855353190116,13.207176414695946,65.2771080159506,14.025321341849661
76.33394722222226,16.059427589210305,65.63671296251096,12.907367603198901,63.974448456488744,13.822138605891046,58.26958395453562,18.03981636665963,65.63989357231992,14.506796347128379,65.03996969672312,13.139108193887246,65.63671296251096,12.907367603198901,65.63989357231992,14.506796347128379,58.26958395453562,18.03981636665963,65.03996969672312,13.139108193887246,65.63671296251096,12.907367603198901
76.7549416666667,16.05658246014569,66.21653783772797,13.121407998574746,65.16299729003913,14.269351443728885,58.41824292263459,17.28703349345439,66.2922909437392,14.878630766997466,65.65682256673188,13.387554271801099,66.21653783772797,13.121407998574746,66.2922909437392,14.878630766997466,58.41824292263459,17.28703349345439,65.65682256673188,13.387554271801099,66.21653783772797,13.121407998574746
77.1950722222224,16.083084056957347,67.69696685519762,14.614450815561655,66.05253393961596,14.415517446157095,58.59549675564244,16.38066967113598,66.86199320204003,15.304875554265204,66.66145795762816,13.728934623099661,67.69696685519762,14.614450815561655,66.86199320204003,15.304875554265204,58.59549675564244,16.38066967113598,66.66145795762816,13.728934623099661,67.69696685519762,14.614450815561655
77.52038611111118,16.079147701778925,68.4724743611655,15.075332229201859,66.82524061008041,14.519410829286318,58.9209089789498,15.904775258657095,67.48688374430344,15.529197899070946,67.57397921685117,13.970787254539696,68.4724743611655,15.075332229201859,67.48688374430344,15.529197899070946,58.9209089789498,15.904775258657095,67.57397921685117,13.970787254539696,68.4724743611655,15.075332229201859
77.94138055555561,16.079147701778925,68.92061503906257,15.13616283519848,67.26504151204438,14.62333885399071,59.69554111870673,15.456790408572635,67.93802192654096,15.64651736697635,68.04219791802313,14.058399097339526,68.92061503906257,15.13616283519848,67.93802192654096,15.64651736697635,59.69554111870673,15.456790408572635,68.04219791802313,14.058399097339526,68.92061503906257,15.13616283519848
78.47719166666673,16.079147701778925,69.55748256700315,15.24382225242821,67.97218847927525,14.661150958086994,60.49649573025181,15.236201105891046,68.55285491536472,15.769834776182432,68.81063605007603,14.188638223184121,69.55748256700315,15.24382225242821,68.55285491536472,15.769834776182432,60.49649573025181,15.236201105891046,68.81063605007603,14.188638223184121,69.55748256700315,15.24382225242821
78.91732222222231,16.04466933791702,70.04431518961599,15.365283862964526,68.50483900689028,14.80792236328125,60.94672929958779,14.795886890308276,69.11155219590944,15.867754961993244,69.24665266655825,14.284583839210304,70.04431518961599,15.365283862964526,69.11155219590944,15.867754961993244,60.94672929958779,14.795886890308276,69.24665266655825,14.284583839210304,70.04431518961599,15.365283862964526
79.26177222222225,16.04466933791702,70.42988932156038,15.696833430109796,68.78595740288631,14.943436906144425,61.258993427191854,14.36871997730152,69.34882276611336,16.06042645428632,69.61449693332247,14.493352116765204,70.42988932156038,15.696833430109796,69.34882276611336,16.06042645428632,61.258993427191854,14.36871997730152,69.61449693332247,14.493352116765204,70.42988932156038,15.696833430109796
79.70190277777783,16.04466933791702,70.61987746175134,16.047571130701012,69.1717853190105,15.166480811866554,61.60481788465722,13.920269940350506,69.63624251302087,16.30264529666385,69.9844692721897,14.79367477829392,70.61987746175134,16.047571130701012,69.63624251302087,16.30264529666385,61.60481788465722,13.920269940350506,69.9844692721897,14.79367477829392,70.61987746175134,16.047571130701012
80.21857777777791,16.097617764859585,70.86264448242196,16.8433837890625,69.6100945692275,15.58333938186233,62.02196488986556,13.561966354782516,69.80409311794722,16.781395164695947,70.47327155083565,15.349708350929054,70.86264448242196,16.8433837890625,69.80409311794722,16.781395164695947,62.02196488986556,13.561966354782516,70.47327155083565,15.349708350929054,70.86264448242196,16.8433837890625
80.60130000000004,16.097617764859585,71.32305682915592,17.36267254803632,70.10088886040592,16.0740966796875,62.4198051812067,13.402324779613599,70.26901613227005,17.294268633868242,70.99607539062504,15.92182716163429,71.32305682915592,17.36267254803632,70.26901613227005,17.294268633868242,62.4198051812067,13.402324779613599,70.99607539062504,15.92182716163429,71.32305682915592,17.36267254803632
80.92661388888894,16.097617764859585,71.91135340440542,18.203326251055742,70.60355904541018,16.773013553103887,63.24686365831167,13.67297445761191,70.65974444986989,18.07090305637669,71.51393739556215,16.67976833034206,71.91135340440542,18.203326251055742,70.65974444986989,18.07090305637669,63.24686365831167,13.67297445761191,71.51393739556215,16.67976833034206,71.91135340440542,18.203326251055742
81.27106388888899,16.099518168681374,72.4156714328343,18.868206952069258,71.23010506049275,17.46961933857686,64.30502656250019,14.2256139806799,71.25726061876105,18.7372766443201,72.19574396294502,17.445653966955238,72.4156714328343,18.868206952069258,71.25726061876105,18.7372766443201,64.30502656250019,14.2256139806799,72.19574396294502,17.445653966955238,72.4156714328343,18.868206952069258
81.71119444444457,16.099518168681374,72.89003762478308,19.344409839527028,71.72836312527136,17.96224563186233,65.1429130588109,14.996072305215371,71.74393387179919,19.30932122307855,72.66440082465283,17.90782866606841,72.89003762478308,19.344409839527028,71.74393387179919,19.30932122307855,65.1429130588109,14.996072305215371,72.66440082465283,17.90782866606841,72.89003762478308,19.344409839527028
82.15132500000016,16.099518168681374,73.40807192789725,19.742929819467907,72.30613050130216,18.425207189611488,65.63211079372843,15.77603396853885,72.41119828423405,19.722273543074323,73.2695212754993,18.353200551625843,73.40807192789725,19.742929819467907,72.41119828423405,19.722273543074323,65.63211079372843,15.77603396853885,73.2695212754993,18.353200551625843,73.40807192789725,19.742929819467907
82.49577499999998,16.095888506915117,73.82926939832907,20.050073572107262,72.57520716959641,18.790537241342907,65.90123154296873,15.865656672297296,72.75190055609812,20.089588062183278,73.52336373833555,18.6329906566723,73.82926939832907,20.050073572107262,72.75190055609812,20.089588062183278,65.90123154296873,15.865656672297296,73.52336373833555,18.6329906566723,73.82926939832907,20.050073572107262
82.85936111111118,16.10945421373522,74.32157356770836,20.22509765625,72.93701647949229,19.14063984638936,66.28793132866758,15.782571328652871,73.22401819525828,20.389549461570947,73.84708711073142,18.88532318940034,74.32157356770836,20.22509765625,73.22401819525828,20.389549461570947,66.28793132866758,15.782571328652871,73.84708711073142,18.88532318940034,74.32157356770836,20.22509765625
83.16553888888905,16.10945421373522,74.41821765407997,20.031720135663008,73.00317520073793,19.14643158783784,66.79311931966151,15.700813912056589,73.40199925672755,20.348731788429053,73.91736909586598,18.773630503061657,74.41821765407997,20.031720135663008,73.40199925672755,20.348731788429053,66.79311931966151,15.700813912056589,73.91736909586598,18.773630503061657,74.41821765407997,20.031720135663008
83.72048611111109,16.120180268158784,74.92759026421447,18.667810388513512,73.53621419270837,18.713395402238177,67.24966091579859,15.504274110536318,74.09819369845923,19.79990696262669,74.3348490397135,18.172924144847972,74.92759026421447,18.667810388513512,74.09819369845923,19.79990696262669,67.24966091579859,15.504274110536318,74.3348490397135,18.172924144847972,74.92759026421447,18.667810388513512
83.98839166666664,16.120180268158784,75.36232524685329,18.086651776288008,73.81140666775173,18.01660321209882,67.00408617892799,15.52041213576858,74.50161171196828,19.01056073163007,74.5052568671332,17.396156104835303,75.36232524685329,18.086651776288008,74.50161171196828,19.01056073163007,67.00408617892799,15.52041213576858,74.5052568671332,17.396156104835303,75.36232524685329,18.086651776288008
84.42852222222223,16.120180268158784,75.78248967692059,17.18880153346706,74.19652674560552,17.300566802153718,67.26560413140191,15.538585765941724,75.01541593967022,18.123172244510137,74.76658069390191,16.601537756017738,75.78248967692059,17.18880153346706,75.01541593967022,18.123172244510137,67.26560413140191,15.538585765941724,74.76658069390191,16.601537756017738,75.78248967692059,17.18880153346706
84.71556388888894,16.120180268158784,75.97016695692275,16.660288217905407,74.54934481336807,16.733584842166387,67.45144950900612,15.8144250818201,75.31639651014541,17.56856392525338,75.09337744004995,16.016604861697637,75.97016695692275,16.660288217905407,75.31639651014541,17.56856392525338,67.45144950900612,15.8144250818201,75.09337744004995,16.016604861697637,75.97016695692275,16.660288217905407
85.13655833333337,16.07973233609586,76.39198198513463,16.376134923986488,74.83637302381737,16.51145316459037,67.61751706000439,16.39306805584882,75.68881036105688,17.21359665329392,75.32836046413854,15.800576699746621,76.39198198513463,16.376134923986488,75.68881036105688,17.21359665329392,67.61751706000439,16.39306805584882,75.32836046413854,15.800576699746621,76.39198198513463,16.376134923986488
85.61496111111114,16.07638609190245,76.74910621202264,16.26029514622044,74.96381602376312,16.089494035050677,67.7523325981989,17.16339936127534,76.04919573025177,17.15332526129645,75.86776788058819,15.744978621199325,76.74910621202264,16.26029514622044,76.04919573025177,17.15332526129645,67.7523325981989,17.16339936127534,75.86776788058819,15.744978621199325,76.74910621202264,16.26029514622044
85.84459444444451,16.130800896721915,76.80054232042107,16.15456081081081,74.8223055921768,15.92450611011402,67.64735594618071,17.90235034839527,76.10551549886077,17.057397790857262,75.81312064887163,15.581491831186655,76.80054232042107,16.15456081081081,76.10551549886077,17.057397790857262,67.64735594618071,17.90235034839527,75.81312064887163,15.581491831186655,76.80054232042107,16.15456081081081
86.2464527777779,16.130800896721915,77.32131833089204,16.17685348923142,75.1995260674372,16.11130173141892,67.89233019205733,18.212357804581927,76.51779219428181,16.916032120988177,76.27792996419282,15.460023622255068,77.32131833089204,16.17685348923142,76.51779219428181,16.916032120988177,67.89233019205733,18.212357804581927,76.27792996419282,15.460023622255068,77.32131833089204,16.17685348923142
86.49522222222242,16.079117580104516,77.73474875895192,15.983772896431589,75.96635344102663,15.9255090661951,68.41402342393678,17.90837963207348,76.92268024359828,16.76384838207348,76.60769560411256,15.209754737647804,77.73474875895192,15.983772896431589,76.92268024359828,16.76384838207348,68.41402342393678,17.90837963207348,76.60769560411256,15.209754737647804,77.73474875895192,15.983772896431589
86.99276111111124,16.079117580104516,78.29893634304483,15.892838761613175,76.60028132052958,15.821698163006756,69.37897293023013,17.54789940086571,77.47642233886722,16.675302866342907,77.22574332275394,15.104226602090371,78.29893634304483,15.892838761613175,77.47642233886722,16.675302866342907,69.37897293023013,17.54789940086571,77.22574332275394,15.104226602090371,78.29893634304483,15.892838761613175
87.33721111111117,16.102556350295608,78.86831954345712,15.938732250316724,77.25159828423398,15.802576013513514,69.97025079752609,17.0576452306799,78.04813335232211,16.69198195998733,77.8196406155057,15.112344277871621,78.86831954345712,15.938732250316724,78.04813335232211,16.69198195998733,69.97025079752609,17.0576452306799,77.8196406155057,15.112344277871621,78.86831954345712,15.938732250316724
87.52857222222224,16.131848309491133,79.25322906901044,16.21497406830659,77.59149268663202,15.920075287690034,70.09073313802094,16.362939783044762,78.36422150065107,16.863297745988177,78.21435899929475,15.289893897804054,79.25322906901044,16.21497406830659,78.36422150065107,16.863297745988177,70.09073313802094,16.362939783044762,78.21435899929475,15.289893897804054,79.25322906901044,16.21497406830659
87.87302222222229,16.123100701409413,79.43493814968542,16.61650951488598,77.86995520562073,16.021745011613177,70.20552310384119,15.862537280933276,78.50654934217675,17.13458086993243,78.52759629855689,15.480750831397804,79.43493814968542,16.61650951488598,78.50654934217675,17.13458086993243,70.20552310384119,15.862537280933276,78.52759629855689,15.480750831397804,79.43493814968542,16.61650951488598
88.160063888889,16.123100701409413,79.67659763454867,17.127416662267738,78.11657718777133,16.37849879909206,70.30943047960079,15.447661528716216,78.59062792154953,17.527089711782093,78.89503737250436,15.89962356154983,79.67659763454867,17.127416662267738,78.59062792154953,17.527089711782093,70.30943047960079,15.447661528716216,78.89503737250436,15.89962356154983,79.67659763454867,17.127416662267738
88.65760277777781,16.12513528359903,80.22126244574656,17.32758228198902,78.69347280002171,16.49996040962838,70.90983395182286,15.217971389358109,79.1812081244575,17.77353317673142,79.46957974039708,16.055423221072637,80.22126244574656,17.32758228198902,79.1812081244575,17.77353317673142,70.90983395182286,15.217971389358109,79.46957974039708,16.055423221072637,80.22126244574656,17.32758228198902
88.90637222222233,16.12513528359903,80.02803817681217,18.29899638407939,78.81645641682951,16.75865214579814,71.17928244628911,15.422686602618244,78.87153810221355,18.23426612647804,79.67785659722233,16.53410380595439,80.02803817681217,18.29899638407939,78.87153810221355,18.23426612647804,71.17928244628911,15.422686602618244,79.67785659722233,16.53410380595439,80.02803817681217,18.29899638407939
89.34650277777791,16.12513528359903,80.29065306667758,18.98814433329814,79.17617400173617,17.47019999736064,71.5152598985461,15.75037280933277,79.3707990085179,18.875090727934968,80.045006060113,17.38493553367821,80.29065306667758,18.98814433329814,79.3707990085179,18.875090727934968,71.5152598985461,15.75037280933277,80.045006060113,17.38493553367821,80.29065306667758,18.98814433329814
89.57613611111117,16.12513528359903,80.65371094699435,19.597219106313343,79.39845514187289,18.293135359480573,71.85332727322054,16.035180993982262,79.5722290134006,19.62652587890625,80.31726736382382,18.17721970016892,80.65371094699435,19.597219106313343,79.5722290134006,19.62652587890625,71.85332727322054,16.035180993982262,80.31726736382382,18.17721970016892,80.65371094699435,19.597219106313343
90.0736750000001,16.163489759290538,81.34692346055783,20.19753615920608,80.15286302897141,18.93888401340794,72.62984090711814,16.30688641522382,80.3064690199111,20.22839520428632,81.06892103949656,18.798288706186657,81.34692346055783,20.19753615920608,80.3064690199111,20.22839520428632,72.62984090711814,16.30688641522382,81.06892103949656,18.798288706186657,81.34692346055783,20.19753615920608
90.45639722222222,nan,81.84238948432073,20.347888843433278,80.53210455186638,19.237811114336992,73.38361788465716,16.290687354835303,80.75793039143878,20.519391034100508,81.42597034912114,18.97698149809966,81.84238948432073,20.347888843433278,80.75793039143878,20.519391034100508,73.38361788465716,16.290687354835303,81.42597034912114,18.97698149809966,81.84238948432073,20.347888843433278
90.66689444444455,nan,82.18540505099838,20.41389918971706,80.72229402126743,19.46873680320946,73.88144658203134,16.262367042335303,81.09109047580307,20.72857006176098,81.64151907823361,19.176545014252532,82.18540505099838,20.41389918971706,81.09109047580307,20.72857006176098,73.88144658203134,16.262367042335303,81.64151907823361,19.176545014252532,82.18540505099838,20.41389918971706
90.99220833333345,nan,82.48026578776046,20.4264856286951,81.02860563151046,19.546553328230573,74.49422079806868,16.302053090688343,81.43875170898446,20.770702465160472,81.9495447591147,19.19477638038429,82.48026578776046,20.4264856286951,81.43875170898446,20.770702465160472,74.49422079806868,16.302053090688343,81.9495447591147,19.19477638038429,82.48026578776046,20.4264856286951
91.27925000000016,nan,82.74131580268022,19.82288422455659,81.27743335639116,19.240034773543073,74.87603141276054,16.42277733055321,81.82444314236125,20.35560401710304,82.09095739067936,18.71765961518159,82.74131580268022,19.82288422455659,81.82444314236125,20.35560401710304,74.87603141276054,16.42277733055321,82.09095739067936,18.71765961518159,82.74131580268022,19.82288422455659
91.8724694444445,nan,83.2839065850153,18.665637866870778,81.81890685628264,18.65788970122466,75.11014542914506,16.70582539326436,82.47364538845488,19.715328732052363,82.57284616699224,18.046160723711992,83.2839065850153,18.665637866870778,82.47364538845488,19.715328732052363,75.11014542914506,16.70582539326436,82.57284616699224,18.046160723711992,83.2839065850153,18.665637866870778
92.12123888888891,nan,83.13288219265417,17.361026248416387,81.8820556749132,17.954876873944258,74.79846633300781,17.170142921241553,82.7854175252279,18.721920528927363,82.43141700981994,17.250450340477197,83.13288219265417,17.361026248416387,82.7854175252279,18.721920528927363,74.79846633300781,17.170142921241553,82.43141700981994,17.250450340477197,83.13288219265417,17.361026248416387
92.42741666666677,nan,83.23727774386941,16.31212884026605,82.14312084282778,17.209881756756758,74.575659193251,17.53599754539696,83.1020925021702,17.82758393158784,82.59258288574222,16.40875903980152,83.23727774386941,16.31212884026605,83.1020925021702,17.82758393158784,74.575659193251,17.53599754539696,82.59258288574222,16.40875903980152,83.23727774386941,16.31212884026605
92.82927500000005,nan,84.01343841145842,15.905006202491554,82.53841026746966,16.449764767208613,74.91192846950958,17.794342865815032,83.50938381212029,17.03850658519848,82.97033402777788,15.602354307432432,84.01343841145842,15.905006202491554,83.50938381212029,17.03850658519848,74.91192846950958,17.794342865815032,82.97033402777788,15.602354307432432,84.01343841145842,15.905006202491554
93.32681388888898,nan,84.56260287000873,15.377735034839526,82.46352246636297,15.941749366554054,75.62337862684467,17.87708179370777,83.62961438530829,16.29545139622044,83.34773877495672,15.091940390097129,84.56260287000873,15.377735034839526,83.62961438530829,16.29545139622044,75.62337862684467,17.87708179370777,83.34773877495672,15.091940390097129,84.56260287000873,15.377735034839526
93.70953611111122,nan,84.97089967041029,15.305855415962839,83.28832486843544,15.720604149070946,76.29991052788648,17.695993784311657,84.38090587565114,16.0951488597973,83.80627852918849,15.12141212257179,84.97089967041029,15.305855415962839,84.38090587565114,16.0951488597973,76.29991052788648,17.695993784311657,83.80627852918849,15.12141212257179,84.97089967041029,15.305855415962839
94.03485,nan,85.44461969401038,14.651053763724661,83.57758562961158,15.1781946130701,77.0757147325304,17.446752599767738,84.8730449530708,15.607166187183276,83.31714268391931,14.169064083614865,85.44461969401038,14.651053763724661,84.8730449530708,15.607166187183276,77.0757147325304,17.446752599767738,83.31714268391931,14.169064083614865,85.44461969401038,14.651053763724661
94.39843611111121,nan,85.90109622667103,14.44485721072635,83.67687510308167,14.5466589025549,77.54272491590712,17.206031593116553,85.08641506754566,15.281037201752534,84.60199174804688,13.92916622677365,85.90109622667103,14.44485721072635,85.08641506754566,15.281037201752534,77.54272491590712,17.206031593116553,84.60199174804688,13.92916622677365,85.90109622667103,14.44485721072635
94.70461388888896,nan,86.45399675564249,14.47592575485642,84.70190714925138,14.499160354201859,77.72654924587687,17.3610559411951,85.67896471218546,15.35586795291385,85.17562558051225,13.766082763671875,86.45399675564249,14.47592575485642,85.67896471218546,15.35586795291385,77.72654924587687,17.3610559411951,85.17562558051225,13.766082763671875,86.45399675564249,14.47592575485642
95.39351388888883,nan,86.86669571940104,14.64185889991554,85.0594600016276,14.589358767947635,78.01114050292972,17.30476173194679,86.02803961181644,15.453860721072635,85.64222960747611,13.85796459301098,86.86669571940104,14.64185889991554,86.02803961181644,15.453860721072635,78.01114050292972,17.30476173194679,85.64222960747611,13.85796459301098,86.86669571940104,14.64185889991554
95.64228333333335,nan,86.85031233859593,15.457055993982264,85.09891276855478,14.980099239864865,77.75856886935765,17.424291662267738,85.82158258192283,16.01263592694257,85.80520820583774,14.391555373733109,86.85031233859593,15.457055993982264,85.82158258192283,16.01263592694257,77.75856886935765,17.424291662267738,85.80520820583774,14.391555373733109,86.85031233859593,15.457055993982264
96.0632777777779,nan,87.44971000162764,16.4141284839527,85.62899144829646,15.696056469066724,77.73576821560334,17.36316412848395,86.14041604275178,16.74351047825169,86.39869393581819,15.224964038745776,87.44971000162764,16.4141284839527,86.14041604275178,16.74351047825169,77.73576821560334,17.36316412848395,86.39869393581819,15.224964038745776,87.44971000162764,16.4141284839527
96.33118333333334,nan,87.70876545952694,17.039168074324323,86.03050380859383,16.387371991131758,78.06384595811642,17.129872914907093,86.52853796793624,17.47640083931588,86.90484768066415,15.93502560177365,87.70876545952694,17.039168074324323,86.52853796793624,17.47640083931588,78.06384595811642,17.129872914907093,86.90484768066415,15.93502560177365,87.70876545952694,17.039168074324323
97.03921944444448,nan,88.63279905463332,17.78503912848395,87.13369847547756,16.88044532569679,79.17938837619363,16.86277152396537,87.53093476969411,18.133929278399492,87.98906634792763,16.49027561497044,88.63279905463332,17.78503912848395,87.53093476969411,18.133929278399492,79.17938837619363,16.86277152396537,87.98906634792763,16.49027561497044,88.63279905463332,17.78503912848395
97.3262611111112,nan,89.00848665635863,17.895951554581927,87.44690472683385,16.954871925147803,79.62445514865465,16.609208390519427,87.88055103488512,18.23809814453125,88.28961458604613,16.54811714790963,89.00848665635863,17.895951554581927,87.88055103488512,18.23809814453125,79.62445514865465,16.609208390519427,88.28961458604613,16.54811714790963,89.00848665635863,17.895951554581927
97.74725555555563,nan,89.38807213812936,17.890349516997468,87.84774994032125,16.99614653716216,80.11199825846359,16.03383492134713,88.27802405598959,18.26659661370355,88.68516245659725,16.56901096653294,89.38807213812936,17.890349516997468,88.27802405598959,18.26659661370355,80.11199825846359,16.03383492134713,88.68516245659725,16.56901096653294,89.38807213812936,17.890349516997468
98.03429722222222,nan,89.54645847710503,18.132484229835303,88.03697174886076,17.11552470439189,80.41170641547308,15.763173696157095,88.41156145697698,18.371816274282093,88.88924039171013,16.726783546241553,89.54645847710503,18.132484229835303,88.41156145697698,18.371816274282093,80.41170641547308,15.763173696157095,88.88924039171013,16.726783546241553,89.54645847710503,18.132484229835303
98.4744277777778,nan,89.85325434299057,18.589154217694258,88.36017335611984,17.26089889938767,80.88475356987851,15.718622980891046,88.49392851019968,18.653717865815032,89.24684378662118,17.027257970861488,89.85325434299057,18.589154217694258,88.49392851019968,18.653717865815032,80.88475356987851,15.718622980891046,89.24684378662118,17.027257970861488,89.85325434299057,18.589154217694258
98.91455833333339,nan,90.19160029839406,19.182335106102197,88.80456196153432,17.702837969805742,81.1971714518229,15.892235008445946,88.81020093180337,19.1115062816723,89.68808484293618,17.52311252903294,90.19160029839406,19.182335106102197,88.81020093180337,19.1115062816723,81.1971714518229,15.892235008445946,89.68808484293618,17.52311252903294,90.19160029839406,19.182335106102197
99.33555277777782,nan,90.4153850667318,19.940099767736488,89.22015903320312,18.404651538745778,81.60606228569884,16.21168476826436,89.25025953776048,19.724640717377532,90.12565626627611,18.380273767419762,90.4153850667318,19.940099767736488,89.25025953776048,19.724640717377532,81.60606228569884,16.21168476826436,90.12565626627611,18.380273767419762,90.4153850667318,19.940099767736488
99.68000277777787,nan,90.87229488525406,20.494640453441722,89.68766268988725,19.04804126636402,82.1107160074871,16.520517710092907,89.73951629367423,20.468585040118242,90.56123005913639,18.925634435705238,90.87229488525406,20.494640453441722,89.73951629367423,20.468585040118242,82.1107160074871,16.520517710092907,90.56123005913639,18.925634435705238,90.87229488525406,20.494640453441722
99.98618055555562,nan,91.49912594265413,20.602875580658782,90.17391791449666,19.4384204761402,82.84939907497835,16.466704497466218,90.29893317328572,20.77478852143159,91.07186289469405,19.24013869826858,91.49912594265413,20.602875580658782,90.29893317328572,20.77478852143159,82.84939907497835,16.466704497466218,91.07186289469405,19.24013869826858,91.49912594265413,20.602875580658782
100.54112777777789,nan,92.11653247477227,20.625933672930742,90.72619484863287,19.580183699324323,83.71296378309466,16.20375019795186,90.93851835530609,20.89080975506757,91.62017593451617,19.33294512774493,92.11653247477227,20.625933672930742,90.93851835530609,20.89080975506757,83.71296378309466,16.20375019795186,91.62017593451617,19.33294512774493,92.11653247477227,20.625933672930742
100.7898972222223,nan,92.27100429823133,20.739193478146113,90.92419152018238,19.659610232791387,84.13670237087683,16.03680419921875,91.15923960232215,20.94556323902027,91.79275994059253,19.395192739125843,92.27100429823133,20.739193478146113,91.15923960232215,20.94556323902027,84.13670237087683,16.03680419921875,91.79275994059253,19.395192739125843,92.27100429823133,20.739193478146113
101.13434722222223,nan,92.67596387396918,20.74901683910473,91.33929056125226,19.64784694362331,84.43274301486554,15.954687170080236,91.5565290934245,20.93078448321368,92.20440456136078,19.428640004750843,92.67596387396918,20.74901683910473,91.5565290934245,20.93078448321368,84.43274301486554,15.954687170080236,92.20440456136078,19.428640004750843,92.67596387396918,20.74901683910473
101.47879722222228,nan,92.98157347412109,20.59518185177365,91.68338706597228,19.42738136085304,84.71481169433594,15.935678842905405,91.92976564670141,20.7007495777027,92.61203527289501,19.25211478568412,92.98157347412109,20.59518185177365,91.92976564670141,20.7007495777027,84.71481169433594,15.935678842905405,92.61203527289501,19.25211478568412,92.98157347412109,20.59518185177365
101.82324722222222,nan,93.13921266276043,19.896867081925677,91.8200615261502,19.02609005489865,84.80592171495232,16.134633657094593,92.13746129286028,20.206783810177363,92.66463719618059,18.7178674646326,93.13921266276043,19.896867081925677,92.13746129286028,20.206783810177363,84.80592171495232,16.134633657094593,92.66463719618059,18.7178674646326,93.13921266276043,19.896867081925677
102.32078611111115,nan,93.63674731309686,19.034766944679053,92.20021709391278,18.68718822582348,84.89012035319013,16.563357791385137,92.7596153211806,19.74696803737331,92.96236648084857,18.14845234638936,93.63674731309686,19.034766944679053,92.7596153211806,19.74696803737331,84.89012035319013,16.563357791385137,92.96236648084857,18.14845234638936,93.63674731309686,19.034766944679053
102.68437222222224,nan,93.9536228800456,18.595562909100508,92.49435876057942,18.391720333614863,84.76285665147566,17.15172020164696,93.16834032118061,19.31591961834882,93.23755249294709,17.79251346072635,93.9536228800456,18.595562909100508,93.16834032118061,19.31591961834882,84.76285665147566,17.15172020164696,93.23755249294709,17.79251346072635,93.9536228800456,18.595562909100508
103.06709444444448,nan,94.32209254557301,18.20448921822213,92.8200343044706,18.15727275126689,84.91946396484377,17.513396391997468,93.62727426079653,19.021032384923988,93.38927529839418,17.53145290065456,94.32209254557301,18.20448921822213,93.62727426079653,19.021032384923988,84.91946396484377,17.513396391997468,93.38927529839418,17.53145290065456,94.32209254557301,18.20448921822213
103.44981666666672,nan,94.79016395670578,18.04653518264358,92.9100615871854,17.955528465477197,85.3202424207899,17.86392459353885,94.00220008951828,18.656050398543073,93.82930698920359,17.279958364125843,94.79016395670578,18.04653518264358,94.00220008951828,18.656050398543073,85.3202424207899,17.86392459353885,93.82930698920359,17.279958364125843,94.79016395670578,18.04653518264358
103.87081111111127,nan,95.33710529378266,17.61775661159206,93.3325793674046,17.76007245038007,86.13418120117205,17.70093433277027,94.43459030626093,18.5291467615076,94.02620492350275,17.02813885663007,95.33710529378266,17.61775661159206,94.43459030626093,18.5291467615076,86.13418120117205,17.70093433277027,94.02620492350275,17.02813885663007,95.33710529378266,17.61775661159206
104.2535333333334,nan,95.74324043240028,17.537635597022803,93.88629836154519,17.271291371938343,86.86798272840724,17.32493632548564,94.80189606526699,17.94663547825169,94.80478760579433,16.31466262404983,95.74324043240028,17.537635597022803,94.80189606526699,17.94663547825169,86.86798272840724,17.32493632548564,94.80478760579433,16.31466262404983,95.74324043240028,17.537635597022803
104.77020833333336,nan,96.5381891208225,16.31403412690034,94.65616160074876,16.52791286159206,87.3403936767578,17.212182947107262,95.65474168565538,17.15559840846706,95.39887298583983,15.797538138724661,96.5381891208225,16.31403412690034,95.65474168565538,17.15559840846706,87.3403936767578,17.212182947107262,95.39887298583983,15.797538138724661,96.5381891208225,16.31403412690034
105.03811388888892,nan,96.26537659776477,15.139749063027871,95.19552949083118,16.142493995460303,87.45984477810327,17.09812308646537,96.14018925374353,16.76374115815034,95.67808276095923,15.294314822635135,96.26537659776477,15.139749063027871,96.14018925374353,16.76374115815034,87.45984477810327,17.09812308646537,95.67808276095923,15.294314822635135,96.26537659776477,15.139749063027871
105.36342777777782,nan,96.63195703396264,14.85111545872044,95.471149742296,15.68123977248733,87.70400903591576,17.44918410842483,96.43109796413842,16.29655002903294,95.92682211235899,14.86735740867821,96.63195703396264,14.85111545872044,96.43109796413842,16.29655002903294,87.70400903591576,17.44918410842483,95.92682211235899,14.86735740867821,96.63195703396264,14.85111545872044
105.89923888888893,nan,97.15064354519325,14.351537756017736,95.98777886013465,15.32941333667652,88.54373453504786,17.799699113175677,96.99238277587904,15.902531804265204,96.51145202365456,14.457950076541385,97.15064354519325,14.351537756017736,96.99238277587904,15.902531804265204,88.54373453504786,17.799699113175677,96.51145202365456,14.457950076541385,97.15064354519325,14.351537756017736
106.14800833333345,nan,97.3933272759333,13.800993223448057,96.41442424723323,14.863083298141891,89.01034184299056,17.910418536211992,97.43211850857222,15.381167849978885,96.71687887776704,14.011758340371621,97.3933272759333,13.800993223448057,97.43211850857222,15.381167849978885,89.01034184299056,17.910418536211992,96.71687887776704,14.011758340371621,97.3933272759333,13.800993223448057
106.53073055555569,nan,97.49164262424051,13.169742893528294,96.67453616536466,14.530948123416385,89.44132591959647,17.466956886085303,97.66853352728958,14.848820866765204,96.89843685438382,13.52385732289907,97.49164262424051,13.169742893528294,97.66853352728958,14.848820866765204,89.44132591959647,17.466956886085303,96.89843685438382,13.52385732289907,97.49164262424051,13.169742893528294
106.81777222222229,nan,97.63015184733081,12.906604663745776,96.70936785074878,14.324913231102196,89.60902690158434,16.89798386032517,97.73550615641284,14.717009673247466,97.08176368408215,13.306527627480996,97.63015184733081,12.906604663745776,97.73550615641284,14.717009673247466,89.60902690158434,16.89798386032517,97.08176368408215,13.306527627480996,97.63015184733081,12.906604663745776
107.29617500000006,nan,97.74238861626532,12.65403953758446,96.90901374511725,14.069448110219595,89.6405200927735,16.42568557326858,97.85434065619586,14.478723474451014,97.16874376627618,13.08165844066723,97.74238861626532,12.65403953758446,97.85434065619586,14.478723474451014,89.6405200927735,16.42568557326858,97.16874376627618,13.08165844066723,97.74238861626532,12.65403953758446
107.640625,nan,97.89886898464624,12.104938403980151,97.04588911268445,13.447635135135135,89.62827555338538,16.092784984691722,97.97798919677734,13.572425636085304,97.3099594116211,12.485294651340794,97.89886898464624,12.104938403980151,97.97798919677734,13.572425636085304,89.62827555338538,16.092784984691722,97.3099594116211,12.485294651340794,97.89886898464624,12.104938403980151
108.02334722222224,nan,98.5724059244792,11.683795001055744,97.53415976969404,12.73854601061022,90.21726269531257,15.774009910789696,98.51979022894977,13.085201778927365,97.86739476860896,11.7887433026288,98.5724059244792,11.683795001055744,98.51979022894977,13.085201778927365,90.21726269531257,15.774009910789696,97.86739476860896,11.7887433026288,98.5724059244792,11.683795001055744
108.21470833333342,nan,99.54554431152349,11.900059880437079,97.9964364420573,12.225804509343329,90.62964906141497,15.44785618137669,98.95299043104387,12.7998987146326,98.33787304009331,11.388106887404984,99.54554431152349,11.900059880437079,98.95299043104387,12.7998987146326,90.62964906141497,15.44785618137669,98.33787304009331,11.388106887404984,99.54554431152349,11.900059880437079
108.61656666666681,nan,100.24573231608088,11.812121417071369,98.73022430013032,11.93155979465794,91.34584353569892,15.16514793602196,99.64491325819245,12.733175741659629,99.20250925292987,11.20294271933066,100.24573231608088,11.812121417071369,99.64491325819245,12.733175741659629,91.34584353569892,15.16514793602196,99.20250925292987,11.20294271933066,100.24573231608088,11.812121417071369
109.13324166666678,nan,100.96775755615238,11.929182722761825,99.31533581678616,11.857863967483109,92.44509740668411,14.66168212890625,100.21556791992191,12.79806848474451,99.88747513292105,11.11359962257179,100.96775755615238,11.929182722761825,100.21556791992191,12.79806848474451,92.44509740668411,14.66168212890625,99.88747513292105,11.11359962257179,100.96775755615238,11.929182722761825
109.42028333333337,nan,101.40165828586157,11.831804430162585,99.70978833821619,11.918814169394004,92.75641411132813,13.794511124894425,100.59611375054249,12.7331262536951,100.26673837754993,11.136577709301099,101.40165828586157,11.831804430162585,100.59611375054249,12.7331262536951,92.75641411132813,13.794511124894425,100.26673837754993,11.136577709301099,101.40165828586157,11.831804430162585
109.74559722222227,nan,101.80677225070542,11.479679416965794,100.06170762125657,11.65543592298353,92.57481068250877,13.211510735589105,101.00073858642588,12.413935480891046,100.56599025472008,10.878224140888936,101.80677225070542,11.479679416965794,101.00073858642588,12.413935480891046,92.57481068250877,13.211510735589105,100.56599025472008,10.878224140888936,101.80677225070542,11.479679416965794
110.09004722222232,nan,101.7760806830513,11.720855712890625,100.09119926079654,11.63624449033995,92.38459440917973,12.755300985800254,100.98999025607645,12.529240788640204,100.66639711642802,10.91956886085304,101.7760806830513,11.720855712890625,100.98999025607645,12.529240788640204,92.38459440917973,12.755300985800254,100.66639711642802,10.91956886085304,101.7760806830513,11.720855712890625
110.47276944444445,nan,101.28989794379345,12.149871001372466,99.87028887396923,12.173874313766891,92.20845161404088,12.412139067778716,100.45434360894103,13.273414405616554,100.70159278835729,11.693681046769425,101.28989794379345,12.149871001372466,100.45434360894103,13.273414405616554,92.20845161404088,12.412139067778716,100.70159278835729,11.693681046769425,101.28989794379345,12.149871001372466
110.77894722222231,nan,100.94532990587027,14.780039194467905,99.75935578477652,13.181895488017314,91.97799473470059,12.409102156355575,99.98007501627615,14.417355099239865,100.75786720513247,12.982278359902871,100.94532990587027,14.780039194467905,99.98007501627615,14.417355099239865,91.97799473470059,12.409102156355575,100.75786720513247,12.982278359902871,100.94532990587027,14.780039194467905
111.10426111111121,nan,101.34960209418409,15.70659740551098,100.16808862575965,14.267208614864865,92.14724681532118,12.365802661792651,100.22104255778004,15.490249221389359,101.08749678819447,14.124650285050675,101.34960209418409,15.70659740551098,100.22104255778004,15.490249221389359,92.14724681532118,12.365802661792651,101.08749678819447,14.124650285050675,101.34960209418409,15.70659740551098
111.44871111111115,nan,101.85676588677302,16.440528663429053,100.73016964789497,15.02227783203125,93.15186154242622,12.4788067791913,100.78239709201398,16.343212230785472,101.62710924343537,14.912727974556589,101.85676588677302,16.440528663429053,100.78239709201398,16.343212230785472,93.15186154242622,12.4788067791913,101.62710924343537,14.912727974556589,101.85676588677302,16.440528663429053
111.8314333333334,nan,102.51715059814467,16.86374973606419,101.3734526475696,15.57524974926098,94.10352466905397,13.05689878721495,101.41537956136074,16.903166899809968,102.24105637342677,15.481524493243244,102.51715059814467,16.86374973606419,101.41537956136074,16.903166899809968,94.10352466905397,13.05689878721495,102.24105637342677,15.481524493243244,102.51715059814467,16.86374973606419
112.25242777777783,nan,103.28416605902783,17.18891040698902,102.0263001532661,16.01636566986909,94.88725952419702,13.6187463708826,102.19322282850476,17.229868296030407,102.89881297064892,15.886962890625,103.28416605902783,17.18891040698902,102.19322282850476,17.229868296030407,94.88725952419702,13.6187463708826,102.89881297064892,15.886962890625,103.28416605902783,17.18891040698902
112.53946944444453,nan,103.75644942491328,17.44487865551098,102.58274506564669,16.42625468486064,95.4901682969836,13.736150793127111,102.83821618923616,17.66874901024071,103.43492385118282,16.21778003589527,103.75644942491328,17.44487865551098,102.83821618923616,17.66874901024071,95.4901682969836,13.736150793127111,103.43492385118282,16.21778003589527,103.75644942491328,17.44487865551098
112.96046388888897,nan,104.24319738227007,17.89706008498733,103.00640810275615,16.81956688133446,96.17423613281255,13.803993843697214,103.27023680419927,18.065343908361488,103.90222956814239,16.58392993823902,104.24319738227007,17.89706008498733,103.27023680419927,18.065343908361488,96.17423613281255,13.803993843697214,103.90222956814239,16.58392993823902,104.24319738227007,17.89706008498733
113.24750555555568,nan,104.64961533745668,18.176124366554053,103.42458380262599,17.03304806271115,96.77593776584206,13.687536291173986,103.61350965169277,18.285675873627532,104.37655930718324,16.87601615287162,104.64961533745668,18.176124366554053,103.61350965169277,18.285675873627532,96.77593776584206,13.687536291173986,104.37655930718324,16.87601615287162,104.64961533745668,18.176124366554053
113.82158888888898,nan,105.08246247151703,18.43853924725507,104.07786279432514,17.14325611011402,97.2622355902779,13.600570266311234,104.11358361952045,18.440393396326012,104.91174713948578,17.027434477934968,105.08246247151703,18.43853924725507,104.11358361952045,18.440393396326012,97.2622355902779,13.600570266311234,104.91174713948578,17.027434477934968,105.08246247151703,18.43853924725507
114.14690277777788,nan,105.29438151719842,19.00722359322213,104.34053511555999,17.503314044024492,97.48953210449224,13.90898338524071,104.2634341498482,18.791461016680742,105.22640191650396,17.462047680004222,105.29438151719842,19.00722359322213,104.2634341498482,18.791461016680742,97.48953210449224,13.90898338524071,105.22640191650396,17.462047680004222,105.29438151719842,19.00722359322213
114.47221666666667,nan,105.55895525309245,19.86097016205659,104.65041134847013,18.174469818940032,98.02317424045145,14.563039418813345,104.50627089301224,19.61424461570946,105.58542416585294,18.2138671875,105.55895525309245,19.86097016205659,104.50627089301224,19.61424461570946,98.02317424045145,14.563039418813345,105.58542416585294,18.2138671875,105.55895525309245,19.86097016205659
114.87407500000018,nan,106.15295141059039,20.69969218486064,105.16790926242413,18.989013671875,98.46944073621978,15.38915355785473,105.13497910020635,20.46318920238598,106.07426183539508,19.116872426625843,106.15295141059039,20.69969218486064,105.13497910020635,20.46318920238598,98.46944073621978,15.38915355785473,106.07426183539508,19.116872426625843,106.15295141059039,20.69969218486064
115.2567972222223,nan,106.52267992621535,21.248607738597972,105.52196445855043,19.670731828019427,99.0092945773655,15.47460277660473,105.4761575737848,20.99106247360642,106.44350376519105,19.709766284839528,106.52267992621535,21.248607738597972,105.4761575737848,20.99106247360642,99.0092945773655,15.47460277660473,106.44350376519105,19.709766284839528,106.52267992621535,21.248607738597972
115.77347222222227,nan,107.06747602674704,21.628571381440032,105.94524719238291,20.0941821948902,99.69358907063804,15.550825789168075,105.87963185628257,21.5447338207348,106.85058336046006,20.110313621727197,107.06747602674704,21.628571381440032,105.87963185628257,21.5447338207348,99.69358907063804,15.550825789168075,106.85058336046006,20.110313621727197,107.06747602674704,21.628571381440032
116.15619444444451,nan,107.34732518853093,22.04126636402027,106.26951553683818,20.4840648754223,100.23479077148443,15.65578151393581,106.12067537434905,21.937707849451012,107.18760550944023,20.544334617820947,107.34732518853093,22.04126636402027,106.12067537434905,21.937707849451012,100.23479077148443,15.65578151393581,107.18760550944023,20.544334617820947,107.34732518853093,22.04126636402027
116.46237222222226,nan,107.78848814832907,22.51861572265625,106.70566767985031,20.973121436866553,100.92597322862423,15.904156659100506,106.64143072102866,22.39478198902027,107.55514650743282,21.05424705711571,107.78848814832907,22.51861572265625,106.64143072102866,22.39478198902027,100.92597322862423,15.904156659100506,107.55514650743282,21.05424705711571,107.78848814832907,22.51861572265625
116.74941388888897,nan,108.05009256591802,23.26135913745777,107.16406046142583,21.615135399070947,101.28024851074224,16.38447364600929,106.96276651611333,22.95890189505912,108.038361947971,21.807674923458613,108.05009256591802,23.26135913745777,106.96276651611333,22.95890189505912,101.28024851074224,16.38447364600929,108.038361947971,21.807674923458613,108.05009256591802,23.26135913745777
117.38090555555561,nan,108.57705813666462,23.355199865392738,107.62022355550141,21.793168351456927,101.71566643337678,17.171142578125,107.45641791178389,23.15534766944679,108.50207814263251,21.832366118559968,108.57705813666462,23.355199865392738,107.45641791178389,23.15534766944679,101.71566643337678,17.171142578125,108.50207814263251,21.832366118559968,108.57705813666462,23.355199865392738
117.66794722222232,nan,108.91558380533866,23.533727697423988,107.85840318874796,22.071054819467907,101.64720713704435,17.7313793285473,107.89231839057084,23.335317250844593,108.79554799804703,22.12451171875,108.91558380533866,23.533727697423988,107.89231839057084,23.335317250844593,101.64720713704435,17.7313793285473,108.79554799804703,22.12451171875,108.91558380533866,23.533727697423988
118.03153333333341,nan,109.15245838894316,23.54723626214105,108.04512721896708,22.260651459565032,101.60389559733073,17.99445239917652,108.17396734754777,23.51030669341216,109.01234879692925,22.267894847972972,109.15245838894316,23.54723626214105,108.17396734754777,23.51030669341216,101.60389559733073,17.99445239917652,109.01234879692925,22.267894847972972,109.15245838894316,23.54723626214105
118.45252777777785,nan,109.60053209771058,22.9930980785473,108.24900604926222,22.1244556323902,101.65712101236988,18.06058646537162,108.59756934950087,23.234805545291387,109.16166643608949,21.85346118823902,109.60053209771058,22.9930980785473,108.59756934950087,23.234805545291387,101.65712101236988,18.06058646537162,109.16166643608949,21.85346118823902,109.60053209771058,22.9930980785473
118.79697777777778,nan,109.94992848849836,22.346316775760137,108.54089969346796,21.74031685494088,101.75842729492194,18.0936840160473,108.98426245930989,22.77929027660473,109.37695756835944,21.35865742451436,109.94992848849836,22.346316775760137,108.98426245930989,22.77929027660473,101.75842729492194,18.0936840160473,109.37695756835944,21.35865742451436,109.94992848849836,22.346316775760137
119.25624444444452,nan,110.41278690456829,21.45445292704814,108.94090885281048,21.19281830658784,101.93418057454437,18.068083891997468,109.53349325086822,22.214589711782093,109.57505903998492,20.65982303103885,110.41278690456829,21.45445292704814,109.53349325086822,22.214589711782093,101.93418057454437,18.068083891997468,109.57505903998492,20.65982303103885,110.41278690456829,21.45445292704814
119.65810277777791,nan,111.03477276746969,20.84897757865287,109.47547880859383,20.68565574852196,102.08612198350704,18.18521365603885,110.24090713975704,21.63249412742821,110.10415702446846,20.069062104096282,111.03477276746969,20.84897757865287,110.24090713975704,21.63249412742821,102.08612198350704,18.18521365603885,110.10415702446846,20.069062104096282,111.03477276746969,20.84897757865287
120.05996111111119,nan,111.52088250461168,20.409496410472972,109.97977617458776,20.301896378800677,102.51891327311205,18.635034509607262,110.6885257337783,21.216894201330238,110.55347273491759,19.62158862964527,111.52088250461168,20.409496410472972,110.6885257337783,21.216894201330238,102.51891327311205,18.635034509607262,110.55347273491759,19.62158862964527,111.52088250461168,20.409496410472972
120.46181944444447,nan,111.9761593153213,19.9760082347973,110.44142183430995,19.887678816511823,102.84124110243067,18.88386494404561,111.17127684190541,20.749800398543073,110.98006471761073,19.23759501689189,111.9761593153213,19.9760082347973,111.17127684190541,20.749800398543073,102.84124110243067,18.88386494404561,110.98006471761073,19.23759501689189,111.9761593153213,19.9760082347973
120.9593583333334,nan,112.29065546603738,19.421221758868242,110.83933524169936,19.51458575274493,102.94736322970925,19.433446935705238,111.68378205973318,20.34593901763091,111.47338878987637,18.88889457084037,112.29065546603738,19.421221758868242,111.68378205973318,20.34593901763091,102.94736322970925,19.433446935705238,111.47338878987637,18.88889457084037,112.29065546603738,19.421221758868242
121.26553611111115,nan,112.13469199490021,18.538311932538008,110.84746563585077,19.42193603515625,103.04014006076397,20.159420528927363,111.92113083089191,20.05637503959037,111.58236875949444,18.60861618454392,112.13469199490021,18.538311932538008,111.92113083089191,20.05637503959037,103.04014006076397,20.159420528927363,111.58236875949444,18.60861618454392,112.13469199490021,18.538311932538008
121.64825833333339,nan,112.86708123643677,18.4847131677576,111.29520555826832,19.0184606603674,103.49361898329005,20.90148430901605,112.31429599880653,19.594716664907093,111.85205217692067,18.16252837309966,112.86708123643677,18.4847131677576,112.31429599880653,19.594716664907093,103.49361898329005,20.90148430901605,111.85205217692067,18.16252837309966,112.86708123643677,18.4847131677576
121.97357222222229,nan,112.72890432128918,17.51696117504223,111.75089817030175,18.544225744298988,104.12254717068151,21.023157068201012,112.74432163221582,19.06519379486909,112.1524484632705,17.709678856102197,112.72890432128918,17.51696117504223,112.74432163221582,19.06519379486909,104.12254717068151,21.023157068201012,112.1524484632705,17.709678856102197,112.72890432128918,17.51696117504223
122.31802222222234,nan,113.21723368191192,16.8283410974451,112.30137234022357,18.02083278346706,104.92638675130218,20.55425365551098,113.3318415988499,18.381161251583613,112.65390631646062,17.04876544024493,113.21723368191192,16.8283410974451,113.3318415988499,18.381161251583613,104.92638675130218,20.55425365551098,112.65390631646062,17.04876544024493,113.21723368191192,16.8283410974451
122.77728888888896,nan,113.65367235243059,16.250232593433278,112.81125749647356,17.53640994510135,105.78192925618498,19.925317712732262,113.86996653510198,17.957856049408782,113.1014652533637,16.55942184860642,113.65367235243059,16.250232593433278,113.86996653510198,17.957856049408782,105.78192925618498,19.925317712732262,113.1014652533637,16.55942184860642,113.65367235243059,16.250232593433278
123.21741944444454,nan,114.34020352918844,15.745362977723818,113.36896804199228,16.859676876583613,106.48328858506954,19.261443266997468,114.38077495388461,17.30503391575169,113.63958944769968,16.0018970386402,114.34020352918844,15.745362977723818,114.38077495388461,17.30503391575169,106.48328858506954,19.261443266997468,113.63958944769968,16.0018970386402,114.34020352918844,15.745362977723818
123.54273333333333,nan,114.7691415500218,15.36290184227196,113.71173713785811,16.30366969752956,106.79577661404085,18.754255964949323,114.65434120279951,16.85212006440034,114.02643525119367,15.462595346811655,114.7691415500218,15.36290184227196,114.65434120279951,16.85212006440034,106.79577661404085,18.754255964949323,114.02643525119367,15.462595346811655,114.7691415500218,15.36290184227196
123.98286388888903,nan,115.03547704128698,14.477943214210304,114.21009777560778,15.667915962837839,107.0541037841798,18.65526024070946,115.17895543484167,16.152292612436657,114.41482325303832,14.795306231524494,115.03547704128698,14.477943214210304,115.17895543484167,16.152292612436657,107.0541037841798,18.65526024070946,114.41482325303832,14.795306231524494,115.03547704128698,14.477943214210304
124.49953888888888,nan,115.39374461805562,13.939190838788006,114.47040816514766,14.936472299936655,107.58441844618062,18.707420555320947,115.63516578776046,15.543397645692568,114.80467228461373,14.245120486697635,115.39374461805562,13.939190838788006,115.63516578776046,15.543397645692568,107.58441844618062,18.707420555320947,114.80467228461373,14.245120486697635,115.39374461805562,13.939190838788006
124.80571666666674,nan,115.52702166612426,13.160894445470861,112.9615038167318,15.78982131545608,108.25113258734814,18.88279105521537,115.83340204399963,14.839330724767736,115.01188155653222,13.634716137035474,115.52702166612426,13.160894445470861,115.83340204399963,14.839330724767736,108.25113258734814,18.88279105521537,115.01188155653222,13.634716137035474,115.52702166612426,13.160894445470861
125.15016666666679,nan,116.0390369059246,12.543492497624579,115.05495182291679,14.287147315772804,109.14356978352873,18.786114666913008,116.30025804985905,14.076094343855575,115.50677982584648,12.869685817409206,116.0390369059246,12.543492497624579,116.30025804985905,14.076094343855575,109.14356978352873,18.786114666913008,115.50677982584648,12.869685817409206,116.0390369059246,12.543492497624579
125.41807222222235,nan,116.5137100735135,12.01815548458615,115.78277593044709,13.314312084301099,109.52682161187079,17.98777977195946,116.79906129692938,13.6265399004962,115.87488137207038,12.372920680690456,116.5137100735135,12.01815548458615,116.79906129692938,13.6265399004962,109.52682161187079,17.98777977195946,115.87488137207038,12.372920680690456,116.5137100735135,12.01815548458615
125.74338611111114,nan,117.58968263346355,12.052755819784629,116.25519387071404,12.851096488334036,109.71891779513896,16.99350882865287,117.23494460991753,13.213350038270693,116.3544938313803,11.953069738439611,117.58968263346355,12.052755819784629,117.23494460991753,13.213350038270693,109.71891779513896,16.99350882865287,116.3544938313803,11.953069738439611,117.58968263346355,12.052755819784629
126.18351666666672,nan,117.40337971055783,11.193337930215371,116.62651830783432,12.450524407464105,109.89241627061642,16.05056350295608,117.626442013889,12.83235622096706,116.7627097819011,11.55536548511402,117.40337971055783,11.193337930215371,117.626442013889,12.83235622096706,109.89241627061642,16.05056350295608,116.7627097819011,11.55536548511402,117.40337971055783,11.193337930215371
126.54710277777792,nan,117.82039871012387,10.91931069863809,116.93870942654087,12.058666332347974,109.76772282714853,15.422699799408784,117.87693421902134,12.493718327702704,117.17773750949448,11.174704886771536,117.82039871012387,10.91931069863809,117.87693421902134,12.493718327702704,109.76772282714853,15.422699799408784,117.17773750949448,11.174704886771536,117.82039871012387,10.91931069863809
126.81500833333337,nan,118.49878773193359,11.538429878853464,116.87226948242187,11.89951633762669,109.6001205023872,15.163659997888514,117.84138738878039,12.468916609480575,117.19094590115014,11.072677199904984,118.49878773193359,11.538429878853464,117.84138738878039,12.468916609480575,109.6001205023872,15.163659997888514,117.19094590115014,11.072677199904984,118.49878773193359,11.538429878853464
127.08291388888892,nan,118.49470198160805,12.23813278610642,116.49906090901698,12.139738340635557,109.48712768825953,15.18789920291385,117.53537682698573,13.032211716110641,117.18475952419703,11.403519913956925,118.49470198160805,12.23813278610642,117.53537682698573,13.032211716110641,109.48712768825953,15.18789920291385,117.18475952419703,11.403519913956925,118.49470198160805,12.23813278610642
127.50390833333347,nan,117.98165254177525,14.108203784839526,116.03454459092893,12.622828303156671,109.44932594943589,15.489398028399494,116.3363981947158,14.00117286475929,117.39050501302097,12.353735021642736,117.98165254177525,14.108203784839526,116.3363981947158,14.00117286475929,109.44932594943589,15.489398028399494,117.39050501302097,12.353735021642736,117.98165254177525,14.108203784839526
127.90576666666675,nan,118.3424960978191,14.104040197423986,116.87768201768677,13.847461597339526,109.38523003200964,15.826711293813345,117.79607038438598,14.191571209881756,117.86151787380652,13.613208667652026,118.3424960978191,14.104040197423986,117.79607038438598,14.191571209881756,109.38523003200964,15.826711293813345,117.86151787380652,13.613208667652026,118.3424960978191,14.104040197423986
128.1736722222223,nan,118.3821954427084,16.288551124366553,117.36598637017153,14.999719568201014,109.36408665093325,15.903884475295609,117.65540067003042,16.165733543602197,118.23366299913198,14.755550900021115,118.3821954427084,16.288551124366553,117.65540067003042,16.165733543602197,109.36408665093325,15.903884475295609,118.23366299913198,14.755550900021115,118.3821954427084,16.288551124366553
128.46071388888902,nan,119.24551410047752,17.006336109058278,117.98240256212034,15.89254348342483,109.78606009385862,15.8497314453125,118.18933717312291,17.05405735325169,118.7843621297202,15.659189585092905,119.24551410047752,17.006336109058278,118.18933717312291,17.05405735325169,109.78606009385862,15.8497314453125,118.7843621297202,15.659189585092905,119.24551410047752,17.006336109058278
128.76689166666677,nan,119.7106579427084,17.41718354096284,118.34979690619582,16.430911502322637,110.598270179579,15.572183145059121,118.6133594265408,17.629608979096282,119.20110933159731,16.119007007495778,119.7106579427084,17.41718354096284,118.6133594265408,17.629608979096282,110.598270179579,15.572183145059121,119.20110933159731,16.119007007495778,119.7106579427084,17.41718354096284
129.0730694444445,nan,120.17251182047539,17.67276908255912,119.00470583089202,16.696368243243242,111.38443690321185,15.376791464315879,119.2988520507813,17.79614752692145,119.7971184828017,16.43636012721706,120.17251182047539,17.67276908255912,119.2988520507813,17.79614752692145,111.38443690321185,15.376791464315879,119.7971184828017,16.43636012721706,120.17251182047539,17.67276908255912
129.53233611111114,nan,120.80247177870012,17.900461557749157,119.52386494004998,16.876415355785472,112.25650467664934,15.224733094911318,119.82511412624785,18.063752045502532,120.35832827148442,16.58867088524071,120.80247177870012,17.900461557749157,119.82511412624785,18.063752045502532,112.25650467664934,15.224733094911318,120.35832827148442,16.58867088524071,120.80247177870012,17.900461557749157
129.81937777777785,nan,121.27010036621107,18.198692527977197,119.96952765299488,17.07264008393159,112.98166686740456,15.112588418496621,120.21926401502833,18.352095320418073,120.8267689656576,16.82995110589105,121.27010036621107,18.198692527977197,120.21926401502833,18.352095320418073,112.98166686740456,15.112588418496621,120.8267689656576,16.82995110589105,121.27010036621107,18.198692527977197
130.14469166666674,nan,121.60186363661035,18.5963134765625,120.3895511501737,17.2529296875,113.39603274468323,15.1046142578125,120.47277173801001,18.57183013091216,121.24486815999353,17.15977519267314,121.60186363661035,18.5963134765625,120.47277173801001,18.57183013091216,113.39603274468323,15.1046142578125,121.24486815999353,17.15977519267314,121.60186363661035,18.5963134765625
130.64223055555567,nan,122.18443636610255,19.472537478885137,120.73264566243495,17.83063568940034,113.92761229654957,15.564740155194256,120.75496333685987,19.29590668549409,121.64745923394105,17.685766271642738,122.18443636610255,19.472537478885137,120.75496333685987,19.29590668549409,113.92761229654957,15.564740155194256,121.64745923394105,17.685766271642738,122.18443636610255,19.472537478885137
130.96754444444446,nan,122.41298664415149,19.80061299092061,121.23612710639111,18.414879051414697,114.24010202094189,15.983756400443411,121.25574821370446,19.764453784839528,122.11580307752831,18.36336372994088,122.41298664415149,19.80061299092061,121.25574821370446,19.764453784839528,114.24010202094189,15.983756400443411,122.11580307752831,18.36336372994088,122.41298664415149,19.80061299092061
131.3119944444445,nan,122.82899358317059,19.93839408255912,121.5030056613499,18.76802516627956,114.45933839789507,16.340431007179053,121.74867216525615,20.03723804370777,122.43343745117193,18.59177048141892,122.82899358317059,19.93839408255912,121.74867216525615,20.03723804370777,114.45933839789507,16.340431007179053,122.43343745117193,18.59177048141892,122.82899358317059,19.93839408255912
131.61817222222237,nan,123.16555160997189,19.96482395481419,121.80798392876534,18.8306224926098,114.48396099989156,16.55758419552365,122.00226137424056,20.16960350242821,122.71739249810128,18.58013751055743,123.16555160997189,19.96482395481419,122.00226137424056,20.16960350242821,114.48396099989156,16.55758419552365,122.71739249810128,18.58013751055743,123.16555160997189,19.96482395481419
131.9626222222223,nan,123.52421093343105,19.937415870460303,122.09417078586159,18.910294816300677,114.61526775716152,16.804256954708613,122.41826237928615,20.12830084723395,123.00006644287123,18.565657332136823,123.52421093343105,19.937415870460303,122.41826237928615,20.12830084723395,114.61526775716152,16.804256954708613,123.00006644287123,18.565657332136823,123.52421093343105,19.937415870460303
132.46016111111123,nan,123.999778861491,19.903790448163008,122.53164006076406,19.00340312236064,114.96983518337686,16.82901413376267,122.91354974907779,20.1675464527027,123.41454496120889,18.582468393686657,123.999778861491,19.903790448163008,122.91354974907779,20.1675464527027,114.96983518337686,16.82901413376267,123.41454496120889,18.582468393686657,123.999778861491,19.903790448163008
132.91942777777786,nan,124.4271792426216,19.87538600612331,122.9941153116863,19.025420317778718,115.45921930881082,16.832326528188343,123.38764626329214,20.1569263355152,123.84516325141067,18.57527614284206,124.4271792426216,19.87538600612331,123.38764626329214,20.1569263355152,115.45921930881082,16.832326528188343,123.84516325141067,18.57527614284206,124.4271792426216,19.87538600612331
133.3021500000001,nan,124.78655212673618,19.74661667282517,123.4232123847114,18.78754981788429,115.74389363878038,16.888112661000843,123.77641181369358,19.96792190139358,124.35541080322275,18.390032794024492,124.78655212673618,19.74661667282517,123.77641181369358,19.96792190139358,115.74389363878038,16.888112661000843,124.35541080322275,18.390032794024492,124.78655212673618,19.74661667282517
133.5509194444445,nan,125.13670944281682,18.408112397065032,123.67281767171221,18.3887378589527,115.98822786187066,16.82539986275338,124.09078981255425,19.54609473975929,124.52471332194011,17.961143699852197,125.13670944281682,18.408112397065032,124.09078981255425,19.54609473975929,115.98822786187066,16.82539986275338,124.52471332194011,17.961143699852197,125.13670944281682,18.408112397065032
134.1632750000001,nan,125.57874215630432,17.805037214949323,124.09081270616332,17.93723606418919,116.33962082519542,17.118078283361488,124.79011537950316,18.86626372466216,124.77367318657775,17.32364798880912,125.57874215630432,17.805037214949323,124.79011537950316,18.86626372466216,116.33962082519542,17.118078283361488,124.77367318657775,17.32364798880912,125.57874215630432,17.805037214949323
134.5268611111112,nan,125.95619850667333,17.194672455658782,124.35156729465075,17.33277191986909,116.47836528862865,17.783409324852197,125.22269156222887,18.083812816722972,124.96906505669506,16.63253371779983,125.95619850667333,17.194672455658782,125.22269156222887,18.083812816722972,116.47836528862865,17.783409324852197,124.96906505669506,16.63253371779983,125.95619850667333,17.194672455658782
134.9287194444446,nan,126.46870255805129,16.754505054370778,124.92606780598965,17.01799052470439,117.06657073567715,18.08232157939189,125.81402675645631,17.707455196896113,125.43619709879567,16.237166121199323,126.46870255805129,16.754505054370778,125.81402675645631,17.707455196896113,117.06657073567715,18.08232157939189,125.43619709879567,16.237166121199323,126.46870255805129,16.754505054370778
135.29230555555569,nan,126.4771030544706,15.488825617609796,125.40759503173842,16.546972326330238,117.65708047146279,18.144371238914697,126.36309531656912,17.106847814611488,125.80165410698794,15.675995697846284,126.4771030544706,15.488825617609796,126.36309531656912,17.106847814611488,117.65708047146279,18.144371238914697,125.80165410698794,15.675995697846284,126.4771030544706,15.488825617609796
135.61761944444447,nan,126.7341050401476,14.93575802364865,125.77273690321181,16.049448374155407,118.21481623535158,17.98158882759713,126.72144957004127,16.58894141944679,126.10214872775612,15.15614112647804,126.7341050401476,14.93575802364865,126.72144957004127,16.58894141944679,118.21481623535158,17.98158882759713,126.10214872775612,15.15614112647804,126.7341050401476,14.93575802364865
136.21083888888882,nan,128.00093305257155,15.041297706397804,126.18221509602859,15.65325927734375,119.00061516113283,17.539813067461992,127.22864928656679,16.06995948585304,126.6107853135851,14.8088098474451,128.00093305257155,15.041297706397804,127.22864928656679,16.06995948585304,119.00061516113283,17.539813067461992,126.6107853135851,14.8088098474451,128.00093305257155,15.041297706397804
136.6509694444445,nan,127.86375749647357,14.43571018528294,125.91637488742401,15.212276974239865,119.48287014702692,17.023780616554053,127.16083933783636,15.480382970861486,127.0276869059245,14.52561497043919,127.86375749647357,14.43571018528294,127.16083933783636,15.480382970861486,119.48287014702692,17.023780616554053,127.0276869059245,14.52561497043919,127.86375749647357,14.43571018528294
136.9762833333333,nan,128.47958007948137,14.953440073374155,126.97968180474174,15.159046069995776,119.50123823513457,16.76232415276605,127.87556430528423,15.910177694784629,127.43467176784941,14.411500673036318,128.47958007948137,14.953440073374155,127.87556430528423,15.910177694784629,119.50123823513457,16.76232415276605,127.43467176784941,14.411500673036318,128.47958007948137,14.953440073374155
137.35900555555565,nan,128.25708701714416,15.48023120777027,126.921965862359,15.519513104413006,119.52231528862853,16.891862199113177,127.559651002333,16.58638619087838,127.68071847330737,15.011776485958615,128.25708701714416,15.48023120777027,127.559651002333,16.58638619087838,119.52231528862853,16.891862199113177,127.68071847330737,15.011776485958615,128.25708701714416,15.48023120777027
137.89481666666666,nan,128.50131368950736,17.805667361697637,127.15695079481338,16.42570041965794,119.49156247558597,16.9605053051098,127.44219605441629,17.66717364336993,128.02659665527347,16.083545581714528,128.50131368950736,17.805667361697637,127.44219605441629,17.66717364336993,119.49156247558597,16.9605053051098,128.02659665527347,16.083545581714528,128.50131368950736,17.805667361697637
138.277538888889,nan,129.05186478949656,18.64689842430321,127.5961135823569,17.506664379222972,119.45635494249143,16.95130879170186,127.79268238932298,18.71201468802787,128.46594763454868,17.243899783572637,129.05186478949656,18.64689842430321,127.79268238932298,18.71201468802787,119.45635494249143,16.95130879170186,128.46594763454868,17.243899783572637,129.05186478949656,18.64689842430321
138.6411250000001,nan,129.50865327962254,19.6104076488598,128.08695799424925,18.42047943940034,120.14104870605479,17.009498389991553,128.2260859375001,19.683460132495778,128.95094453938816,18.1376012853674,129.50865327962254,19.6104076488598,128.2260859375001,19.683460132495778,120.14104870605479,17.009498389991553,128.95094453938816,18.1376012853674,129.50865327962254,19.6104076488598
138.9664388888889,nan,129.98854633110898,20.07221283783784,128.71659232448997,19.036969159100508,121.43633838433163,17.203433474978887,128.95787786051426,20.254534747149492,129.55133285725913,18.77746087151605,129.98854633110898,20.07221283783784,128.95787786051426,20.254534747149492,121.43633838433163,17.203433474978887,129.55133285725913,18.77746087151605,129.98854633110898,20.07221283783784
139.40656944444447,nan,130.44159090847438,20.357621476456927,129.27968922254774,19.361499683277028,122.44861418999574,17.19587666279561,129.52215392388246,20.54206806904561,130.06949092610682,19.040787980363177,130.44159090847438,20.357621476456927,129.52215392388246,20.54206806904561,122.44861418999574,17.19587666279561,130.06949092610682,19.040787980363177,130.44159090847438,20.357621476456927
139.8658361111112,nan,130.9703121921117,20.66945998733108,129.8551066392688,19.698014542863177,122.92901258409302,17.26096488334037,130.10024925808386,20.8849817224451,130.71026936577698,19.512563344594593,130.9703121921117,20.66945998733108,130.10024925808386,20.8849817224451,122.92901258409302,17.26096488334037,130.71026936577698,19.512563344594593,130.9703121921117,20.66945998733108
140.1911500000001,nan,131.35303473171666,20.889734216638512,129.9007532036676,19.860496727195947,122.88223242458776,17.104800662478887,130.41166323784728,21.064382192250843,131.09085058865026,19.683793351456927,131.35303473171666,20.889734216638512,130.41166323784728,21.064382192250843,122.88223242458776,17.104800662478887,131.09085058865026,19.683793351456927,131.35303473171666,20.889734216638512
140.4781916666667,nan,131.83904931233724,20.76572727512669,130.21840400119356,19.892418113914697,122.90259793023006,17.08514404296875,130.83012122531466,21.0650354333826,131.3188381985134,19.530029296875,131.83904931233724,20.76572727512669,130.83012122531466,21.0650354333826,122.90259793023006,17.08514404296875,131.3188381985134,19.530029296875,131.83904931233724,20.76572727512669
140.8800500000001,nan,132.24692469482432,20.89853812552787,130.6260606743707,19.9050853832348,123.28122221408432,17.29709769584037,131.06860879041892,20.991689321157093,131.7371963690864,19.6203332849451,132.24692469482432,20.89853812552787,131.06860879041892,20.991689321157093,123.28122221408432,17.29709769584037,131.7371963690864,19.6203332849451,132.24692469482432,20.89853812552787
141.30104444444453,nan,132.7104479275174,20.72085983688767,131.00986775444892,19.84111888988598,123.96432874620234,17.56098731788429,131.5256088907878,20.9817455394848,132.07824238823798,19.46285598342483,132.7104479275174,20.72085983688767,131.5256088907878,20.9817455394848,123.96432874620234,17.56098731788429,132.07824238823798,19.46285598342483,132.7104479275174,20.72085983688767
141.68376666666666,nan,133.09791478542752,20.91130107157939,131.69319914143887,19.87835858319257,124.31814743109817,17.899676348711992,131.95361241726346,21.164323136613177,132.53925491400832,19.48866230732686,133.09791478542752,20.91130107157939,131.95361241726346,21.164323136613177,124.31814743109817,17.899676348711992,132.53925491400832,19.48866230732686,133.09791478542752,20.91130107157939
142.04735277777786,nan,133.50955421413857,21.13152251372466,132.09002737223318,20.01386982685811,124.80619609375003,17.902292612436657,132.3614617323134,21.29912010399071,132.92710758599185,19.70758056640625,133.50955421413857,21.13152251372466,132.3614617323134,21.29912010399071,124.80619609375003,17.902292612436657,132.92710758599185,19.70758056640625,133.50955421413857,21.13152251372466
142.37266666666676,nan,133.86774485948354,21.090721336570947,132.3673710191515,20.147533519847972,125.10892867024745,17.945579735008447,132.78572632514113,21.36533665012669,133.23262743462465,19.796845307221282,133.86774485948354,21.090721336570947,132.78572632514113,21.36533665012669,125.10892867024745,17.945579735008447,133.23262743462465,19.796845307221282,133.86774485948354,21.090721336570947
142.73625277777785,nan,134.19082142876528,21.109825340477197,132.71794816487636,20.173648318728887,125.09849134385854,18.18111935177365,133.13540405002175,21.375519623627532,133.626665850152,19.854210106102197,134.19082142876528,21.109825340477197,133.13540405002175,21.375519623627532,125.09849134385854,18.18111935177365,133.626665850152,19.854210106102197,134.19082142876528,21.109825340477197
143.3677444444445,nan,134.6807140760635,21.0435131176098,132.9705590128582,20.2618127771326,125.2578709906685,18.7204028980152,133.70460594889335,21.32337085620777,134.20327334798185,19.86467846019848,134.6807140760635,21.0435131176098,133.70460594889335,21.32337085620777,125.2578709906685,18.7204028980152,134.20327334798185,19.86467846019848,134.6807140760635,21.0435131176098
143.6547861111112,nan,135.03966617702918,20.381946460620778,133.4369075575088,19.98328131598395,125.32504876573364,19.08683818095439,134.09020243869372,20.973725190033782,134.242130810547,19.40484454180743,135.03966617702918,20.381946460620778,134.09020243869372,20.973725190033782,125.32504876573364,19.08683818095439,134.242130810547,19.40484454180743,135.03966617702918,20.381946460620778
144.03750833333345,nan,135.45208200276704,20.24400535789696,133.77255132921016,19.758568016258447,125.71327432454439,19.479142472550677,134.51114368896492,20.733192237647803,134.69336330023873,19.18669994457348,135.45208200276704,20.24400535789696,134.51114368896492,20.733192237647803,125.71327432454439,19.479142472550677,134.69336330023873,19.18669994457348,135.45208200276704,20.24400535789696
144.32455000000004,nan,135.48018117133256,18.5018871410473,134.24305450303825,19.469342205975508,126.23982303059904,19.55514938766892,134.96445529378263,20.34385722392314,134.80235015733513,18.728626148120778,135.48018117133256,18.5018871410473,134.96445529378263,20.34385722392314,126.23982303059904,19.55514938766892,134.80235015733513,18.728626148120778,135.48018117133256,18.5018871410473
144.72640833333344,nan,135.7714175225152,17.72120460304054,134.71308317192927,18.736248944256758,127.06268830837678,19.55415962837838,135.60689132486982,19.371476456925677,135.10878765326618,17.90308277027027,135.7714175225152,17.72120460304054,135.60689132486982,19.371476456925677,127.06268830837678,19.55415962837838,135.10878765326618,17.90308277027027,135.7714175225152,17.72120460304054
145.16653888888902,nan,136.6336341579862,17.69538013355152,135.21128698323582,18.10445094752956,127.81502894694017,19.3322473474451,136.13756583930137,18.771873680320947,135.60086675618504,17.3108190588049,136.6336341579862,17.69538013355152,136.13756583930137,18.771873680320947,127.81502894694017,19.3322473474451,135.60086675618504,17.3108190588049,136.6336341579862,17.69538013355152
145.41530833333343,nan,136.98746799452044,17.321257720122468,135.4820087388781,17.74380080764358,127.83502506239154,19.60706886085304,136.50037184380437,18.362674197635137,135.91447588161896,16.90997314453125,136.98746799452044,17.321257720122468,136.50037184380437,18.362674197635137,127.83502506239154,19.60706886085304,135.91447588161896,16.90997314453125,136.98746799452044,17.321257720122468
145.683213888889,nan,136.848645441352,16.58056805584882,135.33750991617842,17.852054080447637,127.87591035427522,20.02766872096706,136.62778294677742,18.2637659021326,136.16040199924055,16.61499188397382,136.848645441352,16.58056805584882,136.62778294677742,18.2637659021326,127.87591035427522,20.02766872096706,136.16040199924055,16.61499188397382,136.848645441352,16.58056805584882
146.02766388888892,nan,137.77192827962244,17.057470373205238,135.5291999403213,17.54751999313767,128.23600230848535,20.294456688133447,136.93233545193152,17.96992946315456,136.1835832817926,17.00816386454814,137.77192827962244,17.057470373205238,136.93233545193152,17.96992946315456,128.23600230848535,20.294456688133447,136.1835832817926,17.00816386454814,137.77192827962244,17.057470373205238
146.48693055555566,nan,138.18436233181433,16.74418681376689,135.4587458767362,17.155065588048988,128.96813172743066,20.240394386085303,137.33348393419067,17.89007568359375,136.98993738471154,16.31594436233108,138.18436233181433,16.74418681376689,137.33348393419067,17.89007568359375,128.96813172743066,20.240394386085303,136.98993738471154,16.31594436233108,138.18436233181433,16.74418681376689
146.8313805555556,nan,138.6686565904406,16.43395501214105,136.90628171251092,16.780385610219593,129.563407397461,19.820642419763512,138.01963417019317,17.412031843855573,137.4014387424046,15.94186153927365,138.6686565904406,16.43395501214105,138.01963417019317,17.412031843855573,129.563407397461,19.820642419763512,137.4014387424046,15.94186153927365,138.6686565904406,16.43395501214105
147.08015000000012,nan,138.22154556884777,15.275019465266046,137.24689804687512,16.61703903610642,129.90337014702698,19.26717067409206,138.19466805962463,17.14804984427787,137.57504847819018,15.667950604413006,138.22154556884777,15.275019465266046,138.19466805962463,17.14804984427787,129.90337014702698,19.26717067409206,137.57504847819018,15.667950604413006,138.22154556884777,15.275019465266046
147.4054638888889,nan,138.5725060913087,14.925568451752534,137.65134401584203,16.1543249181799,130.30439984266502,18.733428130278718,138.57950394151487,16.73074753220017,137.89914505479612,15.240478515625,138.5725060913087,14.925568451752534,138.57950394151487,16.73074753220017,130.30439984266502,18.733428130278718,137.89914505479612,15.240478515625,138.5725060913087,14.925568451752534
147.94127500000002,nan,139.05544888916017,14.216861209353885,138.16949646945534,15.500306825380068,131.06973196343324,17.9585620777027,139.27192617730043,16.006304766680742,138.42080448676222,14.637751398859796,139.05544888916017,14.216861209353885,139.27192617730043,16.006304766680742,131.06973196343324,17.9585620777027,138.42080448676222,14.637751398859796,139.05544888916017,14.216861209353885
148.24745277777788,nan,139.4490298583985,13.700878246410474,138.53317614610467,14.842001425253379,131.23164806315117,17.643455711570947,139.568664698622,15.318133379961994,138.8763666571724,13.948318069045609,139.4490298583985,13.700878246410474,139.568664698622,15.318133379961994,131.23164806315117,17.643455711570947,138.8763666571724,13.948318069045609,139.4490298583985,13.700878246410474
148.55363055555563,nan,139.69524822455514,13.39698667783995,138.73443957655172,14.48680320945946,131.43960332031259,17.816084578230573,139.71324172770187,14.959396774704391,139.007716011556,13.604103706978464,139.69524822455514,13.39698667783995,139.71324172770187,14.959396774704391,131.43960332031259,17.816084578230573,139.007716011556,13.604103706978464,139.69524822455514,13.39698667783995
148.8215361111112,nan,139.9556269585504,13.365617906725085,138.9067428846571,14.422836716110641,131.71965826280382,18.15802001953125,139.88755665283202,14.928979822107264,139.23398372260203,13.521262503959036,139.9556269585504,13.365617906725085,139.88755665283202,14.928979822107264,131.71965826280382,18.15802001953125,139.23398372260203,13.521262503959036,139.9556269585504,13.365617906725085
149.1468500000001,nan,140.21668693440768,13.85883228198902,139.05316527370883,14.659544248838682,131.9405799940322,18.269772091427363,139.98120397677963,15.403074522276182,139.44961065402572,13.89872288059544,140.21668693440768,13.85883228198902,139.98120397677963,15.403074522276182,131.9405799940322,18.269772091427363,139.44961065402572,13.89872288059544,140.21668693440768,13.85883228198902
149.51043611111118,nan,140.57336335720493,15.19219310863598,139.00890599365232,15.297340186866554,132.07077444932725,18.51186226509713,139.88512669677732,16.00018310546875,139.89424806179477,14.749957110430744,140.57336335720493,15.19219310863598,139.88512669677732,16.00018310546875,132.07077444932725,18.51186226509713,139.89424806179477,14.749957110430744,140.57336335720493,15.19219310863598
149.98883888888906,nan,141.08302800292984,16.21818088840794,139.56913402777786,15.953309755067568,132.26809846462686,18.600942250844593,140.52866687147366,16.30625461887669,140.53879531656912,15.6361083984375,141.08302800292984,16.21818088840794,140.52866687147366,16.30625461887669,132.26809846462686,18.600942250844593,140.53879531656912,15.6361083984375,141.08302800292984,16.21818088840794
150.2950166666667,nan,141.71000910508906,17.88274486644848,140.31492175699873,16.94747677364865,132.6177502278647,18.39733721758868,140.7085578247071,18.153297218116553,141.11695677083344,16.5814769847973,141.71000910508906,17.88274486644848,140.7085578247071,18.153297218116553,132.6177502278647,18.39733721758868,141.11695677083344,16.5814769847973,141.71000910508906,17.88274486644848
150.56292222222226,nan,142.30653133273665,18.40308441986909,140.74111859944662,17.41169037690034,133.07369153645834,18.047162030194258,141.05496984998922,18.721174910261823,141.55909141845711,17.04480640308277,142.30653133273665,18.40308441986909,141.05496984998922,18.721174910261823,133.07369153645834,18.047162030194258,141.55909141845711,17.04480640308277,142.30653133273665,18.40308441986909
151.07959722222233,nan,142.80140745713982,18.543678077491553,141.25121875678178,17.513633934227197,133.43642569986991,17.544144913956927,141.57481189643022,18.811657055004222,142.05710068088115,17.140641495988177,142.80140745713982,18.543678077491553,141.57481189643022,18.811657055004222,133.43642569986991,17.544144913956927,142.05710068088115,17.140641495988177,142.80140745713982,18.543678077491553
151.44318333333342,nan,143.11584246554912,18.58503516944679,141.5666693223742,17.71467549092061,133.56434659559466,16.939098461254222,141.94593500162762,18.90765545819257,142.40392585991754,17.2727710620777,143.11584246554912,18.58503516944679,141.94593500162762,18.90765545819257,133.56434659559466,16.939098461254222,142.40392585991754,17.2727710620777,143.11584246554912,18.58503516944679
151.7684972222222,nan,143.3210001722548,18.59558600348395,141.8205822509766,17.72521477776605,133.71948260091142,16.6546630859375,142.19190488281254,18.934390506228887,142.6634548706055,17.33858345650338,143.3210001722548,18.59558600348395,142.19190488281254,18.934390506228887,133.71948260091142,16.6546630859375,142.6634548706055,17.33858345650338,143.3210001722548,18.59558600348395
152.05553888888892,nan,143.46674969075525,18.045215503589528,141.96111834988062,17.46311497043919,134.00924880913635,16.67493335620777,142.51671544325086,18.59527587890625,142.73734057888453,16.96276195629223,143.46674969075525,18.045215503589528,142.51671544325086,18.59527587890625,134.00924880913635,16.67493335620777,142.73734057888453,16.96276195629223,143.46674969075525,18.045215503589528
152.34258055555563,nan,143.6900197916667,17.26535446579392,142.14698661566842,16.95832123627534,134.19202208387594,16.95751293285473,142.81435772976351,18.00018970386402,142.8369119154189,16.36974602776605,143.6900197916667,17.26535446579392,142.81435772976351,18.00018970386402,134.19202208387594,16.95751293285473,142.8369119154189,16.36974602776605,143.6900197916667,17.26535446579392
153.01234444444447,nan,144.34179611138245,16.631542308910472,142.7473704861111,16.57056983741554,134.85593677029078,17.32087666279561,143.57629487711586,17.43444989178632,143.41022923719618,15.922531540329391,144.34179611138245,16.631542308910472,143.57629487711586,17.43444989178632,134.85593677029078,17.32087666279561,143.41022923719618,15.922531540329391,144.34179611138245,16.631542308910472
153.33765833333348,nan,144.67858460964635,15.902457572318411,143.05475784098314,16.13342450116132,135.29162595757384,17.795162716427363,144.02161829427098,16.779409047719593,143.56968347981785,15.408389529666385,144.67858460964635,15.902457572318411,144.02161829427098,16.779409047719593,135.29162595757384,17.795162716427363,143.56968347981785,15.408389529666385,144.67858460964635,15.902457572318411
153.70124444444457,nan,145.29536913248705,15.613713444890204,142.9700509019641,15.727529164907095,135.79320577528222,18.009033203125,143.8351903333877,16.25013526710304,144.03024258626317,15.127558527766046,145.29536913248705,15.613713444890204,143.8351903333877,16.25013526710304,135.79320577528222,18.009033203125,144.03024258626317,15.127558527766046,145.29536913248705,15.613713444890204
154.06483055555566,nan,145.59642472602002,15.195736446896115,143.66124914822058,15.508318926836994,136.1860870659723,17.83570160736909,144.80586347384985,16.14007733319257,144.44042903917102,14.734543259079391,145.59642472602002,15.195736446896115,144.80586347384985,16.14007733319257,136.1860870659723,17.83570160736909,144.44042903917102,14.734543259079391,145.59642472602002,15.195736446896115
154.6197777777778,nan,146.2981496310764,14.756905220650339,144.63559266493064,15.164940086570946,136.9087639838325,17.270232329497468,145.60855069986985,15.81744384765625,145.00761126708994,14.358944454708615,146.2981496310764,14.756905220650339,145.60855069986985,15.81744384765625,136.9087639838325,17.270232329497468,145.00761126708994,14.358944454708615,146.2981496310764,14.756905220650339
154.92595555555567,nan,146.59336227349183,14.25542553051098,145.01544241943373,14.627279745565879,137.3347537733291,16.56231029613598,145.9695465250652,15.307198189400339,145.3863878200956,13.85671584670608,146.59336227349183,14.25542553051098,145.9695465250652,15.307198189400339,137.3347537733291,16.56231029613598,145.3863878200956,13.85671584670608,146.59336227349183,14.25542553051098
155.28954166666665,nan,147.03578291829433,13.673829774598818,145.51821496582033,14.038778769003379,137.81188731553823,16.05359546558277,146.45066176350917,14.633279336465371,145.89384566243496,13.246784107105151,147.03578291829433,13.673829774598818,146.45066176350917,14.633279336465371,137.81188731553823,16.05359546558277,145.89384566243496,13.246784107105151,147.03578291829433,13.673829774598818
155.6339916666667,nan,147.46380869683162,13.189255173141891,145.84789021945528,13.556577940244932,138.10526953938802,15.862530682538006,146.79389699435762,14.14179786475929,146.29677921006953,12.71423257363809,147.46380869683162,13.189255173141891,146.79389699435762,14.14179786475929,138.10526953938802,15.862530682538006,146.29677921006953,12.71423257363809,147.46380869683162,13.189255173141891
155.97844166666675,nan,147.7852738742406,12.92544885583826,146.0973042426217,13.206917427681589,138.3567121337892,15.71436206714527,147.09191958550366,13.857690759607264,146.58151648220496,12.422689901815879,147.7852738742406,12.92544885583826,147.09191958550366,13.857690759607264,138.3567121337892,15.71436206714527,146.58151648220496,12.422689901815879,147.7852738742406,12.92544885583826
156.55252500000006,nan,148.49371593153217,12.669179555532095,146.7490073404948,12.999917520059121,138.9464865885417,15.749155405405405,147.80673727349188,13.609577075855151,147.26449077284076,12.15351084116343,148.49371593153217,12.669179555532095,147.80673727349188,13.609577075855151,138.9464865885417,15.749155405405405,147.26449077284076,12.15351084116343,148.49371593153217,12.669179555532095
156.9735194444445,nan,148.91181120605472,12.34955493823902,147.16130766601566,12.791034595386401,139.697508295356,16.070891509184968,148.2807271877714,13.348345782305744,147.6817383368599,11.902358596389359,148.91181120605472,12.34955493823902,148.2807271877714,13.348345782305744,139.697508295356,16.070891509184968,147.6817383368599,11.902358596389359,148.91181120605472,12.34955493823902
157.27969722222224,nan,149.252536577691,11.96499303869299,147.39106264648444,12.516142149229307,140.23118105468757,16.249523265941722,148.63091979031037,12.87495958482897,147.99821749267585,11.541934451541385,149.252536577691,11.96499303869299,148.63091979031037,12.87495958482897,140.23118105468757,16.249523265941722,147.99821749267585,11.541934451541385,149.252536577691,11.96499303869299
157.68155555555563,nan,148.95346124267587,10.947498218433276,147.60135705566415,12.670867919921875,140.73985769314243,16.0723596521326,149.04814541965072,12.516855600717905,148.33228780788852,11.24911086623733,148.95346124267587,10.947498218433276,149.04814541965072,12.516855600717905,140.73985769314243,16.0723596521326,148.33228780788852,11.24911086623733,148.95346124267587,10.947498218433276
158.17909444444444,nan,149.3781072007921,10.618696058118665,148.130021331109,12.364389780405405,141.19641825629344,15.718114904455236,149.4489037434896,12.307919888883024,148.77894796006944,10.938519452069256,149.3781072007921,10.618696058118665,149.4489037434896,12.307919888883024,141.19641825629344,15.718114904455236,148.77894796006944,10.938519452069256,149.3781072007921,10.618696058118665
158.600088888889,nan,150.45075196804476,11.006581074482686,148.97939101969405,11.640228271484375,141.39656716037337,14.844289418813345,149.94388636067708,12.05484338708826,149.21029464518233,10.767277073215794,150.45075196804476,11.006581074482686,149.94388636067708,12.05484338708826,141.39656716037337,14.844289418813345,149.21029464518233,10.767277073215794,150.45075196804476,11.006581074482686
158.90626666666662,nan,150.63848254801428,10.450051797402871,149.30658523627392,11.17473622914907,141.59694219021264,14.371057458826014,150.24707256808813,11.639657510293496,149.50768759901257,10.342425372149494,150.63848254801428,10.450051797402871,150.24707256808813,11.639657510293496,141.59694219021264,14.371057458826014,149.50768759901257,10.342425372149494,150.63848254801428,10.450051797402871
159.28898888888898,nan,151.08906993001312,9.97810817409206,149.73021711968318,10.80771203943201,142.0014488769532,13.91047462257179,150.7113326727973,11.202015644795186,150.0017506618924,9.89473415065456,151.08906993001312,9.97810817409206,150.7113326727973,11.202015644795186,142.0014488769532,13.91047462257179,150.0017506618924,9.89473415065456,151.08906993001312,9.97810817409206
159.61430277777777,nan,151.41827904866534,10.019805083403716,149.83984378662115,10.498896418391046,142.40842441406255,13.809227195945946,150.78623118353948,11.040204847181165,150.2744107082791,9.680626946526605,151.41827904866534,10.019805083403716,150.78623118353948,11.040204847181165,142.40842441406255,13.809227195945946,150.2744107082791,9.680626946526605,151.41827904866534,10.019805083403716
160.150113888889,nan,151.90504925944026,10.708365775443411,150.2184876749676,10.61221725876267,142.87601517469625,13.8336181640625,151.11812383761946,11.495070998733109,150.78039427761507,9.88191016944679,151.90504925944026,10.708365775443411,151.11812383761946,11.495070998733109,142.87601517469625,13.8336181640625,150.78039427761507,9.88191016944679,151.90504925944026,10.708365775443411
160.49456388888893,nan,152.20843616265188,11.332836254222974,150.532547253418,11.00680954391892,142.96288664279518,13.812599800728464,151.2336275756836,12.01820827174831,151.1451350762261,10.360151136243665,152.20843616265188,11.332836254222974,151.2336275756836,12.01820827174831,142.96288664279518,13.812599800728464,151.1451350762261,10.360151136243665,152.20843616265188,11.332836254222974
160.81987777777783,nan,152.12678458387597,11.861092232369089,150.83351659206824,11.66066432643581,143.31305201280395,14.024717588682432,151.25064356553833,12.8481725744299,151.55496824544275,11.196006156302786,152.12678458387597,11.861092232369089,151.25064356553833,12.8481725744299,143.31305201280395,14.024717588682432,151.55496824544275,11.196006156302786,152.12678458387597,11.861092232369089
161.18346388888892,nan,152.6902921969944,13.754114924250421,151.32401429036463,12.568511962890625,143.7895328179253,13.866817989864865,151.602542291938,13.789762754698057,152.17604726969398,12.290288976720861,152.6902921969944,13.754114924250421,151.602542291938,13.789762754698057,143.7895328179253,13.866817989864865,152.17604726969398,12.290288976720861,152.6902921969944,13.754114924250421
161.75754722222223,nan,153.6673008097331,14.440757957664696,152.13935433756512,13.214570741395693,144.56844504937067,13.386451514991554,152.41508998074005,14.5726598791174,153.05233600667327,12.91870034707559,153.6673008097331,14.440757957664696,152.41508998074005,14.5726598791174,144.56844504937067,13.386451514991554,153.05233600667327,12.91870034707559,153.6673008097331,14.440757957664696
162.08286111111113,nan,153.94596434190544,14.81401928051098,152.33967416042753,13.648675867029139,144.98183605957036,12.775286700274494,152.61405007595488,15.03847854201858,153.26596064588762,13.342350315403294,153.94596434190544,14.81401928051098,152.61405007595488,15.03847854201858,144.98183605957036,12.775286700274494,153.26596064588762,13.342350315403294,153.94596434190544,14.81401928051098
162.44644722222222,nan,154.17250787760418,15.275849213471284,152.49307723388677,14.01900172877956,145.39131891276043,12.17155002903294,152.75592004801433,15.35698803051098,153.41017114664714,13.758874016839105,154.17250787760418,15.275849213471284,152.75592004801433,15.35698803051098,145.39131891276043,12.17155002903294,153.41017114664714,13.758874016839105,154.17250787760418,15.275849213471284
162.7143527777779,nan,154.27748516981353,15.53201706345017,152.81458013373492,14.256149704391891,145.66839669596368,11.759264971758869,153.0645292711048,15.534245671452704,153.76385652804913,14.01701561180321,154.27748516981353,15.53201706345017,153.0645292711048,15.534245671452704,145.66839669596368,11.759264971758869,153.76385652804913,14.01701561180321,154.27748516981353,15.53201706345017
163.23102777777785,nan,154.84666990153005,15.758153966955236,153.56814105224623,14.388162148965371,146.18386116536465,11.584619470544764,153.6597293904623,15.670405207453546,154.4671872083877,14.241120209565034,154.84666990153005,15.758153966955236,153.6597293904623,15.670405207453546,146.18386116536465,11.584619470544764,154.4671872083877,14.241120209565034,154.84666990153005,15.758153966955236
163.70943055555563,nan,155.34423432752828,16.072580698374157,154.13144118923617,14.64121555637669,146.73182876247836,11.511458113386825,154.16897696261947,15.92443187816723,155.03378070068368,14.56447951858108,155.34423432752828,16.072580698374157,154.16897696261947,15.92443187816723,146.73182876247836,11.511458113386825,155.03378070068368,14.56447951858108,155.34423432752828,16.072580698374157
164.01560833333338,nan,155.6069949164497,16.468895164695947,154.44607487928602,14.950363571579391,147.1128458143446,11.520217483108109,154.40092836100268,16.212372650971282,155.36672748074,14.938580487225506,155.6069949164497,16.468895164695947,154.40092836100268,16.212372650971282,147.1128458143446,11.520217483108109,155.36672748074,14.938580487225506,155.6069949164497,16.468895164695947
164.3600583333333,nan,155.9483880723742,17.03215727934966,154.84468340793194,15.50905959670608,147.5675558241103,12.051082301784206,154.7488175225152,16.74852195945946,155.69682235107427,15.489328745249155,155.9483880723742,17.03215727934966,154.7488175225152,16.74852195945946,147.5675558241103,12.051082301784206,155.69682235107427,15.489328745249155,155.9483880723742,17.03215727934966
164.6853722222222,nan,156.23743351508244,17.704357250316722,155.12214319118925,16.13723342483108,148.0855068386502,12.491442706133869,154.9975229654948,17.426597801414697,156.0629424804688,16.21750290329392,156.23743351508244,17.704357250316722,154.9975229654948,17.426597801414697,148.0855068386502,12.491442706133869,156.0629424804688,16.21750290329392,156.23743351508244,17.704357250316722
165.2020472222223,nan,156.8175706665039,18.112768224767738,155.64581265055347,16.56209914748733,148.74380883246533,12.500254863017314,155.62024231092676,17.898414405616553,156.58926696912988,16.648176863386823,156.8175706665039,18.112768224767738,155.62024231092676,17.898414405616553,148.74380883246533,12.500254863017314,156.58926696912988,16.648176863386823,156.8175706665039,18.112768224767738
165.50822500000015,nan,157.08702901611343,18.3734691722973,155.9033674492731,16.934900232263512,149.11725074327262,12.370214513830236,155.88198310411246,18.2437744140625,156.8521809936525,16.959185626055742,157.08702901611343,18.3734691722973,155.88198310411246,18.2437744140625,149.11725074327262,12.370214513830236,156.8521809936525,16.959185626055742,157.08702901611343,18.3734691722973
165.83353888888894,nan,157.39215298394106,18.408727697423988,156.13482452663857,17.06667183540963,149.4277364800348,12.376656197212839,156.17948615451394,18.354706635346282,157.12379072672536,17.00864719700169,157.39215298394106,18.408727697423988,156.17948615451394,18.354706635346282,149.4277364800348,12.376656197212839,157.12379072672536,17.00864719700169,157.39215298394106,18.408727697423988
166.12058055555565,nan,157.6291966851129,18.44212382548564,156.33889822319884,17.23663989917652,149.7687874782987,12.418072674725506,156.45368161621104,18.482357540646113,157.30233053521056,17.044329669024492,157.6291966851129,18.44212382548564,156.45368161621104,18.482357540646113,149.7687874782987,12.418072674725506,157.30233053521056,17.044329669024492,157.6291966851129,18.44212382548564
166.40762222222224,nan,157.93715645616317,18.48103291279561,156.63321070285372,17.280181059966218,150.05252307400178,12.622024123733109,156.7981115885417,18.49593043971706,157.55561636962886,17.082041147592907,157.93715645616317,18.48103291279561,156.7981115885417,18.49593043971706,150.05252307400178,12.622024123733109,157.55561636962886,17.082041147592907,157.93715645616317,18.48103291279561
166.86688888888887,nan,158.400620985243,18.481163231102197,157.123511203342,17.241017934438343,150.3510044894748,12.829702841269004,157.23650507948128,18.46319745038007,158.06862025282112,17.0836742504223,158.400620985243,18.481163231102197,157.23650507948128,18.46319745038007,150.3510044894748,12.829702841269004,158.06862025282112,17.0836742504223,158.400620985243,18.481163231102197
167.2496111111111,nan,158.7332002834744,18.34826000316723,157.4867216729059,17.181406381967907,150.372364678277,13.073610048036318,157.536817972819,18.37181297508446,158.37988047960073,17.017051902977197,158.7332002834744,18.34826000316723,157.536817972819,18.37181297508446,150.372364678277,13.073610048036318,158.37988047960073,17.017051902977197,158.7332002834744,18.34826000316723
167.46010833333344,nan,158.8275865980362,17.94365135399071,157.49806541883697,16.97327484955659,150.09224605577276,13.58532797323691,157.85332139350055,18.10695338893581,158.40081691758917,16.69921875,158.8275865980362,17.94365135399071,157.85332139350055,18.10695338893581,150.09224605577276,13.58532797323691,158.40081691758917,16.69921875,158.8275865980362,17.94365135399071
167.74715000000003,nan,159.18919457600919,17.77830546611064,157.83456421169706,16.7830249683277,150.00732930772574,14.288823308171454,158.150828894043,17.949969317461992,158.73240407579215,16.481448611697637,159.18919457600919,17.77830546611064,158.150828894043,17.949969317461992,150.00732930772574,14.288823308171454,158.73240407579215,16.481448611697637,159.18919457600919,17.77830546611064
168.2255527777778,nan,159.63347446289072,17.7721227697424,158.32367950710727,16.82779837943412,150.42933729654953,14.979949126372466,158.6154292494033,18.03279072529561,159.19066101345493,16.492456384607262,159.63347446289072,17.7721227697424,158.6154292494033,18.03279072529561,150.42933729654953,14.979949126372466,159.19066101345493,16.492456384607262,159.63347446289072,17.7721227697424
168.53173055555567,nan,159.93824080268018,17.798811629011823,158.51678711480042,16.907855059649492,150.58747769368495,15.276185731630068,158.97879442545582,18.0682933910473,159.4240450425891,16.534290210620778,159.93824080268018,17.798811629011823,158.97879442545582,18.0682933910473,150.58747769368495,15.276185731630068,159.4240450425891,16.534290210620778,159.93824080268018,17.798811629011823
168.76136388888892,nan,160.16111703559034,17.6532922693201,158.74737920871314,16.89892083245355,150.7224115912544,15.427305479307432,159.24086540120447,18.077036264780407,159.57023229709205,16.422680004222972,160.16111703559034,17.6532922693201,159.24086540120447,18.077036264780407,150.7224115912544,15.427305479307432,159.57023229709205,16.422680004222972,160.16111703559034,17.6532922693201
169.10581388888892,nan,160.39531719835077,16.071854874894427,159.09184785834418,16.68844192092483,151.27945043131513,15.458159575591216,159.78810046929254,17.55245064400338,159.6786084852431,15.99241844383446,160.39531719835077,16.071854874894427,159.78810046929254,17.55245064400338,151.27945043131513,15.458159575591216,159.6786084852431,15.99241844383446,160.39531719835077,16.071854874894427
169.43112777777776,nan,160.65066445312505,14.940797548036318,159.55012429199223,15.884633657094595,151.9228202148438,15.40348362278294,160.49008434787322,16.594398292335303,159.95336322428386,15.112213959565034,160.65066445312505,14.940797548036318,160.49008434787322,16.594398292335303,151.9228202148438,15.40348362278294,159.95336322428386,15.112213959565034,160.65066445312505,14.940797548036318
169.98607500000003,nan,161.84901801350918,14.613893251161318,160.28788876139322,15.024582321579391,152.74431135525174,15.33316452438767,161.223856100803,15.727194296347129,160.6627361735026,14.21619972022804,161.84901801350918,14.613893251161318,161.223856100803,15.727194296347129,152.74431135525174,15.33316452438767,160.6627361735026,14.21619972022804,161.84901801350918,14.613893251161318
170.33052500000014,nan,162.28920335150838,14.1574426599451,160.63086204969625,14.472849253061655,153.09492421061213,15.249312117293075,161.64054459906697,15.126849200274494,161.03227501356344,13.631527462521115,162.28920335150838,14.1574426599451,161.64054459906697,15.126849200274494,153.09492421061213,15.249312117293075,161.03227501356344,13.631527462521115,162.28920335150838,14.1574426599451
170.59843055555564,nan,162.45845659722238,13.751529178103885,160.80337813313815,14.072202940244932,153.02871993001315,15.633726377744932,161.8482042168513,14.686670251794764,161.26461826578782,13.265187031513936,162.45845659722238,13.751529178103885,161.8482042168513,14.686670251794764,153.02871993001315,15.633726377744932,161.26461826578782,13.265187031513936,162.45845659722238,13.751529178103885
170.92374444444454,nan,162.68844374457478,13.640697582347974,161.13853817952486,13.969145903716216,153.1181804117839,16.2836353198902,162.0560796834311,14.54100242820946,161.56145416802303,13.1114031817462,162.68844374457478,13.640697582347974,162.0560796834311,14.54100242820946,153.1181804117839,16.2836353198902,161.56145416802303,13.1114031817462,162.68844374457478,13.640697582347974
171.4595555555556,nan,162.73659158664282,12.936956457189611,161.6022938978408,13.825196962098818,153.7574410264757,16.610537967166387,162.5905548027887,14.460777488914696,162.05570796712243,12.993832974820524,162.73659158664282,12.936956457189611,162.5905548027887,14.460777488914696,153.7574410264757,16.610537967166387,162.05570796712243,12.993832974820524,162.73659158664282,12.936956457189611
171.8040055555556,nan,163.10851334092888,12.993581411000845,161.8555582221138,13.714153392894849,154.3137728759766,16.672096046241553,162.79802750108513,14.524062697951859,162.36899273817278,12.920571816934121,163.10851334092888,12.993581411000845,162.79802750108513,14.524062697951859,154.3137728759766,16.672096046241553,162.36899273817278,12.920571816934121,163.10851334092888,12.993581411000845
172.1293194444445,nan,163.43489364963114,13.546150826119089,162.11863151041666,13.916188832875845,154.5333179253472,16.4266918285473,162.8620371704102,14.918033084353885,162.71588001166458,13.248631657780829,163.43489364963114,13.546150826119089,162.8620371704102,14.918033084353885,154.5333179253472,16.4266918285473,162.71588001166458,13.248631657780829,163.43489364963114,13.546150826119089
172.45463333333333,nan,163.6090022637261,14.63515163112331,162.25719731852212,14.58441821948902,154.7273960557726,16.148142221811657,162.7061846435547,15.631515915329391,163.08621326226125,14.088007746516046,163.6090022637261,14.63515163112331,162.7061846435547,15.631515915329391,154.7273960557726,16.148142221811657,163.08621326226125,14.088007746516046,163.6090022637261,14.63515163112331
172.85649166666667,nan,164.13569190266924,16.39491065772804,162.76311465928814,15.330454233530405,154.96415598687065,15.765255489864865,163.1348670803494,16.4938024572424,163.5973813218858,15.000496529244089,164.13569190266924,16.39491065772804,163.1348670803494,16.4938024572424,154.96415598687065,15.765255489864865,163.5973813218858,15.000496529244089,164.13569190266924,16.39491065772804
173.41143888888888,nan,164.77943425699868,17.013439281566722,163.40900680745438,15.838566960515204,155.66428719618057,15.339164115287161,163.636561976454,17.076257654138512,164.29956229519314,15.557801942567568,164.77943425699868,17.013439281566722,163.636561976454,17.076257654138512,155.66428719618057,15.339164115287161,164.29956229519314,15.557801942567568,164.77943425699868,17.013439281566722
173.755888888889,nan,165.18061982557515,17.26152739653716,163.92839373779304,16.047767432960303,156.2000010308161,15.07363479201858,164.13054387071406,17.268590978673988,164.73666111924922,15.802081133868244,165.18061982557515,17.26152739653716,164.13054387071406,17.268590978673988,156.2000010308161,15.07363479201858,164.73666111924922,15.802081133868244,165.18061982557515,17.26152739653716
174.10033888888898,nan,165.4062004679363,17.603891733530407,164.34424469807948,16.27643647065034,156.48131863878052,14.977977855785474,164.40460761990028,17.55649875950169,165.1700062811958,16.091900799725508,165.4062004679363,17.603891733530407,164.40460761990028,17.55649875950169,156.48131863878052,14.977977855785474,165.1700062811958,16.091900799725508,165.4062004679363,17.603891733530407
174.46392500000002,nan,165.90606451958558,18.053374419341218,164.71992848578566,16.713103423247468,156.908494905599,15.085447569151182,164.75171508653432,17.914900496199323,165.58245442572706,16.60814769847973,165.90606451958558,18.053374419341218,164.75171508653432,17.914900496199323,156.908494905599,15.085447569151182,165.58245442572706,16.60814769847973,165.90606451958558,18.053374419341218
174.92319166666664,nan,166.26133914794923,18.566280880489863,165.215869651964,17.226428882495778,157.40271606716578,15.486303381017736,165.23957926703554,18.468604835304053,166.0762686862522,17.137828930004222,166.26133914794923,18.566280880489863,165.23957926703554,18.468604835304053,157.40271606716578,15.486303381017736,166.0762686862522,17.137828930004222,166.26133914794923,18.566280880489863
175.34418611111124,nan,166.81975594211167,19.107534047719593,165.5914318996854,17.741105363175677,157.96755511610252,15.763381545608109,165.63913341742636,19.055416622677363,166.4986296400283,17.67154343063767,166.81975594211167,19.107534047719593,165.63913341742636,19.055416622677363,157.96755511610252,15.763381545608109,166.4986296400283,17.67154343063767,166.81975594211167,19.107534047719593
175.65036388888893,nan,167.26290000135634,19.52927048141892,165.98557913953994,18.17911838840794,158.47448769531252,15.694025812922296,166.04940495876747,19.541607830975508,166.9580209187826,18.057472022804053,167.26290000135634,19.52927048141892,166.04940495876747,19.541607830975508,158.47448769531252,15.694025812922296,166.9580209187826,18.057472022804053,167.26290000135634,19.52927048141892
176.07135833333342,nan,167.62681809760204,19.686200116131758,166.38770948215063,18.33582037848395,158.95066470269103,15.237997519003379,166.43577551540807,19.666162439294762,167.4093227091472,18.22837870829814,167.62681809760204,19.686200116131758,166.43577551540807,19.666162439294762,158.95066470269103,15.237997519003379,167.4093227091472,18.22837870829814,167.62681809760204,19.686200116131758
176.41580833333342,nan,167.9580014282227,19.894127098289697,166.7960802449545,18.45850929054054,159.33064564073356,14.878213418496621,166.80720814073356,19.822526261613177,167.74940021837028,18.393483754750843,167.9580014282227,19.894127098289697,166.80720814073356,19.822526261613177,159.33064564073356,14.878213418496621,167.74940021837028,18.393483754750843,167.9580014282227,19.894127098289697
177.02816388888897,nan,168.51789726698138,20.1567663244299,167.39776312527135,18.717763539907093,159.95291601833776,14.84249630489865,167.3289807427301,20.053300187394427,168.31698563910595,18.63726641680743,168.51789726698138,20.1567663244299,167.3289807427301,20.053300187394427,159.95291601833776,14.84249630489865,168.31698563910595,18.63726641680743,168.51789726698138,20.1567663244299
177.41088611111115,nan,168.88008285454646,20.45074627850507,167.82525548231337,18.97618804106841,160.5952444959853,15.05257106471706,167.76256898600263,20.31006354254645,168.77393339301216,19.0281982421875,168.88008285454646,20.45074627850507,167.76256898600263,20.31006354254645,160.5952444959853,15.05257106471706,168.77393339301216,19.0281982421875,168.88008285454646,20.45074627850507
177.77447222222224,nan,169.14096290418843,20.82607619826858,168.21181115722663,19.29150885504645,160.89088661024311,15.586539603568411,168.13597582329646,20.600881215688343,169.10865157063807,19.321665171030407,169.14096290418843,20.82607619826858,168.13597582329646,20.600881215688343,160.89088661024311,15.586539603568411,169.10865157063807,19.321665171030407,169.14096290418843,20.82607619826858
178.19546666666673,nan,169.46964337022575,21.09111888988598,168.517072772895,19.57728535420186,161.1459162923178,15.907282648859796,168.47469402940544,20.82902733055321,169.45711759982646,19.604815508868242,169.46964337022575,21.09111888988598,168.47469402940544,20.82902733055321,161.1459162923178,15.907282648859796,169.45711759982646,19.604815508868242,169.46964337022575,21.09111888988598
178.7695500000001,nan,170.07437228597013,21.208891997466218,169.08345296088333,19.73899882548564,161.66349632975266,16.344974002322637,169.07736639946842,21.043344858530407,170.03948306477872,19.71108101509713,170.07437228597013,21.208891997466218,169.07736639946842,21.043344858530407,161.66349632975266,16.344974002322637,170.03948306477872,19.71108101509713,170.07437228597013,21.208891997466218
179.09486388888894,nan,170.3548092285157,21.257660736908782,169.39765675591372,19.844655629750843,161.93607584364156,16.406883445945947,169.4419013102214,21.125437143686657,170.34444766303176,19.82766311233108,170.3548092285157,21.257660736908782,169.4419013102214,21.125437143686657,161.93607584364156,16.406883445945947,170.34444766303176,19.82766311233108,170.3548092285157,21.257660736908782
179.47758611111112,nan,170.85687891710074,21.066302325274492,169.66937891710074,19.85242194098395,162.39634662272135,16.095660235430742,169.84444893798832,21.08983055320946,170.55419455702042,19.66307933910473,170.85687891710074,21.066302325274492,169.84444893798832,21.08983055320946,162.39634662272135,16.095660235430742,170.55419455702042,19.66307933910473,170.85687891710074,21.066302325274492
179.82203611111123,nan,171.25397682562948,21.079911515519427,169.99286673177096,19.884105785472972,162.899628748915,15.952552589210304,170.14029630398232,21.17546947582348,170.86257617051876,19.68013454127956,171.25397682562948,21.079911515519427,170.14029630398232,21.17546947582348,162.899628748915,15.952552589210304,170.86257617051876,19.68013454127956,171.25397682562948,21.079911515519427
180.1664861111111,nan,171.58667586263022,21.03391575168919,170.24085575358077,19.90479175464527,163.31867388237845,15.832773569467905,170.55600484890408,21.097245499894427,171.1703058946398,19.666729901288008,171.58667586263022,21.03391575168919,170.55600484890408,21.097245499894427,163.31867388237845,15.832773569467905,171.1703058946398,19.666729901288008,171.58667586263022,21.03391575168919
180.6448888888889,nan,171.96555403645834,20.814722009607262,170.75072639295792,19.682742557010137,163.7505933024089,15.96124927417652,170.96875838216147,20.91869952227618,171.65712474229605,19.444550385346282,171.96555403645834,20.814722009607262,170.96875838216147,20.91869952227618,163.7505933024089,15.96124927417652,171.65712474229605,19.444550385346282,171.96555403645834,20.814722009607262
180.95106666666675,nan,172.2709281846789,20.23877777924409,170.95553494873053,19.27889107369088,163.8108587402345,16.026160987647803,171.27719446072058,20.43761547191723,171.81778283962683,19.00980686497044,172.2709281846789,20.23877777924409,171.27719446072058,20.43761547191723,163.8108587402345,16.026160987647803,171.81778283962683,19.00980686497044,172.2709281846789,20.23877777924409
181.3146527777779,nan,172.49716230604395,18.93724101298564,171.06001071506086,18.84090114284206,163.71605217827698,16.23182636982686,171.5918269856772,19.80756275073902,171.76308824327265,18.267886599978887,172.49716230604395,18.93724101298564,171.5918269856772,19.80756275073902,163.71605217827698,16.23182636982686,171.76308824327265,18.267886599978887,172.49716230604395,18.93724101298564
181.60169444444455,nan,172.77105259195974,18.0550817541174,171.31392894151486,18.216521391997468,163.420152153863,17.097068992820947,172.11073527696408,19.033770586993242,171.8495573662653,17.60521141258446,172.77105259195974,18.0550817541174,172.11073527696408,19.033770586993242,163.420152153863,17.097068992820947,171.8495573662653,17.60521141258446,172.77105259195974,18.0550817541174
182.1566416666667,nan,173.35747700059682,17.572709367081927,171.90280747205946,17.8151195629223,163.9013265218099,17.795223751583613,172.8662168958876,18.42755951752534,172.42125450032552,17.10001682590794,173.35747700059682,17.572709367081927,172.8662168958876,18.42755951752534,163.9013265218099,17.795223751583613,172.42125450032552,17.10001682590794,173.35747700059682,17.572709367081927
182.38627500000007,nan,173.27300477023658,16.531416609480573,171.55026714002827,17.789465002111488,164.33766558431,18.09712177998311,173.22586019829652,18.036563357791387,172.68282363145624,16.66577313397382,173.27300477023658,16.531416609480573,173.22586019829652,18.036563357791387,164.33766558431,18.09712177998311,172.68282363145624,16.66577313397382,173.27300477023658,16.531416609480573
182.74986111111122,nan,174.15710462782124,16.24174540751689,172.66902428521058,16.89353984111064,165.13116977267805,18.19249828441723,173.72737728542762,17.351513012035472,173.04501271565766,16.065256479624157,174.15710462782124,16.24174540751689,173.72737728542762,17.351513012035472,165.13116977267805,18.19249828441723,173.04501271565766,16.065256479624157,174.15710462782124,16.24174540751689
183.0560388888889,nan,174.16652693277996,15.17222801414696,173.22730862358947,16.185055294552363,165.89834947645397,17.955322265625,174.2221536960178,16.73625389305321,173.4473098442926,15.40369312183277,174.16652693277996,15.17222801414696,174.2221536960178,16.73625389305321,165.89834947645397,17.955322265625,173.4473098442926,15.40369312183277,174.16652693277996,15.17222801414696
183.28567222222227,nan,174.5560079494901,14.50340477195946,173.55163884955516,15.388262774493244,166.30201608072923,17.849063357791387,174.5648258341472,15.897178856102196,173.79734434814458,14.632767960831925,174.5560079494901,14.50340477195946,174.5648258341472,15.897178856102196,166.30201608072923,17.849063357791387,173.79734434814458,14.632767960831925,174.5560079494901,14.50340477195946
183.7832111111112,nan,175.0538138671876,14.064919961465371,174.02648961452917,14.930756440033784,166.76513622775622,17.897762814083613,174.9599409491646,15.45526782886402,174.2832636691624,14.138337006440034,175.0538138671876,14.064919961465371,174.9599409491646,15.45526782886402,166.76513622775622,17.897762814083613,174.2832636691624,14.138337006440034,175.0538138671876,14.064919961465371
184.08938888888895,nan,175.32660032823355,13.724585455817145,174.2388750067817,14.61592555690456,166.96406167263456,17.947229333826012,175.24703506808817,15.14522243190456,174.5659064602322,13.80672970333615,175.32660032823355,13.724585455817145,175.24703506808817,15.14522243190456,166.96406167263456,17.947229333826012,174.5659064602322,13.80672970333615,175.32660032823355,13.724585455817145
184.33815833333335,nan,175.9193079644097,13.876868995460304,174.4969395968967,14.445695206925675,167.3071304334852,18.198760161528718,175.42580736083983,14.976225981841216,174.79492933620878,13.603422422666807,175.9193079644097,13.876868995460304,175.42580736083983,14.976225981841216,167.3071304334852,18.198760161528718,174.79492933620878,13.603422422666807,175.9193079644097,13.876868995460304
184.74001666666675,nan,176.35727367892804,14.038117279877534,174.6585126925999,14.387393435916385,167.6174682454428,18.040062156883447,175.67249313422315,14.985151961043075,175.07934331325964,13.482011949693835,176.35727367892804,14.038117279877534,175.67249313422315,14.985151961043075,167.6174682454428,18.040062156883447,175.07934331325964,13.482011949693835,176.35727367892804,14.038117279877534
185.19928333333337,nan,176.6947514729818,14.11992748363598,174.8762929158529,14.396126412056589,167.7913379123264,17.981237463048988,175.87896913791235,14.99881228885135,175.28806744520404,13.476828910209036,176.6947514729818,14.11992748363598,175.87896913791235,14.99881228885135,167.7913379123264,17.981237463048988,175.28806744520404,13.476828910209036,176.6947514729818,14.11992748363598
185.50546111111123,nan,176.2654734198677,13.081582559121621,175.26777834472665,14.067387761296454,167.86537186414938,17.754138843433278,176.28088733995236,14.639028188344595,175.54401159396713,13.255484091269004,176.2654734198677,13.081582559121621,176.28088733995236,14.639028188344595,167.86537186414938,17.754138843433278,175.54401159396713,13.255484091269004,176.2654734198677,13.081582559121621
185.83077500000007,nan,176.4604382554797,12.463681607633024,175.68094216851136,13.676876583614865,168.34807677137593,17.412023595861488,176.69264396430128,14.130841229413006,175.84408659803609,12.84198740366343,176.4604382554797,12.463681607633024,176.69264396430128,14.130841229413006,168.34807677137593,17.412023595861488,175.84408659803609,12.84198740366343,176.4604382554797,12.463681607633024
186.19436111111122,nan,176.57068523491762,11.89581381308066,176.0256353556316,13.142572351404139,169.08665779622407,17.051470782305742,177.007544365777,13.349272032041807,176.0524848904081,12.238379401129645,176.57068523491762,11.89581381308066,177.007544365777,13.349272032041807,169.08665779622407,17.051470782305742,176.0524848904081,12.238379401129645,176.57068523491762,11.89581381308066
186.55794722222237,nan,177.31036997884127,11.509655926678631,176.5163865193686,12.562434016047296,169.76368486599404,16.353924725506758,177.47397386745888,12.876916009026605,176.5963476603191,11.714961696315456,177.31036997884127,11.509655926678631,177.47397386745888,12.876916009026605,169.76368486599404,16.353924725506758,176.5963476603191,11.714961696315456,177.31036997884127,11.509655926678631
187.017213888889,nan,177.85809777967677,11.00363489099451,177.08556732991548,12.09399331582559,170.2730088378907,15.778800345755911,178.08263764241548,12.471955995301943,177.21946320393891,11.257809200802365,177.85809777967677,11.00363489099451,178.08263764241548,12.471955995301943,170.2730088378907,15.778800345755911,177.21946320393891,11.257809200802365,177.85809777967677,11.00363489099451
187.36166388888887,nan,178.5798637247721,10.699893435916385,177.71463358832466,11.708497743348818,170.56953098144533,15.560914735536318,178.6940130303277,12.148856498099661,177.93625478379988,10.89309279983108,178.5798637247721,10.699893435916385,178.6940130303277,12.148856498099661,170.56953098144533,15.560914735536318,177.93625478379988,10.89309279983108,178.5798637247721,10.699893435916385
187.66784166666673,nan,178.9421531561958,10.464193808065879,178.0514832275391,11.445832948426943,170.82855231933598,15.52689670872044,179.03690260687938,11.881124960409629,178.31424974772142,10.58821559596706,178.9421531561958,10.464193808065879,179.03690260687938,11.881124960409629,170.82855231933598,15.52689670872044,178.31424974772142,10.58821559596706,178.9421531561958,10.464193808065879
188.06970000000013,nan,179.8750614298504,10.822806693412161,178.27318273383258,11.34233299461571,171.2457525173612,15.643068055848818,179.30169547661689,11.865149420660895,178.57267800699884,10.4474347088788,179.8750614298504,10.822806693412161,179.30169547661689,11.865149420660895,171.2457525173612,15.643068055848818,178.57267800699884,10.4474347088788,179.8750614298504,10.822806693412161
188.4906944444445,nan,180.28902411566844,10.92171828811233,178.59558251274962,11.36139575855152,171.7067402479384,15.638757654138514,179.57215518527562,11.923901532147381,178.93106818305125,10.45497667467272,180.28902411566844,10.92171828811233,179.57215518527562,11.923901532147381,171.7067402479384,15.638757654138514,178.93106818305125,10.45497667467272,180.28902411566844,10.92171828811233
188.81600833333346,nan,180.6272596557618,10.796547554634714,178.7961481716581,11.45001220703125,171.8365110595704,15.376276789484796,179.86577826470278,12.088868837098818,179.17941334906698,10.593198209195524,180.6272596557618,10.796547554634714,179.86577826470278,12.088868837098818,171.8365110595704,15.376276789484796,179.17941334906698,10.593198209195524,180.6272596557618,10.796547554634714
189.1413222222223,nan,180.98373114420582,10.5218786291174,179.15583333062074,11.476730759079391,171.95652811414936,14.885794974662161,180.21833587375227,12.131590147276182,179.54053029106996,10.60355604017103,180.98373114420582,10.5218786291174,180.21833587375227,12.131590147276182,171.95652811414936,14.885794974662161,179.54053029106996,10.60355604017103,180.98373114420582,10.5218786291174
189.39009166666682,nan,181.23458849962037,10.51270933408995,179.427740185547,11.396612218908361,171.98416210123713,14.23710178684544,180.42686365288642,12.044427820154139,179.81000845540382,10.529977334512246,181.23458849962037,10.51270933408995,180.42686365288642,12.044427820154139,171.98416210123713,14.23710178684544,179.81000845540382,10.529977334512246,181.23458849962037,10.51270933408995
189.83022222222223,nan,181.426238152398,11.10944263355152,179.64775762261286,11.459864435969171,172.07972376844617,13.64413864548142,180.64344108072913,12.116526010874155,180.08393180338538,10.58527931007179,181.426238152398,11.10944263355152,180.64344108072913,12.116526010874155,172.07972376844617,13.64413864548142,180.08393180338538,10.58527931007179,181.426238152398,11.10944263355152
190.19380833333332,nan,181.61800351698133,10.627192316828546,179.87772590874567,11.075199436497044,172.12492846408423,13.356446962098818,180.89006348741322,11.694799474767736,180.1847386786567,10.291864343591639,181.61800351698133,10.627192316828546,180.89006348741322,11.694799474767736,172.12492846408423,13.356446962098818,180.1847386786567,10.291864343591639,181.61800351698133,10.627192316828546
190.59566666666666,nan,181.86105430772568,10.558917896167651,180.17313384331595,10.967397328969595,172.18454572211374,13.235590754328546,181.17198943413626,11.567011652766046,180.48207176378037,10.186622413429054,181.86105430772568,10.558917896167651,181.17198943413626,11.567011652766046,172.18454572211374,13.235590754328546,180.48207176378037,10.186622413429054,181.86105430772568,10.558917896167651
191.0549333333334,nan,182.1999003065322,10.180180730046454,180.6433825995552,10.6448504473712,172.5694563096789,13.17325159021326,181.65496317274312,11.219704292915964,181.00757937689895,9.884712837837839,182.1999003065322,10.180180730046454,181.65496317274312,11.219704292915964,172.5694563096789,13.17325159021326,181.00757937689895,9.884712837837839,182.1999003065322,10.180180730046454
191.32283888888895,nan,182.56049791937937,9.755423056112754,181.0642320841472,10.274205388249579,173.16407457953562,12.951175998997044,182.08364974093973,10.778610641891891,181.4614446424697,9.499778953758446,182.56049791937937,9.755423056112754,182.08364974093973,10.778610641891891,173.16407457953562,12.951175998997044,181.4614446424697,9.499778953758446,182.56049791937937,9.755423056112754
191.87778611111116,nan,183.33760209011507,9.61285317910684,181.82165072157125,10.025767558329814,174.33648395996101,12.853782860008446,182.82818063557949,10.650521768105996,182.2691943956164,9.25674685916385,183.33760209011507,9.61285317910684,182.82818063557949,10.650521768105996,174.33648395996101,12.853782860008446,182.2691943956164,9.25674685916385,183.33760209011507,9.61285317910684
192.26050833333346,nan,183.95730602213553,9.160595868084881,182.6400613864476,9.7224591229413,175.08498648274752,12.629345043285474,183.63454618191201,10.29659044420397,183.04144468044717,8.986467516100085,183.95730602213553,9.160595868084881,183.63454618191201,10.29659044420397,175.08498648274752,12.629345043285474,183.04144468044717,8.986467516100085,183.95730602213553,9.160595868084881
192.6240944444445,nan,184.43578318549265,8.756591796875,183.08923658854172,9.32180373733108,175.46268358289933,12.529824746621621,184.05780009223093,9.827790131440034,183.3667295355903,8.537633122624579,184.43578318549265,8.756591796875,184.05780009223093,9.827790131440034,175.46268358289933,12.529824746621621,183.3667295355903,8.537633122624579,184.43578318549265,8.756591796875
192.94940833333334,nan,184.6915068237305,8.857757568359375,183.23868784722225,9.296142578125,175.37469960666238,12.052072885874155,184.24295267876522,9.86424379091005,183.5863525743273,8.54804126636402,184.6915068237305,8.857757568359375,184.24295267876522,9.86424379091005,175.37469960666238,12.052072885874155,183.5863525743273,8.54804126636402,184.6915068237305,8.857757568359375
193.33213055555564,nan,184.73085373399533,8.91198812948691,183.32396879882822,9.436017010663006,175.19707670898447,11.483325030352619,184.29671999240458,10.02951379724451,183.7682759141711,8.68872730152027,184.73085373399533,8.91198812948691,184.29671999240458,10.02951379724451,175.19707670898447,11.483325030352619,183.7682759141711,8.68872730152027,184.73085373399533,8.91198812948691
193.9444861111112,nan,185.22058033582908,9.57413132126267,183.45526644558385,9.535910116659629,175.3287753228082,11.196598362278294,184.4511075778538,10.393544789907095,183.98919690619584,8.886575234902871,185.22058033582908,9.57413132126267,184.4511075778538,10.393544789907095,175.3287753228082,11.196598362278294,183.98919690619584,8.886575234902871,185.22058033582908,9.57413132126267
194.250663888889,nan,184.80304646403005,11.209760511243665,183.3870452501086,9.99778953758446,175.1987144938152,11.26079579946157,183.92678676622188,11.162395580394849,184.15390705973317,9.483444626266891,184.80304646403005,11.209760511243665,183.92678676622188,11.162395580394849,175.1987144938152,11.26079579946157,184.15390705973317,9.483444626266891,184.80304646403005,11.209760511243665
194.65252222222233,nan,184.85356015896275,12.217742095122466,183.74165813395194,10.901208826013514,175.22771753472233,11.35052407754434,184.0258802069771,12.02316614099451,184.51980297037773,10.524385194520693,184.85356015896275,12.217742095122466,184.0258802069771,12.02316614099451,175.22771753472233,11.35052407754434,184.51980297037773,10.524385194520693,184.85356015896275,12.217742095122466
194.95870000000002,nan,185.25945751410597,12.93581163561022,184.05469897596578,11.645769273912585,175.69664216579866,11.368785136454814,184.29722301703566,12.853451290646115,184.91316607801656,11.317861196157095,185.25945751410597,12.93581163561022,184.29722301703566,12.853451290646115,175.69664216579866,11.368785136454814,184.91316607801656,11.317861196157095,185.25945751410597,12.93581163561022
195.45623888888895,nan,186.1920304131403,13.53713659338049,184.913162479655,12.243418925517314,176.82096802842887,11.452814050622889,185.11902473687076,13.53380687816723,185.75375560574008,11.99411423141892,186.1920304131403,13.53713659338049,185.11902473687076,13.53380687816723,176.82096802842887,11.452814050622889,185.75375560574008,11.99411423141892,186.1920304131403,13.53713659338049
195.87723333333344,nan,187.00396520589203,13.8064905115076,185.70279909532343,12.575780920080236,178.06239534776483,11.323718921558276,185.89794713948578,13.854244747677365,186.5240008436416,12.305689631281671,187.00396520589203,13.8064905115076,185.89794713948578,13.854244747677365,178.06239534776483,11.323718921558276,186.5240008436416,12.305689631281671,187.00396520589203,13.8064905115076
196.27909166666672,nan,187.57021325547964,14.099835370038006,186.3245899848091,12.787680136190879,179.15721802300357,11.184564538904139,186.51870212673617,14.10889331714527,187.17286930202914,12.529376055743244,187.57021325547964,14.099835370038006,186.51870212673617,14.10889331714527,179.15721802300357,11.184564538904139,187.17286930202914,12.529376055743244,187.57021325547964,14.099835370038006
196.58526944444446,nan,187.97551043158637,14.372744998416385,186.78059805094404,13.098224536792651,179.71105951063367,11.02391258445946,186.91330713026258,14.398251095333615,187.6733075710721,12.926769359691724,187.97551043158637,14.372744998416385,186.91330713026258,14.398251095333615,179.71105951063367,11.02391258445946,187.6733075710721,12.926769359691724,187.97551043158637,14.372744998416385
196.98712777777786,nan,188.34250921359603,14.545786264780405,186.9916952419706,13.336693841057855,179.9189871120878,11.03950954127956,187.12329297281912,14.643478805954391,187.9001001220704,13.103795231999579,188.34250921359603,14.545786264780405,187.12329297281912,14.643478805954391,179.9189871120878,11.03950954127956,187.9001001220704,13.103795231999579,188.34250921359603,14.545786264780405
197.46553055555563,nan,188.99775372721365,14.7426477380701,187.2238474433052,13.43952158335093,179.9735329427084,11.280812031513936,187.39054547526052,14.832951726140204,188.1719336520726,13.20445457664696,188.99775372721365,14.7426477380701,187.39054547526052,14.832951726140204,179.9735329427084,11.280812031513936,188.1719336520726,13.20445457664696,188.99775372721365,14.7426477380701
197.84825277777782,nan,189.45603832058384,14.904590503589526,187.6232297200521,13.663129651868665,180.03773133409294,11.471311002164274,187.83353821885856,15.008424501161318,188.55312914767802,13.365868645745355,189.45603832058384,14.904590503589526,187.83353821885856,15.008424501161318,180.03773133409294,11.471311002164274,188.55312914767802,13.365868645745355,189.45603832058384,14.904590503589526
198.17356666666672,nan,189.61299266493057,15.445178882495776,188.18138679606125,14.126522579708615,180.30661313476566,11.631289095491976,188.3808929199219,15.45943141627956,189.07165151909726,13.860336716110641,189.61299266493057,15.445178882495776,188.3808929199219,15.45943141627956,180.30661313476566,11.631289095491976,189.07165151909726,13.860336716110641,189.61299266493057,15.445178882495776
198.46060833333337,nan,190.04038382568365,15.74373977248733,188.68585179578997,14.520661225190034,180.84464662272137,11.893295700485641,188.81382132568365,15.816610800253379,189.52624147135418,14.221927127322635,190.04038382568365,15.74373977248733,188.81382132568365,15.816610800253379,180.84464662272137,11.893295700485641,189.52624147135418,14.221927127322635,190.04038382568365,15.74373977248733
199.03469166666673,nan,190.8499119696724,16.07369087837838,189.36471723361552,14.7461877771326,181.8798709065756,12.048449542071369,189.54761586100267,16.16497802734375,190.26312845458995,14.529285327808276,190.8499119696724,16.07369087837838,189.54761586100267,16.16497802734375,181.8798709065756,12.048449542071369,190.26312845458995,14.529285327808276,190.8499119696724,16.07369087837838
199.36000555555563,nan,191.13659992947055,16.642202016469593,189.7360304375543,15.228817501583615,182.57708726128476,12.069225414379224,189.81189289822055,16.66665237014358,190.63791981472446,15.06351120407517,191.13659992947055,16.642202016469593,189.81189289822055,16.66665237014358,182.57708726128476,12.069225414379224,190.63791981472446,15.06351120407517,191.13659992947055,16.642202016469593
199.72359166666672,nan,191.36327062174485,17.22731636665963,190.1105240397136,15.672305545291385,183.27071928439676,11.930078454919764,190.14849723171665,17.07732329497466,191.04116267089853,15.634858002533784,191.36327062174485,17.22731636665963,190.14849723171665,17.07732329497466,183.27071928439676,11.930078454919764,191.04116267089853,15.634858002533784,191.36327062174485,17.22731636665963
200.01063333333343,nan,191.57766943223749,17.66532279349662,190.46998815782342,16.04844706767314,183.66942816026483,11.97534922006968,190.40572491997625,17.43577781883446,191.38667940809472,16.13872466216216,191.57766943223749,17.66532279349662,190.40572491997625,17.43577781883446,183.66942816026483,11.97534922006968,191.38667940809472,16.13872466216216,191.57766943223749,17.66532279349662
200.37421944444446,nan,191.9543518229167,17.78168384448902,190.81134899495447,16.222997716955238,183.87855972222223,12.119912637246621,190.74568110080298,17.58300616290118,191.70385421685114,16.218189136402028,191.9543518229167,17.78168384448902,190.74568110080298,17.58300616290118,183.87855972222223,12.119912637246621,191.70385421685114,16.218189136402028,191.9543518229167,17.78168384448902
200.79521388888895,nan,192.31960336778434,17.694332638302363,191.12490121934684,16.321887866870778,183.90888847656254,12.53545482738598,191.1651581434462,17.57126926731419,192.02890224338114,16.23535816089527,192.31960336778434,17.694332638302363,191.1651581434462,17.57126926731419,183.90888847656254,12.53545482738598,192.02890224338114,16.23535816089527,192.31960336778434,17.694332638302363
201.1779361111112,nan,192.70852065836596,17.70287261138091,191.54899510498058,16.375593855574323,183.82743155381957,13.26109520164696,191.61342195095494,17.61309154613598,192.44168004150401,16.256745209565032,192.70852065836596,17.70287261138091,191.61342195095494,17.61309154613598,183.82743155381957,13.26109520164696,192.44168004150401,16.256745209565032,192.70852065836596,17.70287261138091
201.59893055555557,nan,193.1847536146376,17.900047508445947,191.8983580118815,16.638701567778718,184.03591006130642,13.603320147540119,191.97995947265628,17.857311351879222,192.80036267768014,16.45567527977196,193.1847536146376,17.900047508445947,191.97995947265628,17.857311351879222,184.03591006130642,13.603320147540119,192.80036267768014,16.45567527977196,193.1847536146376,17.900047508445947
201.90510833333337,nan,193.56703714599615,18.01772164009713,192.2547253377279,16.832699337521113,184.50580447319885,13.767074997360641,192.35433301730689,18.131073822846282,193.16725602484814,16.61366890572213,193.56703714599615,18.01772164009713,192.35433301730689,18.131073822846282,184.50580447319885,13.767074997360641,193.16725602484814,16.61366890572213,193.56703714599615,18.01772164009713
202.364375,nan,194.15386559380426,18.24831246040963,192.6924779595269,16.979820457664697,185.00054443359375,14.083920040646115,192.83157368977868,18.29841572529561,193.61494890001086,16.751047495249157,194.15386559380426,18.24831246040963,192.83157368977868,18.29841572529561,185.00054443359375,14.083920040646115,193.61494890001086,16.751047495249157,194.15386559380426,18.24831246040963
202.74709722222218,nan,194.4311521267361,18.478763064822637,193.07335641140406,17.17124980204814,185.49989127604164,14.135509594066724,193.17028702121308,18.47228179106841,193.9998090481228,16.96687275654561,194.4311521267361,18.478763064822637,193.17028702121308,18.47228179106841,185.49989127604164,14.135509594066724,193.9998090481228,16.96687275654561,194.4311521267361,18.478763064822637
203.07241111111114,nan,194.65321063774962,18.90463669235642,193.31420781656908,17.455455883129222,185.9149285400391,14.098956133868244,193.4092073418512,18.856366131756758,194.2038621880426,17.25682109111064,194.65321063774962,18.90463669235642,193.4092073418512,18.856366131756758,185.9149285400391,14.098956133868244,194.2038621880426,17.25682109111064,194.65321063774962,18.90463669235642
203.378588888889,nan,194.7141372897679,19.693796518686657,193.75251229654958,17.983056970544762,186.60580412597665,14.11416873416385,193.6237518527562,19.39803169869088,194.66225486382388,17.95991969752956,194.7141372897679,19.693796518686657,193.6237518527562,19.39803169869088,186.60580412597665,14.11416873416385,194.66225486382388,17.95991969752956,194.7141372897679,19.693796518686657
203.76131111111118,nan,195.0018472710504,20.657855059649492,194.24478329942497,18.73014872782939,187.3637620117188,14.409265466638514,193.96651893581821,20.236285235430742,195.07597446831602,18.89916332347973,195.0018472710504,20.657855059649492,193.96651893581821,20.236285235430742,187.3637620117188,14.409265466638514,195.07597446831602,18.89916332347973,195.0018472710504,20.657855059649492
204.18230555555562,nan,195.4542426079645,21.472570470861488,194.8081024034289,19.69733985694679,188.25726520453566,15.032495447107264,194.44104375542543,21.099355336782093,195.69425403510206,19.941150562183278,195.4542426079645,21.472570470861488,194.44104375542543,21.099355336782093,188.25726520453566,15.032495447107264,195.69425403510206,19.941150562183278,195.4542426079645,21.472570470861488
204.58416388888895,nan,196.0834212944879,22.12690693623311,195.24485589192716,20.356394174936657,188.96148152940543,15.902548300253379,194.88172468668625,21.85004486908784,196.09884538709855,20.6139196447424,196.0834212944879,22.12690693623311,194.88172468668625,21.85004486908784,188.96148152940543,15.902548300253379,196.09884538709855,20.6139196447424,196.0834212944879,22.12690693623311
204.81379722222232,nan,196.27701845431864,22.733909813133447,195.4597110880535,21.05307419235642,189.28044998643674,16.87095188450169,195.15478792453348,22.39012187236064,196.31773738064243,21.30802463840794,196.27701845431864,22.733909813133447,195.15478792453348,22.39012187236064,189.28044998643674,16.87095188450169,196.31773738064243,21.30802463840794,196.27701845431864,22.733909813133447
205.2156555555556,nan,196.6284651394315,23.079606339738177,195.69842329644104,21.536286225190032,189.6406484347874,17.021326013513512,195.53051982014983,22.862957928631758,196.61461948377826,21.74013209987331,196.6284651394315,23.079606339738177,195.53051982014983,22.862957928631758,189.6406484347874,17.021326013513512,196.61461948377826,21.74013209987331,196.6284651394315,23.079606339738177
205.6366500000001,nan,197.1040106024849,23.461267419763512,196.06893234185122,21.952973236908782,190.1320638861763,16.897681983741553,195.96840150553396,23.26710469013936,196.98828201226138,22.08637959248311,197.1040106024849,23.461267419763512,195.96840150553396,23.26710469013936,190.1320638861763,16.897681983741553,196.98828201226138,22.08637959248311,197.1040106024849,23.461267419763512
205.8854194444445,nan,197.33081671549485,23.67981121991132,196.27252983669712,22.16726932010135,190.6483605929905,16.71592093802787,196.11601704644102,23.53504242768159,197.21426923692496,22.293420740076012,197.33081671549485,23.67981121991132,196.11601704644102,23.53504242768159,190.6483605929905,16.71592093802787,197.21426923692496,22.293420740076012,197.33081671549485,23.67981121991132
206.24900555555564,nan,197.65092121175138,23.763219884923988,196.5482143025717,22.2802453943201,191.1750801133898,16.60095379803632,196.5079090589736,23.65574192356419,197.54025260552305,22.29072364600929,197.65092121175138,23.763219884923988,196.5079090589736,23.65574192356419,191.1750801133898,16.60095379803632,197.54025260552305,22.29072364600929,197.65092121175138,23.763219884923988
206.5169111111112,nan,197.99901339925134,23.81615551097973,196.95182050781256,22.3424072265625,191.4910135552301,16.65084591427365,196.85834855685772,23.67429496146537,197.87989566243493,22.43377850506757,197.99901339925134,23.81615551097973,196.85834855685772,23.67429496146537,191.4910135552301,16.65084591427365,197.87989566243493,22.43377850506757,197.99901339925134,23.81615551097973
206.84222500000004,nan,198.3534944634332,23.974559887035472,197.43942348632817,22.431663719383447,191.72420674370665,17.012066815350508,197.22499002821183,23.785674224028718,198.37537471923832,22.57976635082348,198.3534944634332,23.974559887035472,197.22499002821183,23.785674224028718,191.72420674370665,17.012066815350508,198.37537471923832,22.57976635082348,198.3534944634332,23.974559887035472
207.30149166666666,nan,198.57342278510203,23.913293786951012,197.7299940673828,22.363733240076012,191.95945573730467,17.134754077808278,197.58347069769968,23.68315825591216,198.61989342719187,22.430763038429053,198.57342278510203,23.913293786951012,197.58347069769968,23.68315825591216,191.95945573730467,17.134754077808278,198.61989342719187,22.430763038429053,198.57342278510203,23.913293786951012
207.53112500000003,nan,198.78332989501956,24.00064994193412,197.90791790771488,22.44854901288007,191.59256366644968,17.457265493032093,197.75729246690543,23.739830223289697,198.80412338595926,22.56635841163429,198.78332989501956,24.00064994193412,197.75729246690543,23.739830223289697,191.59256366644968,17.457265493032093,198.80412338595926,22.56635841163429,198.78332989501956,24.00064994193412
207.89471111111118,nan,199.0771952080621,24.01725315403294,198.13802945692282,22.598481049408782,191.3784588053386,17.99336036475929,198.15452166476786,23.809337719066722,199.10547737358945,22.64080150707348,199.0771952080621,24.01725315403294,198.15452166476786,23.809337719066722,191.3784588053386,17.99336036475929,199.10547737358945,22.64080150707348,199.0771952080621,24.01725315403294
208.2582972222222,nan,199.41872813042534,23.75079510663007,198.386418492296,22.490455421241553,191.20930125054252,18.480579273120778,198.497132027181,23.675085119298988,199.30012325846354,22.471425649282093,199.41872813042534,23.75079510663007,198.497132027181,23.675085119298988,191.20930125054252,18.480579273120778,199.30012325846354,22.471425649282093,199.41872813042534,23.75079510663007
208.71756388888895,nan,199.75752157118063,23.398726179793073,198.63025648871536,22.227189347550677,191.2241828125001,18.756176097972972,198.90054728732645,23.402135900548988,199.625292296007,22.15407417915963,199.75752157118063,23.398726179793073,198.90054728732645,23.402135900548988,191.2241828125001,18.756176097972972,199.625292296007,22.15407417915963,199.75752157118063,23.398726179793073
208.90892500000007,nan,200.04448408203132,23.0056812183277,198.74323913438587,22.12895903716216,191.16238535427522,18.851809939822637,199.0796945855035,23.23164986275338,199.67264688991975,21.816172006967907,200.04448408203132,23.0056812183277,199.0796945855035,23.23164986275338,191.16238535427522,18.851809939822637,199.67264688991975,21.816172006967907,200.04448408203132,23.0056812183277
209.25337500000006,nan,200.45838785129126,21.419756915118242,199.07918066406256,21.969688621727197,191.4232680528429,19.08691241290118,199.5788966810439,23.007226892419762,199.78793530951612,21.388579497466218,200.45838785129126,21.419756915118242,199.5788966810439,23.007226892419762,191.4232680528429,19.08691241290118,199.78793530951612,21.388579497466218,200.45838785129126,21.419756915118242
209.59782500000006,nan,200.55797667236334,20.949738373627532,199.27087746988934,21.616771801097972,191.74419917263458,19.28711102459882,200.0365592664931,22.49957935230152,199.91813495686853,20.914710792335303,200.55797667236334,20.949738373627532,200.0365592664931,22.49957935230152,191.74419917263458,19.28711102459882,199.91813495686853,20.914710792335303,200.55797667236334,20.949738373627532
209.8848666666667,nan,201.2094880791559,20.731156632706927,199.696814807129,20.889937117293073,192.13925950249575,19.42907879803632,200.5020439941407,21.648562869510137,200.22411617160378,20.138993546769427,201.2094880791559,20.731156632706927,200.5020439941407,21.648562869510137,192.13925950249575,19.42907879803632,200.22411617160378,20.138993546769427,201.2094880791559,20.731156632706927
210.43981388888898,nan,201.97465902913416,19.87455790751689,200.4227816894532,20.278478673986488,192.86589014214417,19.57455031936233,201.35795302870014,20.934802905933278,200.88512808430994,19.4483642578125,201.97465902913416,19.87455790751689,201.35795302870014,20.934802905933278,192.86589014214417,19.57455031936233,200.88512808430994,19.4483642578125,201.97465902913416,19.87455790751689
210.76512777777782,nan,202.37357283935552,19.499643686655407,200.77976010877825,19.721268937394427,193.2408340901693,19.7134349926098,201.70426301133904,20.400842615076012,201.1966446370443,18.9068323083826,202.37357283935552,19.499643686655407,201.70426301133904,20.400842615076012,193.2408340901693,19.7134349926098,201.1966446370443,18.9068323083826,202.37357283935552,19.499643686655407
211.12871388888897,nan,202.24213246799053,18.128856762035472,201.15854397379564,19.15229591163429,193.36429263780389,20.121991131756758,202.11414598388677,19.745636811127532,201.56555013156475,18.346066036739863,202.24213246799053,18.128856762035472,202.11414598388677,19.745636811127532,193.36429263780389,20.121991131756758,201.56555013156475,18.346066036739863,202.24213246799053,18.128856762035472
211.5497083333334,nan,202.86123770480697,17.932409338048988,201.354662862142,18.64337323163007,193.76783102756087,20.6256383947424,202.475263244629,19.084687104096282,201.6988791029189,17.759485193201012,202.86123770480697,17.932409338048988,202.475263244629,19.084687104096282,193.76783102756087,20.6256383947424,201.6988791029189,17.759485193201012,202.86123770480697,17.932409338048988
212.0472472222222,nan,202.38898306206596,16.585826976879222,201.76039639892576,17.958953032622468,194.49800202365452,21.086950353673988,202.8470171535916,18.286772856841218,201.9776552761502,17.023468842377532,202.38898306206596,16.585826976879222,202.8470171535916,18.286772856841218,194.49800202365452,21.086950353673988,201.9776552761502,17.023468842377532,202.38898306206596,16.585826976879222
212.44910555555566,nan,202.67142865532776,15.927419301625845,201.7584444430882,17.195756242081927,195.42408792317718,21.51826270850929,201.63720403917108,19.466636863914697,202.28193195800793,16.43650199271537,202.67142865532776,15.927419301625845,201.63720403917108,19.466636863914697,195.42408792317718,21.51826270850929,202.28193195800793,16.43650199271537,202.67142865532776,15.927419301625845
212.88923611111113,nan,203.13818071153435,15.209863611169764,202.95866529676653,17.37462884026605,196.3179860432943,21.39989409575591,203.7529047648112,17.013206688133447,202.71288519965282,15.71334426467483,203.13818071153435,15.209863611169764,203.7529047648112,17.013206688133447,196.3179860432943,21.39989409575591,202.71288519965282,15.71334426467483,203.13818071153435,15.209863611169764
213.19541388888888,nan,204.21807064751516,16.01514496674409,202.47705129258895,16.017804120038008,196.8358778238932,20.87469482421875,202.8900702609592,17.556873218433278,203.03632321099172,15.081805254961994,204.21807064751516,16.01514496674409,202.8900702609592,17.556873218433278,196.8358778238932,20.87469482421875,203.03632321099172,15.081805254961994,204.21807064751516,16.01514496674409
213.57813611111112,nan,203.81875873752176,13.833623937658361,203.43898104112418,15.291446170291385,197.35143628200956,20.033912452491553,204.57044398600266,15.414527686866554,203.46336204291453,14.298537795608109,203.81875873752176,13.833623937658361,204.57044398600266,15.414527686866554,197.35143628200956,20.033912452491553,203.46336204291453,14.298537795608109,203.81875873752176,13.833623937658361
214.1330833333334,nan,204.5460717841255,13.142202841269004,204.05588233778218,14.456676586254224,198.09450063747835,19.117101720861488,205.1058396131728,14.645842681059966,204.0763265719944,13.52747901710304,204.5460717841255,13.142202841269004,205.1058396131728,14.645842681059966,198.09450063747835,19.117101720861488,204.0763265719944,13.52747901710304,204.5460717841255,13.142202841269004
214.49666944444454,nan,205.10933440890847,12.28454672323691,204.53981875678176,13.781279692778716,198.4113575547961,18.47274532833615,205.57051265869148,14.0224609375,204.68371252848317,12.77291457717483,205.10933440890847,12.28454672323691,205.57051265869148,14.0224609375,198.4113575547961,18.47274532833615,204.68371252848317,12.77291457717483,205.10933440890847,12.28454672323691
214.80284722222223,nan,205.55372799343536,11.83336000184755,204.8610569593642,13.024918014938766,198.87281216091583,18.26411891627956,205.8618944973416,13.262094858530405,204.98103766547308,12.098793648384714,205.55372799343536,11.83336000184755,205.8618944973416,13.262094858530405,198.87281216091583,18.26411891627956,204.98103766547308,12.098793648384714,205.55372799343536,11.83336000184755
215.22384166666677,nan,206.56669817979616,11.732424349398226,205.100599818251,12.462344607791385,199.70823362087685,18.127545330975508,206.1555823215062,12.781544453388936,205.20066271837038,11.54248129354941,206.56669817979616,11.732424349398226,206.1555823215062,12.781544453388936,199.70823362087685,18.127545330975508,205.20066271837038,11.54248129354941,206.56669817979616,11.732424349398226
215.77878888888904,nan,207.39108849012598,11.09139767208615,205.83240573052313,11.868805756440034,200.73065249565985,17.742001095333613,206.87022633463556,12.222041774440456,205.92395337863513,10.937091724292651,207.39108849012598,11.09139767208615,206.87022633463556,12.222041774440456,200.73065249565985,17.742001095333613,205.92395337863513,10.937091724292651,207.39108849012598,11.09139767208615
216.16151111111122,nan,207.01649836154525,10.17633056640625,206.34544903157564,11.40235034839527,201.24180964084212,17.22339032147382,207.42615107150618,11.612482019372889,206.46595023193368,10.487957928631756,207.01649836154525,10.17633056640625,207.42615107150618,11.612482019372889,201.24180964084212,17.22339032147382,206.46595023193368,10.487957928631756,207.01649836154525,10.17633056640625
216.52509722222226,nan,207.39340539550784,9.684213174355996,206.7179818793403,10.964550121410474,201.26822059461807,16.58980415962838,207.76981259494357,10.980199865392736,206.81266436089413,9.98990280563767,207.39340539550784,9.684213174355996,207.76981259494357,10.980199865392736,201.26822059461807,16.58980415962838,206.81266436089413,9.98990280563767,207.39340539550784,9.684213174355996
216.92695555555565,nan,207.73558999565984,9.32859925966005,207.15594928927965,10.547928268845016,201.07470471462682,15.713888632284629,208.1620078762479,10.760833740234375,207.13670626085081,9.65357764991554,207.73558999565984,9.32859925966005,208.1620078762479,10.760833740234375,201.07470471462682,15.713888632284629,207.13670626085081,9.65357764991554,207.73558999565984,9.32859925966005
217.2714055555556,nan,207.9472495361328,8.980334307696369,207.3112759236654,10.111929403769004,200.8512259765625,14.859607593433276,208.32774863416887,10.387900687552786,207.2935062160916,9.286346435546875,207.9472495361328,8.980334307696369,208.32774863416887,10.387900687552786,200.8512259765625,14.859607593433276,207.2935062160916,9.286346435546875,207.9472495361328,8.980334307696369
217.80721666666676,nan,208.58072876519105,8.58998561549831,207.84286628417976,9.6039568926837,200.92989054904524,14.12678321632179,208.8275871500652,9.962709169130068,207.8445540757922,8.8083776525549,208.58072876519105,8.58998561549831,208.8275871500652,9.962709169130068,200.92989054904524,14.12678321632179,207.8445540757922,8.8083776525549,208.58072876519105,8.58998561549831
218.0942583333334,nan,209.68932821858732,8.77027027027027,208.13693716634123,9.311142380173141,201.19529016655827,13.713638718063766,209.12596355387382,9.78015879038218,208.28765670301658,8.494861499683276,209.68932821858732,8.77027027027027,209.12596355387382,9.78015879038218,201.19529016655827,13.713638718063766,208.28765670301658,8.494861499683276,209.68932821858732,8.77027027027027
218.4769805555556,nan,210.0890546657987,8.659493936074746,208.49690005696618,9.07552853146115,201.56090389539935,13.5485089276288,209.50614434000659,9.68609701620566,208.7365435777453,8.267447806693411,210.0890546657987,8.659493936074746,209.50614434000659,9.68609701620566,201.56090389539935,13.5485089276288,208.7365435777453,8.267447806693411,210.0890546657987,8.659493936074746
218.7640222222223,nan,210.04873851047103,8.824825802364865,208.47169603678395,9.169825373469171,201.7777212239584,13.71529079127956,209.51955353325747,9.782756908519849,208.73312486979177,8.382768785631335,210.04873851047103,8.824825802364865,209.51955353325747,9.782756908519849,201.7777212239584,13.71529079127956,208.73312486979177,8.382768785631335,210.04873851047103,8.824825802364865
219.31896944444452,nan,210.32802638346362,9.146015064136401,208.75117125379785,9.471853720175254,202.01549417046448,13.97074436497044,209.79901688232428,10.08262180637669,209.0259464409723,8.670509956978464,210.32802638346362,9.146015064136401,209.79901688232428,10.08262180637669,202.01549417046448,13.97074436497044,209.0259464409723,8.670509956978464,210.32802638346362,9.146015064136401
219.7016916666667,nan,210.49066176622182,9.937566808752111,209.10856303846577,10.13648780616554,202.13692149793843,14.414070747994089,209.81344110378694,10.913400186074746,209.67770654568147,9.453774941934121,210.49066176622182,9.937566808752111,209.81344110378694,10.913400186074746,202.13692149793843,14.414070747994089,209.67770654568147,9.453774941934121,210.49066176622182,9.937566808752111
220.0461416666667,nan,211.25908993598097,11.27295581714527,209.7200401516385,10.874569454708615,202.3042508653429,14.430408374683276,210.35309509684248,11.83837230785473,210.34622694634334,10.281621159733954,211.25908993598097,11.27295581714527,210.35309509684248,11.83837230785473,202.3042508653429,14.430408374683276,210.34622694634334,10.281621159733954,211.25908993598097,11.27295581714527
220.35231944444456,nan,211.8551177368165,12.093122327649915,210.25674432373057,11.521553658150339,202.68260949707042,14.024961729307432,210.84860986328135,12.58407922693201,210.98770050727006,10.956349140888936,211.8551177368165,12.093122327649915,210.84860986328135,12.58407922693201,202.68260949707042,14.024961729307432,210.98770050727006,10.956349140888936,211.8551177368165,12.093122327649915
220.60108888888897,nan,212.3462891520183,12.381185995565879,210.75155241699224,11.8336462072424,202.95095088161895,13.18220973659206,211.32604243435333,12.885448558910474,211.46107763129345,11.26428140176309,212.3462891520183,12.381185995565879,211.32604243435333,12.885448558910474,202.95095088161895,13.18220973659206,211.46107763129345,11.26428140176309,212.3462891520183,12.381185995565879
221.3665333333334,nan,213.06037336018886,12.713402825432855,211.49322112494582,11.883525951488599,203.73595539822054,12.64578576990076,211.97628980305996,13.089522903029984,212.2598862657336,11.36978396853885,213.06037336018886,12.713402825432855,211.97628980305996,13.089522903029984,203.73595539822054,12.64578576990076,212.2598862657336,11.36978396853885,213.06037336018886,12.713402825432855
221.51962222222232,nan,213.28245062527134,12.93256357553843,211.73926316596146,12.11684108424831,203.98972855902787,11.943388242979307,212.17403184271927,13.312043885926943,212.4906661268447,11.623029554212415,213.28245062527134,12.93256357553843,212.17403184271927,13.312043885926943,203.98972855902787,11.943388242979307,212.4906661268447,11.623029554212415,213.28245062527134,12.93256357553843
221.88320833333336,nan,213.56006363254124,13.619627256651182,212.16330883789067,12.237533156936234,204.42903895399309,11.482912630648226,212.39438031005864,13.65777587890625,213.00989782036675,11.935917209934544,213.56006363254124,13.619627256651182,212.39438031005864,13.65777587890625,204.42903895399309,11.482912630648226,213.00989782036675,11.935917209934544,213.56006363254124,13.619627256651182
222.18938611111116,nan,213.72022327609596,14.584362133129224,212.6870243896485,12.842144940350506,204.76037677951393,11.47657652158995,212.5933210137262,14.34419044288429,213.55608363444014,12.767629262563345,213.72022327609596,14.584362133129224,212.5933210137262,14.34419044288429,204.76037677951393,11.47657652158995,213.55608363444014,12.767629262563345,213.72022327609596,14.584362133129224
222.62951666666675,nan,214.2203123955622,15.30887913059544,213.14813493245452,13.691369958826014,205.5032824001737,11.69822899070946,213.02454297960082,15.168909021326014,214.02685129530175,13.614878061655405,214.2203123955622,15.30887913059544,213.02454297960082,15.168909021326014,205.5032824001737,11.69822899070946,214.02685129530175,13.614878061655405,214.2203123955622,15.30887913059544
222.9356944444445,nan,214.47512654622403,16.320810678842907,213.53250383165152,14.613459406672296,206.0681932915582,12.195089804159629,213.33153116861985,16.075883195206927,214.4471003892687,14.665938093855575,214.47512654622403,16.320810678842907,213.33153116861985,16.075883195206927,206.0681932915582,12.195089804159629,214.4471003892687,14.665938093855575,214.47512654622403,16.320810678842907
223.24187222222224,nan,214.79718278944227,16.88313087257179,213.78863617214625,15.244858200485641,206.4472656955295,12.287351041226774,213.7152761528863,16.56593776393581,214.7278833034939,15.34616501266892,214.79718278944227,16.88313087257179,213.7152761528863,16.56593776393581,206.4472656955295,12.287351041226774,214.7278833034939,15.34616501266892,214.79718278944227,16.88313087257179
223.54805000000005,nan,215.16021481526695,17.299590239653718,214.1102736463759,15.60230152027027,207.01371942003044,11.986765268686655,213.97017253146703,17.0862096838049,215.04895196397575,15.7318115234375,215.16021481526695,17.299590239653718,213.97017253146703,17.0862096838049,207.01371942003044,11.986765268686655,215.04895196397575,15.7318115234375,215.16021481526695,17.299590239653718
223.873363888889,nan,215.4757062825522,17.64500633445946,214.4462619059246,15.93608299461571,207.45570709635427,11.649897394953546,214.30277079671237,17.39177147117821,215.417669478353,16.01909080711571,215.4757062825522,17.64500633445946,214.30277079671237,17.39177147117821,207.45570709635427,11.649897394953546,215.417669478353,16.01909080711571,215.4757062825522,17.64500633445946
224.33263055555562,nan,215.9045460761177,18.164255503061657,214.96209968532992,16.357959644214528,208.091745138889,11.68429977829392,214.65486905381954,17.842892208614863,215.89833744439028,16.48463398701436,215.9045460761177,18.164255503061657,214.65486905381954,17.842892208614863,208.091745138889,11.68429977829392,215.89833744439028,16.48463398701436,215.9045460761177,18.164255503061657
224.7153527777778,nan,216.2186707166884,18.755902264569258,215.31480702175566,16.976451976879222,208.82789821506083,12.17941696579392,214.93745886366105,18.48098342483108,216.19456267768015,17.09511421822213,216.2186707166884,18.755902264569258,214.93745886366105,18.48098342483108,208.82789821506083,12.17941696579392,216.19456267768015,17.09511421822213,216.2186707166884,18.755902264569258
224.94498611111118,nan,216.27660876464853,19.4974365234375,215.54795581054697,17.66611130173142,209.7635726725261,12.722266944679054,215.15833958604605,19.165048960092907,216.41633943006735,17.84046729835304,216.27660876464853,19.4974365234375,215.15833958604605,19.165048960092907,209.7635726725261,12.722266944679054,216.41633943006735,17.84046729835304,216.27660876464853,19.4974365234375
225.28943611111117,nan,216.7487943264432,20.47855686497044,215.95206089409731,18.580434438344593,210.33622973090286,13.46404286977407,215.5324797987197,20.10690060177365,216.86496626926004,18.933006492820947,216.7487943264432,20.47855686497044,215.5324797987197,20.10690060177365,210.33622973090286,13.46404286977407,216.86496626926004,18.933006492820947,216.7487943264432,20.47855686497044
225.7104305555556,nan,217.07264114718964,21.43530768317145,216.50406899685328,19.57493632548564,210.88265142144098,14.448672732791385,215.90829127332898,20.998050174197637,217.33015101453992,19.89934642894848,217.07264114718964,21.43530768317145,215.90829127332898,20.998050174197637,210.88265142144098,14.448672732791385,217.33015101453992,19.89934642894848,217.07264114718964,21.43530768317145
225.95920000000007,nan,217.40138360053174,22.179575327280407,216.74465633951826,20.42484592747044,211.17978105468757,15.43343703811233,216.25889702826612,21.86354518581081,217.58101939019105,20.71377975876267,217.40138360053174,22.179575327280407,216.25889702826612,21.86354518581081,211.17978105468757,15.43343703811233,217.58101939019105,20.71377975876267,217.40138360053174,22.179575327280407
226.28451388888897,nan,217.68107116699218,23.032765981313343,216.92932573106555,21.28156342377534,211.4601781548394,16.12144676414696,216.65097235785595,22.638769201330238,217.8410366821289,21.609262827280407,217.68107116699218,23.032765981313343,216.65097235785595,22.638769201330238,211.4601781548394,16.12144676414696,217.8410366821289,21.609262827280407,217.68107116699218,23.032765981313343
226.6289638888889,nan,217.99836137017144,23.71099028716216,217.2086698689779,21.918590648754222,212.00600348036028,16.35172416068412,216.9207644938151,23.287670238597972,218.09850904134117,22.22574924778294,217.99836137017144,23.71099028716216,216.9207644938151,23.287670238597972,212.00600348036028,16.35172416068412,218.09850904134117,22.22574924778294,217.99836137017144,23.71099028716216
226.87773333333337,nan,218.16019979790588,24.203854122677363,217.45544465060772,22.45275054106841,212.53902042914507,16.49175860430743,217.10191207139763,23.93514602248733,218.3230856757271,22.735823347761823,218.16019979790588,24.203854122677363,217.10191207139763,23.93514602248733,212.53902042914507,16.49175860430743,218.3230856757271,22.735823347761823,218.16019979790588,24.203854122677363
227.3944083333334,nan,218.55757395562068,24.68896319415118,217.92802344563808,22.86503807274071,213.3959596435547,16.587913719383447,217.5970264024523,24.32513592694257,218.7751854804145,23.15246746991132,218.55757395562068,24.68896319415118,217.5970264024523,24.32513592694257,213.3959596435547,16.587913719383447,218.7751854804145,23.15246746991132,218.55757395562068,24.68896319415118
227.7197222222223,nan,218.93530008951836,25.05297026763091,218.2467379082575,23.282086346600508,214.03592926025402,16.944631215688343,217.83446153428832,24.76417500263936,219.08060360378698,23.51671043602196,218.93530008951836,25.05297026763091,217.83446153428832,24.76417500263936,214.03592926025402,16.944631215688343,219.08060360378698,23.51671043602196,218.93530008951836,25.05297026763091
228.08330833333338,nan,219.28862381727436,25.76558540962838,218.70149104546442,23.876996014569258,214.51385032552088,17.43225262616132,218.12591934950092,25.359657081397803,219.52461116265192,24.309634646853887,219.28862381727436,25.76558540962838,218.12591934950092,25.359657081397803,214.51385032552088,17.43225262616132,219.52461116265192,24.309634646853887,219.28862381727436,25.76558540962838
228.40862222222228,nan,219.35926343044719,26.54901288006757,218.9484739407011,24.66615749049831,214.89027268066417,18.20475315403294,218.26348485921233,26.032934240392738,219.7415189846464,25.085663666596282,219.35926343044719,26.54901288006757,218.26348485921233,26.032934240392738,214.89027268066417,18.20475315403294,219.7415189846464,25.085663666596282,219.35926343044719,26.54901288006757
228.9444333333334,nan,219.5432780734593,27.372271563555742,219.39736844618062,25.502255001583613,215.31392745361336,19.08811991923564,218.5493527669272,26.910682472022803,220.11625577528218,25.934471336570947,219.5432780734593,27.372271563555742,218.5493527669272,26.910682472022803,215.31392745361336,19.08811991923564,220.11625577528218,25.934471336570947,219.5432780734593,27.372271563555742
229.2697472222223,nan,220.009673030599,27.88752705342061,219.66135810953784,26.033858015730573,215.39103509792756,20.273176863386823,218.90978052029084,27.417675121410472,220.40872596842456,26.389117266680742,220.009673030599,27.88752705342061,218.90978052029084,27.417675121410472,215.39103509792756,20.273176863386823,220.40872596842456,26.389117266680742,220.009673030599,27.88752705342061
